NOW,TEAM_ID,millis,count,altp,temp,umi,p,gx,gy,gz,ax,ay,az,vz,maxAltitude,state,hora,data,alt,lat,lon,sat,parachute,rssi
2026-08-31 01:17:15,#11,2,1,0.00,15.00,0.00,1013.25,0.0000,0.0000,-0.0000,0.0000,0.0000,0.0000,0.0000,0.00,0,0,0,0.00,-21.943050,-48.954090,10,0,-50
2026-08-31 01:17:15,#11,2,2,0.00,15.00,0.00,1013.25,0.0000,0.0000,-0.0000,0.0000,0.0000,0.0000,0.0000,0.00,0,0,0,0.00,-21.943050,-48.954090,10,0,-50
2026-08-31 01:17:16,#11,2,3,0.00,15.00,0.00,1013.25,0.0000,0.0000,-0.0000,0.0000,0.0000,0.0000,0.0000,0.00,0,0,0,0.00,-21.943050,-48.954090,10,0,-50
2026-08-31 01:17:16,#11,2,4,0.00,15.00,0.00,1013.25,0.0000,0.0000,-0.0000,0.0000,0.0000,0.0000,0.0000,0.00,0,0,0,0.00,-21.943050,-48.954090,10,0,-50
2026-08-31 01:17:17,#11,2,5,0.00,15.00,0.00,1013.25,0.0000,0.0000,-0.0000,0.0000,0.0000,0.0000,0.0000,0.00,0,0,0,0.00,-21.943050,-48.954090,10,0,-50
2026-08-31 01:17:17,#11,3,6,0.00,15.00,0.00,1013.25,0.0000,0.0000,0.0000,0.0000,0.0000,0.0000,0.0000,0.00,0,0,0,0.00,-21.943050,-48.954090,10,0,-50
2026-08-31 01:17:18,#11,3,7,0.00,15.00,0.00,1013.25,0.0000,0.0000,0.0000,0.0000,0.0000,0.0000,0.0000,0.00,0,0,0,0.00,-21.943050,-48.954090,10,0,-50
2026-08-31 01:17:18,#11,3,8,-0.00,15.00,0.00,1013.25,-0.0000,-0.0000,0.0000,-0.0000,-0.0000,-0.0000,-0.0000,0.00,0,0,0,-0.00,-21.943050,-48.954090,10,0,-50
2026-08-31 01:17:19,#11,3,9,-0.00,15.00,0.00,1013.25,-0.0000,-0.0000,0.0000,-0.0000,-0.0000,-0.0000,-0.0000,0.00,0,0,0,-0.00,-21.943050,-48.954090,10,0,-50
2026-08-31 01:17:19,#11,3,10,-0.00,15.00,0.00,1013.25,-0.0000,-0.0000,0.0000,-0.0000,-0.0000,-0.0000,-0.0000,0.00,0,0,0,-0.00,-21.943050,-48.954090,10,0,-50
2026-08-31 01:17:20,#11,3,11,-0.00,15.00,0.00,1013.25,-0.0000,-0.0000,0.0000,-0.0000,-0.0000,-0.0000,-0.0000,0.00,0,0,0,-0.00,-21.943050,-48.954090,10,0,-50
2026-08-31 01:17:20,#11,3,12,-0.00,15.00,0.00,1013.25,-0.0000,-0.0000,0.0000,-0.0000,-0.0000,-0.0000,-0.0000,0.00,0,0,0,-0.00,-21.943050,-48.954090,10,0,-50
2026-08-31 01:17:21,#11,3,13,-0.00,15.00,0.00,1013.25,-0.0000,-0.0000,0.0000,-0.0000,-0.0000,-0.0000,-0.0000,0.00,0,0,0,-0.00,-21.943050,-48.954090,10,0,-50
2026-08-31 01:17:21,#11,4,14,-0.00,15.00,0.00,1013.25,-0.0000,-0.0000,0.0000,-0.0000,-0.0000,-0.0000,-0.0000,0.00,0,0,0,-0.00,-21.943050,-48.954090,10,0,-50
2026-08-31 01:17:22,#11,4,15,-0.00,15.00,0.00,1013.25,-0.0000,-0.0000,0.0000,-0.0000,-0.0000,-0.0000,-0.0000,0.00,0,0,0,-0.00,-21.943050,-48.954090,10,0,-50
2026-08-31 01:17:22,#11,4,16,-0.00,15.00,0.00,1013.25,-0.0000,-0.0000,0.0000,-0.0000,-0.0000,-0.0000,-0.0000,0.00,0,0,0,-0.00,-21.943050,-48.954090,10,0,-50
2026-08-31 01:17:23,#11,4,17,-0.00,15.00,0.00,1013.25,-0.0000,-0.0000,0.0000,-0.0000,-0.0000,-0.0000,-0.0000,0.00,0,0,0,-0.00,-21.943050,-48.954090,10,0,-50
2026-08-31 01:17:23,#11,4,18,-0.00,15.00,0.00,1013.25,-0.0000,-0.0000,0.0000,-0.0000,-0.0000,-0.0000,-0.0000,0.00,0,0,0,-0.00,-21.943050,-48.954090,10,0,-50
2026-08-31 01:17:24,#11,4,19,-0.00,15.00,0.00,1013.25,-0.0000,-0.0000,0.0000,-0.0000,-0.0000,-0.0000,-0.0000,0.00,0,0,0,-0.00,-21.943050,-48.954090,10,0,-50
2026-08-31 01:17:24,#11,4,20,-0.00,15.00,0.00,1013.25,-0.0000,-0.0000,0.0000,-0.0000,-0.0000,-0.0000,-0.0000,0.00,0,0,0,-0.00,-21.943050,-48.954090,10,0,-50
2026-08-31 01:17:25,#11,4,21,-0.00,15.00,0.00,1013.25,-0.0000,-0.0000,0.0000,-0.0000,-0.0000,-0.0000,-0.0000,0.00,0,0,0,-0.00,-21.943050,-48.954090,10,0,-50
2026-08-31 01:17:25,#11,4,22,-0.00,15.00,0.00,1013.25,-0.0000,-0.0000,0.0000,-0.0000,-0.0000,-0.0000,-0.0000,0.00,0,0,0,-0.00,-21.943050,-48.954090,10,0,-50
2026-08-31 01:17:26,#11,5,23,-0.00,15.00,0.00,1013.25,-0.0000,-0.0000,0.0000,-0.0000,-0.0000,-0.0000,-0.0000,0.00,0,0,0,-0.00,-21.943050,-48.954090,10,0,-50
2026-08-31 01:17:26,#11,5,24,-0.00,15.00,0.00,1013.25,-0.0000,-0.0000,0.0000,-0.0000,-0.0000,-0.0000,-0.0000,0.00,0,0,0,-0.00,-21.943050,-48.954090,10,0,-50
2026-08-31 01:17:27,#11,5,25,-0.00,15.00,0.00,1013.25,-0.0000,-0.0000,0.0000,-0.0000,-0.0000,-0.0000,-0.0000,0.00,0,0,0,-0.00,-21.943050,-48.954090,10,0,-50
2026-08-31 01:17:27,#11,5,26,-0.00,15.00,0.00,1013.25,-0.0000,-0.0000,0.0000,-0.0000,-0.0000,-0.0000,-0.0000,0.00,0,0,0,-0.00,-21.943050,-48.954090,10,0,-50
2026-08-31 01:17:28,#11,5,27,-0.00,15.00,0.00,1013.25,-0.0000,-0.0000,0.0000,-0.0000,-0.0000,-0.0000,-0.0000,0.00,0,0,0,-0.00,-21.943050,-48.954090,10,0,-50
2026-08-31 01:17:28,#11,5,28,-0.00,15.00,0.00,1013.25,-0.0000,-0.0000,0.0000,-0.0000,-0.0000,-0.0000,-0.0000,0.00,0,0,0,-0.00,-21.943050,-48.954090,10,0,-50
2026-08-31 01:17:29,#11,5,29,-0.00,15.00,0.00,1013.25,-0.0000,-0.0000,0.0000,-0.0000,-0.0000,-0.0000,-0.0000,0.00,0,0,0,-0.00,-21.943050,-48.954090,10,0,-50
2026-08-31 01:17:29,#11,5,30,-0.00,15.00,0.00,1013.25,-0.0000,-0.0000,0.0000,-0.0000,-0.0000,-0.0000,-0.0000,0.00,0,0,0,-0.00,-21.943050,-48.954090,10,0,-50
2026-08-31 01:17:30,#11,5,31,-0.00,15.00,0.00,1013.25,-0.0000,-0.0000,0.0000,-0.0000,-0.0000,-0.0000,-0.0000,0.00,0,0,0,-0.00,-21.943050,-48.954090,10,0,-50
2026-08-31 01:17:30,#11,5,32,-0.00,15.00,0.00,1013.25,-0.0000,-0.0000,0.0000,-0.0000,-0.0000,-0.0000,-0.0000,0.00,0,0,0,-0.00,-21.943050,-48.954090,10,0,-50
2026-08-31 01:17:31,#11,5,33,-0.00,15.00,0.00,1013.25,-0.0000,-0.0000,0.0000,-0.0000,-0.0000,-0.0000,-0.0000,0.00,0,0,0,-0.00,-21.943050,-48.954090,10,0,-50
2026-08-31 01:17:31,#11,5,34,-0.00,15.00,0.00,1013.25,-0.0000,-0.0000,0.0000,-0.0000,-0.0000,-0.0000,-0.0000,0.00,0,0,0,-0.00,-21.943050,-48.954090,10,0,-50
2026-08-31 01:17:32,#11,5,35,-0.00,15.00,0.00,1013.25,-0.0000,-0.0000,0.0000,-0.0000,-0.0000,-0.0000,-0.0000,0.00,0,0,0,-0.00,-21.943050,-48.954090,10,0,-50
2026-08-31 01:17:32,#11,5,36,-0.00,15.00,0.00,1013.25,-0.0000,-0.0000,0.0000,-0.0000,-0.0000,-0.0000,-0.0000,0.00,0,0,0,-0.00,-21.943050,-48.954090,10,0,-50
2026-08-31 01:17:33,#11,5,37,-0.00,15.00,0.00,1013.25,-0.0000,-0.0000,0.0000,-0.0000,-0.0000,-0.0000,-0.0000,0.00,0,0,0,-0.00,-21.943050,-48.954090,10,0,-50
2026-08-31 01:17:33,#11,5,38,-0.00,15.00,0.00,1013.25,-0.0000,-0.0000,0.0000,-0.0000,-0.0000,-0.0000,-0.0000,0.00,0,0,0,-0.00,-21.943050,-48.954090,10,0,-50
2026-08-31 01:17:34,#11,6,39,-0.00,15.00,0.00,1013.25,-0.0000,-0.0000,0.0000,-0.0000,-0.0000,-0.0000,-0.0000,0.00,0,0,0,-0.00,-21.943050,-48.954090,10,0,-50
2026-08-31 01:17:34,#11,6,40,-0.00,15.00,0.00,1013.25,-0.0000,-0.0000,0.0000,-0.0000,-0.0000,-0.0000,-0.0000,0.00,0,0,0,-0.00,-21.943050,-48.954090,10,0,-50
2026-08-31 01:17:35,#11,6,41,-0.00,15.00,0.00,1013.25,-0.0000,-0.0000,0.0000,-0.0000,-0.0000,-0.0000,-0.0000,0.00,0,0,0,-0.00,-21.943050,-48.954090,10,0,-50
2026-08-31 01:17:35,#11,6,42,-0.00,15.00,0.00,1013.25,-0.0000,-0.0000,0.0000,-0.0000,-0.0000,-0.0000,-0.0000,0.00,0,0,0,-0.00,-21.943050,-48.954090,10,0,-50
2026-08-31 01:17:36,#11,6,43,0.00,15.00,0.00,1013.25,0.0000,-0.0000,0.0000,0.0000,0.0000,0.0000,0.0000,0.00,0,0,0,0.00,-21.943050,-48.954090,10,0,-50
2026-08-31 01:17:36,#11,6,44,0.00,15.00,0.00,1013.25,0.0000,0.0000,-0.0000,0.0000,0.0000,0.0000,0.0000,0.00,0,0,0,0.00,-21.943050,-48.954090,10,0,-50
2026-08-31 01:17:37,#11,6,45,0.00,15.00,0.00,1013.25,0.0000,0.0000,-0.0000,0.0000,0.0000,0.0000,0.0000,0.00,0,0,0,0.00,-21.943050,-48.954090,10,0,-50
2026-08-31 01:17:37,#11,6,46,0.00,15.00,0.00,1013.25,0.0000,0.0000,-0.0000,0.0000,0.0000,0.0000,0.0000,0.00,0,0,0,0.00,-21.943050,-48.954090,10,0,-50
2026-08-31 01:17:38,#11,6,47,0.00,15.00,0.00,1013.25,0.0000,0.0000,-0.0000,0.0000,0.0000,0.0000,0.0000,0.00,0,0,0,0.00,-21.943050,-48.954090,10,0,-50
2026-08-31 01:17:38,#11,6,48,0.00,15.00,0.00,1013.25,0.0000,0.0000,-0.0000,0.0000,0.0000,0.0000,0.0000,0.00,0,0,0,0.00,-21.943050,-48.954090,10,0,-50
2026-08-31 01:17:39,#11,6,49,0.00,15.00,0.00,1013.25,0.0000,0.0000,-0.0000,0.0000,0.0000,0.0000,0.0000,0.00,0,0,0,0.00,-21.943050,-48.954090,10,0,-50
2026-08-31 01:17:39,#11,6,50,0.00,15.00,0.00,1013.25,0.0000,0.0000,-0.0000,0.0000,0.0000,0.0000,0.0000,0.00,0,0,0,0.00,-21.943050,-48.954090,10,0,-50
2026-08-31 01:17:40,#11,7,51,0.00,15.00,0.00,1013.25,0.0000,0.0000,-0.0000,0.0000,0.0000,0.0000,0.0000,0.00,0,0,0,0.00,-21.943050,-48.954090,10,0,-50
2026-08-31 01:17:40,#11,7,52,0.00,15.00,0.00,1013.25,0.0000,0.0000,-0.0000,0.0000,0.0000,0.0000,0.0000,0.00,0,0,0,0.00,-21.943050,-48.954090,10,0,-50
2026-08-31 01:17:41,#11,7,53,0.00,15.00,0.00,1013.25,0.0000,0.0000,-0.0000,0.0000,0.0000,0.0000,0.0000,0.00,0,0,0,0.00,-21.943050,-48.954090,10,0,-50
2026-08-31 01:17:41,#11,7,54,0.00,15.00,0.00,1013.25,0.0000,0.0000,-0.0000,0.0000,0.0000,0.0000,0.0000,0.00,0,0,0,0.00,-21.943050,-48.954090,10,0,-50
2026-08-31 01:17:42,#11,7,55,0.00,15.00,0.00,1013.25,0.0000,0.0000,-0.0000,0.0000,0.0000,0.0000,0.0000,0.00,0,0,0,0.00,-21.943050,-48.954090,10,0,-50
2026-08-31 01:17:42,#11,7,56,0.00,15.00,0.00,1013.25,0.0000,0.0000,-0.0000,0.0000,0.0000,0.0000,0.0000,0.00,0,0,0,0.00,-21.943050,-48.954090,10,0,-50
2026-08-31 01:17:43,#11,7,57,0.00,15.00,0.00,1013.25,0.0000,0.0000,-0.0000,0.0000,0.0000,0.0000,0.0000,0.00,0,0,0,0.00,-21.943050,-48.954090,10,0,-50
2026-08-31 01:17:43,#11,7,58,0.00,15.00,0.00,1013.25,0.0000,0.0000,-0.0000,0.0000,0.0000,0.0000,0.0000,0.00,0,0,0,0.00,-21.943050,-48.954090,10,0,-50
2026-08-31 01:17:44,#11,7,59,0.00,15.00,0.00,1013.25,0.0000,0.0000,-0.0000,0.0000,0.0000,0.0000,0.0000,0.00,0,0,0,0.00,-21.943050,-48.954090,10,0,-50
2026-08-31 01:17:44,#11,8,60,0.00,15.00,0.00,1013.25,0.0000,0.0000,-0.0000,0.0000,0.0000,0.0000,0.0000,0.00,0,0,0,0.00,-21.943050,-48.954090,10,0,-50
2026-08-31 01:17:45,#11,8,61,0.00,15.00,0.00,1013.25,0.0000,0.0000,-0.0000,0.0000,0.0000,0.0000,0.0000,0.00,0,0,0,0.00,-21.943050,-48.954090,10,0,-50
2026-08-31 01:17:45,#11,8,62,0.00,15.00,0.00,1013.25,0.0000,0.0000,-0.0000,0.0000,0.0000,0.0000,0.0000,0.00,0,0,0,0.00,-21.943050,-48.954090,10,0,-50
2026-08-31 01:17:46,#11,9,63,0.00,15.00,0.00,1013.25,0.0000,0.0000,-0.0000,0.0000,0.0000,0.0000,0.0000,0.00,0,0,0,0.00,-21.943050,-48.954090,10,0,-50
2026-08-31 01:17:46,#11,9,64,0.00,15.00,0.00,1013.25,0.0000,0.0000,-0.0000,0.0000,0.0000,0.0000,0.0000,0.00,0,0,0,0.00,-21.943050,-48.954090,10,0,-50
2026-08-31 01:17:47,#11,9,65,0.00,15.00,0.00,1013.25,0.0000,0.0000,-0.0000,0.0000,0.0000,0.0000,0.0000,0.00,0,0,0,0.00,-21.943050,-48.954090,10,0,-50
2026-08-31 01:17:47,#11,9,66,0.00,15.00,0.00,1013.25,0.0000,0.0000,-0.0000,0.0000,0.0000,0.0000,0.0000,0.00,0,0,0,0.00,-21.943050,-48.954090,10,0,-50
2026-08-31 01:17:48,#11,9,67,0.00,15.00,0.00,1013.25,0.0000,0.0000,-0.0000,0.0000,0.0000,0.0000,0.0000,0.00,0,0,0,0.00,-21.943050,-48.954090,10,0,-50
2026-08-31 01:17:48,#11,9,68,0.00,15.00,0.00,1013.25,0.0000,0.0000,-0.0000,0.0000,0.0000,0.0000,0.0000,0.00,0,0,0,0.00,-21.943050,-48.954090,10,0,-50
2026-08-31 01:17:49,#11,9,69,0.00,15.00,0.00,1013.25,0.0000,0.0000,-0.0000,0.0000,0.0000,0.0000,0.0000,0.00,0,0,0,0.00,-21.943050,-48.954090,10,0,-50
2026-08-31 01:17:49,#11,9,70,0.00,15.00,0.00,1013.25,0.0000,0.0000,-0.0000,0.0000,0.0000,0.0000,0.0000,0.00,0,0,0,0.00,-21.943050,-48.954090,10,0,-50
2026-08-31 01:17:50,#11,9,71,0.00,15.00,0.00,1013.25,0.0000,0.0000,-0.0000,0.0000,0.0000,0.0000,0.0000,0.00,0,0,0,0.00,-21.943050,-48.954090,10,0,-50
2026-08-31 01:17:50,#11,9,72,0.00,15.00,0.00,1013.25,0.0000,0.0000,-0.0000,0.0000,0.0000,0.0000,0.0000,0.00,0,0,0,0.00,-21.943050,-48.954090,10,0,-50
2026-08-31 01:17:51,#11,9,73,0.00,15.00,0.00,1013.25,0.0000,0.0000,-0.0000,0.0000,0.0000,0.0000,0.0000,0.00,0,0,0,0.00,-21.943050,-48.954090,10,0,-50
2026-08-31 01:17:51,#11,9,74,0.00,15.00,0.00,1013.25,0.0000,0.0000,-0.0000,0.0000,0.0000,0.0000,0.0000,0.00,0,0,0,0.00,-21.943050,-48.954090,10,0,-50
2026-08-31 01:17:52,#11,9,75,0.00,15.00,0.00,1013.25,0.0000,0.0000,-0.0000,0.0000,0.0000,0.0000,0.0000,0.00,0,0,0,0.00,-21.943050,-48.954090,10,0,-50
2026-08-31 01:17:52,#11,9,76,0.00,15.00,0.00,1013.25,0.0000,0.0000,-0.0000,0.0000,0.0000,0.0000,0.0000,0.00,0,0,0,0.00,-21.943050,-48.954090,10,0,-50
2026-08-31 01:17:53,#11,9,77,0.00,15.00,0.00,1013.25,0.0000,0.0000,-0.0000,0.0000,0.0000,0.0000,0.0000,0.00,0,0,0,0.00,-21.943050,-48.954090,10,0,-50
2026-08-31 01:17:53,#11,9,78,0.00,15.00,0.00,1013.25,0.0000,0.0000,-0.0000,0.0000,0.0000,0.0000,0.0000,0.00,0,0,0,0.00,-21.943050,-48.954090,10,0,-50
2026-08-31 01:17:54,#11,9,79,0.00,15.00,0.00,1013.25,0.0000,0.0000,-0.0000,0.0000,0.0000,0.0000,0.0000,0.00,0,0,0,0.00,-21.943050,-48.954090,10,0,-50
2026-08-31 01:17:54,#11,10,80,0.00,15.00,0.00,1013.25,0.0000,0.0000,-0.0000,0.0000,0.0000,0.0000,0.0000,0.00,0,0,0,0.00,-21.943050,-48.954090,10,0,-50
2026-08-31 01:17:55,#11,10,81,0.00,15.00,0.00,1013.25,0.0000,0.0000,-0.0000,0.0000,0.0000,0.0000,0.0000,0.00,0,0,0,0.00,-21.943050,-48.954090,10,0,-50
2026-08-31 01:17:55,#11,10,82,0.00,15.00,0.00,1013.25,0.0000,0.0000,-0.0000,0.0000,0.0000,0.0000,0.0000,0.00,0,0,0,0.00,-21.943050,-48.954090,10,0,-50
2026-08-31 01:17:56,#11,10,83,0.00,15.00,0.00,1013.25,0.0000,0.0000,-0.0000,0.0000,0.0000,0.0000,0.0000,0.00,0,0,0,0.00,-21.943050,-48.954090,10,0,-50
2026-08-31 01:17:56,#11,10,84,0.00,15.00,0.00,1013.25,0.0000,0.0000,-0.0000,0.0000,0.0000,0.0000,0.0000,0.00,0,0,0,0.00,-21.943050,-48.954090,10,0,-50
2026-08-31 01:17:57,#11,10,85,0.00,15.00,0.00,1013.25,0.0000,0.0000,-0.0000,0.0000,0.0000,0.0000,0.0000,0.00,0,0,0,0.00,-21.943050,-48.954090,10,0,-50
2026-08-31 01:17:57,#11,11,86,0.00,15.00,0.00,1013.25,0.0000,0.0000,-0.0000,0.0000,0.0000,0.0000,0.0000,0.00,0,0,0,0.00,-21.943050,-48.954090,10,0,-50
2026-08-31 01:17:58,#11,11,87,0.00,15.00,0.00,1013.25,0.0000,0.0000,-0.0000,0.0000,0.0000,0.0000,0.0000,0.00,0,0,0,0.00,-21.943050,-48.954090,10,0,-50
2026-08-31 01:17:58,#11,11,88,0.00,15.00,0.00,1013.25,0.0000,0.0000,-0.0000,0.0000,0.0000,0.0000,0.0000,0.00,0,0,0,0.00,-21.943050,-48.954090,10,0,-50
2026-08-31 01:17:59,#11,11,89,0.00,15.00,0.00,1013.25,0.0000,0.0000,-0.0000,0.0000,0.0000,0.0000,0.0000,0.00,0,0,0,0.00,-21.943050,-48.954090,10,0,-50
2026-08-31 01:17:59,#11,11,90,0.00,15.00,0.00,1013.25,0.0000,0.0000,-0.0000,0.0000,0.0000,0.0000,0.0000,0.00,0,0,0,0.00,-21.943050,-48.954090,10,0,-50
2026-08-31 01:18:00,#11,11,91,0.00,15.00,0.00,1013.25,0.0000,0.0000,-0.0000,0.0000,0.0000,0.0000,0.0000,0.00,0,0,0,0.00,-21.943050,-48.954090,10,0,-50
2026-08-31 01:18:00,#11,11,92,0.00,15.00,0.00,1013.25,0.0000,0.0000,-0.0000,0.0000,0.0000,0.0000,0.0000,0.00,0,0,0,0.00,-21.943050,-48.954090,10,0,-50
2026-08-31 01:18:01,#11,11,93,0.00,15.00,0.00,1013.25,0.0000,0.0000,-0.0000,0.0000,0.0000,0.0000,0.0000,0.00,0,0,0,0.00,-21.943050,-48.954090,10,0,-50
2026-08-31 01:18:01,#11,11,94,0.00,15.00,0.00,1013.25,0.0000,0.0000,-0.0000,0.0000,0.0000,0.0000,0.0000,0.00,0,0,0,0.00,-21.943050,-48.954090,10,0,-50
2026-08-31 01:18:02,#11,11,95,0.00,15.00,0.00,1013.25,0.0000,0.0000,-0.0000,0.0000,0.0000,0.0000,0.0000,0.00,0,0,0,0.00,-21.943050,-48.954090,10,0,-50
2026-08-31 01:18:02,#11,11,96,0.00,15.00,0.00,1013.25,0.0000,0.0000,-0.0000,0.0000,0.0000,0.0000,0.0000,0.00,0,0,0,0.00,-21.943050,-48.954090,10,0,-50
2026-08-31 01:18:03,#11,11,97,0.00,15.00,0.00,1013.25,0.0000,0.0000,-0.0000,0.0000,0.0000,0.0000,0.0000,0.00,0,0,0,0.00,-21.943050,-48.954090,10,0,-50
2026-08-31 01:18:03,#11,12,98,-0.00,15.00,0.00,1013.25,-0.0000,-0.0000,0.0000,-0.0000,-0.0000,-0.0000,-0.0000,0.00,0,0,0,-0.00,-21.943050,-48.954090,10,0,-50
2026-08-31 01:18:04,#11,12,99,-0.00,15.00,0.00,1013.25,-0.0000,-0.0000,0.0000,-0.0000,-0.0000,-0.0000,-0.0000,0.00,0,0,0,-0.00,-21.943050,-48.954090,10,0,-50
2026-08-31 01:18:04,#11,12,100,-0.00,15.00,0.00,1013.25,-0.0000,-0.0000,0.0000,-0.0000,-0.0000,-0.0000,-0.0000,0.00,0,0,0,-0.00,-21.943050,-48.954090,10,0,-50
2026-08-31 01:18:05,#11,12,101,-0.00,15.00,0.00,1013.25,-0.0000,-0.0000,0.0000,-0.0000,-0.0000,-0.0000,-0.0000,0.00,0,0,0,-0.00,-21.943050,-48.954090,10,0,-50
2026-08-31 01:18:05,#11,12,102,-0.00,15.00,0.00,1013.25,-0.0000,-0.0000,0.0000,-0.0000,-0.0000,-0.0000,-0.0000,0.00,0,0,0,-0.00,-21.943050,-48.954090,10,0,-50
2026-08-31 01:18:06,#11,12,103,-0.00,15.00,0.00,1013.25,-0.0000,-0.0000,0.0000,-0.0000,-0.0000,-0.0000,-0.0000,0.00,0,0,0,-0.00,-21.943050,-48.954090,10,0,-50
2026-08-31 01:18:06,#11,12,104,-0.00,15.00,0.00,1013.25,-0.0000,-0.0000,0.0000,-0.0000,-0.0000,-0.0000,-0.0000,0.00,0,0,0,-0.00,-21.943050,-48.954090,10,0,-50
2026-08-31 01:18:07,#11,12,105,-0.00,15.00,0.00,1013.25,-0.0000,-0.0000,0.0000,-0.0000,-0.0000,-0.0000,-0.0000,0.00,0,0,0,-0.00,-21.943050,-48.954090,10,0,-50
2026-08-31 01:18:07,#11,12,106,-0.00,15.00,0.00,1013.25,-0.0000,-0.0000,0.0000,-0.0000,-0.0000,-0.0000,-0.0000,0.00,0,0,0,-0.00,-21.943050,-48.954090,10,0,-50
2026-08-31 01:18:08,#11,12,107,-0.00,15.00,0.00,1013.25,-0.0000,-0.0000,0.0000,-0.0000,-0.0000,-0.0000,-0.0000,0.00,0,0,0,-0.00,-21.943050,-48.954090,10,0,-50
2026-08-31 01:18:08,#11,12,108,-0.00,15.00,0.00,1013.25,-0.0000,-0.0000,0.0000,-0.0000,-0.0000,-0.0000,-0.0000,0.00,0,0,0,-0.00,-21.943050,-48.954090,10,0,-50
2026-08-31 01:18:09,#11,12,109,-0.00,15.00,0.00,1013.25,-0.0000,-0.0000,0.0000,-0.0000,-0.0000,-0.0000,-0.0000,0.00,0,0,0,-0.00,-21.943050,-48.954090,10,0,-50
2026-08-31 01:18:09,#11,13,110,-0.00,15.00,0.00,1013.25,-0.0000,-0.0000,0.0000,-0.0000,-0.0000,-0.0000,-0.0000,0.00,0,0,0,-0.00,-21.943050,-48.954090,10,0,-50
2026-08-31 01:18:10,#11,13,111,-0.00,15.00,0.00,1013.25,-0.0000,-0.0000,0.0000,-0.0000,-0.0000,-0.0000,-0.0000,0.00,0,0,0,-0.00,-21.943050,-48.954090,10,0,-50
2026-08-31 01:18:10,#11,13,112,-0.00,15.00,0.00,1013.25,-0.0000,-0.0000,0.0000,-0.0000,-0.0000,-0.0000,-0.0000,0.00,0,0,0,-0.00,-21.943050,-48.954090,10,0,-50
2026-08-31 01:18:11,#11,13,113,-0.00,15.00,0.00,1013.25,-0.0000,-0.0000,0.0000,-0.0000,-0.0000,-0.0000,-0.0000,0.00,0,0,0,-0.00,-21.943050,-48.954090,10,0,-50
2026-08-31 01:18:11,#11,13,114,-0.00,15.00,0.00,1013.25,-0.0000,-0.0000,0.0000,-0.0000,-0.0000,-0.0000,-0.0000,0.00,0,0,0,-0.00,-21.943050,-48.954090,10,0,-50
2026-08-31 01:18:12,#11,13,115,-0.00,15.00,0.00,1013.25,-0.0000,-0.0000,0.0000,-0.0000,-0.0000,-0.0000,-0.0000,0.00,0,0,0,-0.00,-21.943050,-48.954090,10,0,-50
2026-08-31 01:18:12,#11,13,116,-0.00,15.00,0.00,1013.25,-0.0000,-0.0000,0.0000,-0.0000,-0.0000,-0.0000,-0.0000,0.00,0,0,0,-0.00,-21.943050,-48.954090,10,0,-50
2026-08-31 01:18:13,#11,13,117,-0.00,15.00,0.00,1013.25,-0.0000,-0.0000,0.0000,-0.0000,-0.0000,-0.0000,-0.0000,0.00,0,0,0,-0.00,-21.943050,-48.954090,10,0,-50
2026-08-31 01:18:13,#11,13,118,-0.00,15.00,0.00,1013.25,-0.0000,-0.0000,0.0000,-0.0000,-0.0000,-0.0000,-0.0000,0.00,0,0,0,-0.00,-21.943050,-48.954090,10,0,-50
2026-08-31 01:18:14,#11,13,119,-0.00,15.00,0.00,1013.25,-0.0000,-0.0000,0.0000,-0.0000,-0.0000,-0.0000,-0.0000,0.00,0,0,0,-0.00,-21.943050,-48.954090,10,0,-50
2026-08-31 01:18:14,#11,13,120,-0.00,15.00,0.00,1013.25,-0.0000,-0.0000,0.0000,-0.0000,-0.0000,-0.0000,-0.0000,0.00,0,0,0,-0.00,-21.943050,-48.954090,10,0,-50
2026-08-31 01:18:15,#11,13,121,-0.00,15.00,0.00,1013.25,-0.0000,-0.0000,0.0000,-0.0000,-0.0000,-0.0000,-0.0000,0.00,0,0,0,-0.00,-21.943050,-48.954090,10,0,-50
2026-08-31 01:18:15,#11,13,122,-0.00,15.00,0.00,1013.25,-0.0000,-0.0000,0.0000,-0.0000,-0.0000,-0.0000,-0.0000,0.00,0,0,0,-0.00,-21.943050,-48.954090,10,0,-50
2026-08-31 01:18:16,#11,13,123,-0.00,15.00,0.00,1013.25,-0.0000,-0.0000,0.0000,-0.0000,-0.0000,-0.0000,-0.0000,0.00,0,0,0,-0.00,-21.943050,-48.954090,10,0,-50
2026-08-31 01:18:16,#11,13,124,-0.00,15.00,0.00,1013.25,-0.0000,-0.0000,0.0000,-0.0000,-0.0000,-0.0000,-0.0000,0.00,0,0,0,-0.00,-21.943050,-48.954090,10,0,-50
2026-08-31 01:18:17,#11,13,125,-0.00,15.00,0.00,1013.25,-0.0000,-0.0000,0.0000,-0.0000,-0.0000,-0.0000,-0.0000,0.00,0,0,0,-0.00,-21.943050,-48.954090,10,0,-50
2026-08-31 01:18:17,#11,13,126,-0.00,15.00,0.00,1013.25,-0.0000,-0.0000,0.0000,-0.0000,-0.0000,-0.0000,-0.0000,0.00,0,0,0,-0.00,-21.943050,-48.954090,10,0,-50
2026-08-31 01:18:18,#11,13,127,-0.00,15.00,0.00,1013.25,-0.0000,-0.0000,0.0000,-0.0000,-0.0000,-0.0000,-0.0000,0.00,0,0,0,-0.00,-21.943050,-48.954090,10,0,-50
2026-08-31 01:18:18,#11,13,128,-0.00,15.00,0.00,1013.25,-0.0000,-0.0000,0.0000,-0.0000,-0.0000,-0.0000,-0.0000,0.00,0,0,0,-0.00,-21.943050,-48.954090,10,0,-50
2026-08-31 01:18:19,#11,13,129,-0.00,15.00,0.00,1013.25,-0.0000,-0.0000,0.0000,-0.0000,-0.0000,-0.0000,-0.0000,0.00,0,0,0,-0.00,-21.943050,-48.954090,10,0,-50
2026-08-31 01:18:19,#11,13,130,-0.00,15.00,0.00,1013.25,-0.0000,-0.0000,0.0000,-0.0000,-0.0000,-0.0000,-0.0000,0.00,0,0,0,-0.00,-21.943050,-48.954090,10,0,-50
2026-08-31 01:18:20,#11,15,131,-0.00,15.00,0.00,1013.25,-0.0000,-0.0000,0.0000,-0.0000,-0.0000,-0.0000,-0.0000,0.00,0,0,0,-0.00,-21.943050,-48.954090,10,0,-50
2026-08-31 01:18:20,#11,15,132,-0.00,15.00,0.00,1013.25,-0.0000,-0.0000,0.0000,-0.0000,-0.0000,-0.0000,-0.0000,0.00,0,0,0,-0.00,-21.943050,-48.954090,10,0,-50
2026-08-31 01:18:21,#11,15,133,-0.00,15.00,0.00,1013.25,-0.0000,-0.0000,0.0000,-0.0000,-0.0000,-0.0000,-0.0000,0.00,0,0,0,-0.00,-21.943050,-48.954090,10,0,-50
2026-08-31 01:18:21,#11,15,134,-0.00,15.00,0.00,1013.25,-0.0000,-0.0000,0.0000,-0.0000,-0.0000,-0.0000,-0.0000,0.00,0,0,0,-0.00,-21.943050,-48.954090,10,0,-50
2026-08-31 01:18:22,#11,15,135,-0.00,15.00,0.00,1013.25,-0.0000,-0.0000,0.0000,-0.0000,-0.0000,-0.0000,-0.0000,0.00,0,0,0,-0.00,-21.943050,-48.954090,10,0,-50
2026-08-31 01:18:22,#11,15,136,-0.00,15.00,0.00,1013.25,-0.0000,-0.0000,0.0000,-0.0000,-0.0000,-0.0000,-0.0000,0.00,0,0,0,-0.00,-21.943050,-48.954090,10,0,-50
2026-08-31 01:18:23,#11,15,137,-0.00,15.00,0.00,1013.25,-0.0000,-0.0000,0.0000,-0.0000,-0.0000,-0.0000,-0.0000,0.00,0,0,0,-0.00,-21.943050,-48.954090,10,0,-50
2026-08-31 01:18:23,#11,15,138,-0.00,15.00,0.00,1013.25,-0.0000,-0.0000,0.0000,-0.0000,-0.0000,-0.0000,-0.0000,0.00,0,0,0,-0.00,-21.943050,-48.954090,10,0,-50
2026-08-31 01:18:24,#11,16,139,-0.00,15.00,0.00,1013.25,-0.0000,-0.0000,0.0000,-0.0000,-0.0000,-0.0000,-0.0000,0.00,0,0,0,-0.00,-21.943050,-48.954090,10,0,-50
2026-08-31 01:18:24,#11,16,140,-0.00,15.00,0.00,1013.25,-0.0000,-0.0000,0.0000,-0.0000,-0.0000,-0.0000,-0.0000,0.00,0,0,0,-0.00,-21.943050,-48.954090,10,0,-50
2026-08-31 01:18:25,#11,16,141,-0.00,15.00,0.00,1013.25,-0.0000,-0.0000,0.0000,-0.0000,-0.0000,-0.0000,-0.0000,0.00,0,0,0,-0.00,-21.943050,-48.954090,10,0,-50
2026-08-31 01:18:25,#11,17,142,-0.00,15.00,0.00,1013.25,-0.0000,-0.0000,0.0000,-0.0000,-0.0000,-0.0000,-0.0000,0.00,0,0,0,-0.00,-21.943050,-48.954090,10,0,-50
2026-08-31 01:18:26,#11,17,143,-0.00,15.00,0.00,1013.25,-0.0000,-0.0000,0.0000,-0.0000,-0.0000,-0.0000,-0.0000,0.00,0,0,0,-0.00,-21.943050,-48.954090,10,0,-50
2026-08-31 01:18:26,#11,17,144,-0.00,15.00,0.00,1013.25,-0.0000,-0.0000,0.0000,-0.0000,-0.0000,-0.0000,-0.0000,0.00,0,0,0,-0.00,-21.943050,-48.954090,10,0,-50
2026-08-31 01:18:27,#11,17,145,-0.00,15.00,0.00,1013.25,-0.0000,-0.0000,0.0000,-0.0000,-0.0000,-0.0000,-0.0000,0.00,0,0,0,-0.00,-21.943050,-48.954090,10,0,-50
2026-08-31 01:18:27,#11,18,146,0.00,15.00,0.00,1013.25,0.0000,0.0000,-0.0000,0.0000,0.0000,0.0000,0.0000,0.00,0,0,0,0.00,-21.943050,-48.954090,10,0,-50
2026-08-31 01:18:28,#11,18,147,0.00,15.00,0.00,1013.25,0.0000,0.0000,-0.0000,0.0000,0.0000,0.0000,0.0000,0.00,0,0,0,0.00,-21.943050,-48.954090,10,0,-50
2026-08-31 01:18:28,#11,18,148,0.00,15.00,0.00,1013.25,0.0000,0.0000,-0.0000,0.0000,0.0000,0.0000,0.0000,0.00,0,0,0,0.00,-21.943050,-48.954090,10,0,-50
2026-08-31 01:18:29,#11,18,149,0.00,15.00,0.00,1013.25,0.0000,0.0000,-0.0000,0.0000,0.0000,0.0000,0.0000,0.00,0,0,0,0.00,-21.943050,-48.954090,10,0,-50
2026-08-31 01:18:29,#11,18,150,0.00,15.00,0.00,1013.25,0.0000,0.0000,-0.0000,0.0000,0.0000,0.0000,0.0000,0.00,0,0,0,0.00,-21.943050,-48.954090,10,0,-50
2026-08-31 01:18:30,#11,18,151,0.00,15.00,0.00,1013.25,0.0000,0.0000,-0.0000,0.0000,0.0000,0.0000,0.0000,0.00,0,0,0,0.00,-21.943050,-48.954090,10,0,-50
2026-08-31 01:18:30,#11,18,152,0.00,15.00,0.00,1013.25,0.0000,0.0000,-0.0000,0.0000,0.0000,0.0000,0.0000,0.00,0,0,0,0.00,-21.943050,-48.954090,10,0,-50
2026-08-31 01:18:31,#11,18,153,0.00,15.00,0.00,1013.25,0.0000,0.0000,-0.0000,0.0000,0.0000,0.0000,0.0000,0.00,0,0,0,0.00,-21.943050,-48.954090,10,0,-50
2026-08-31 01:18:31,#11,19,154,0.00,15.00,0.00,1013.25,0.0000,0.0000,-0.0000,0.0000,0.0000,0.0000,0.0000,0.00,0,0,0,0.00,-21.943050,-48.954090,10,0,-50
2026-08-31 01:18:32,#11,19,155,0.00,15.00,0.00,1013.25,0.0000,0.0000,-0.0000,0.0000,0.0000,0.0000,0.0000,0.00,0,0,0,0.00,-21.943050,-48.954090,10,0,-50
2026-08-31 01:18:32,#11,19,156,0.00,15.00,0.00,1013.25,0.0000,0.0000,-0.0000,0.0000,0.0000,0.0000,0.0000,0.00,0,0,0,0.00,-21.943050,-48.954090,10,0,-50
2026-08-31 01:18:33,#11,19,157,0.00,15.00,0.00,1013.25,0.0000,0.0000,-0.0000,0.0000,0.0000,0.0000,0.0000,0.00,0,0,0,0.00,-21.943050,-48.954090,10,0,-50
2026-08-31 01:18:33,#11,19,158,0.00,15.00,0.00,1013.25,0.0000,0.0000,-0.0000,0.0000,0.0000,0.0000,0.0000,0.00,0,0,0,0.00,-21.943050,-48.954090,10,0,-50
2026-08-31 01:18:34,#11,19,159,0.00,15.00,0.00,1013.25,0.0000,0.0000,-0.0000,0.0000,0.0000,0.0000,0.0000,0.00,0,0,0,0.00,-21.943050,-48.954090,10,0,-50
2026-08-31 01:18:34,#11,19,160,0.00,15.00,0.00,1013.25,0.0000,0.0000,-0.0000,0.0000,0.0000,0.0000,0.0000,0.00,0,0,0,0.00,-21.943050,-48.954090,10,0,-50
2026-08-31 01:18:35,#11,19,161,0.00,15.00,0.00,1013.25,0.0000,0.0000,-0.0000,0.0000,0.0000,0.0000,0.0000,0.00,0,0,0,0.00,-21.943050,-48.954090,10,0,-50
2026-08-31 01:18:35,#11,20,162,0.00,15.00,0.00,1013.25,0.0000,0.0000,-0.0000,0.0000,0.0000,0.0000,0.0000,0.00,0,0,0,0.00,-21.943050,-48.954090,10,0,-50
2026-08-31 01:18:36,#11,20,163,0.00,15.00,0.00,1013.25,0.0000,0.0000,-0.0000,0.0000,0.0000,0.0000,0.0000,0.00,0,0,0,0.00,-21.943050,-48.954090,10,0,-50
2026-08-31 01:18:36,#11,20,164,0.00,15.00,0.00,1013.25,0.0000,0.0000,-0.0000,0.0000,0.0000,0.0000,0.0000,0.00,0,0,0,0.00,-21.943050,-48.954090,10,0,-50
2026-08-31 01:18:37,#11,20,165,0.00,15.00,0.00,1013.25,0.0000,0.0000,-0.0000,0.0000,0.0000,0.0000,0.0000,0.00,0,0,0,0.00,-21.943050,-48.954090,10,0,-50
2026-08-31 01:18:37,#11,20,166,0.00,15.00,0.00,1013.25,0.0000,0.0000,-0.0000,0.0000,0.0000,0.0000,0.0000,0.00,0,0,0,0.00,-21.943050,-48.954090,10,0,-50
2026-08-31 01:18:38,#11,21,167,0.00,15.00,0.00,1013.25,0.0000,0.0000,-0.0000,0.0000,0.0000,0.0000,0.0000,0.00,0,0,0,0.00,-21.943050,-48.954090,10,0,-50
2026-08-31 01:18:38,#11,21,168,0.00,15.00,0.00,1013.25,0.0000,0.0000,-0.0000,0.0000,0.0000,0.0000,0.0000,0.00,0,0,0,0.00,-21.943050,-48.954090,10,0,-50
2026-08-31 01:18:39,#11,21,169,0.00,15.00,0.00,1013.25,0.0000,0.0000,-0.0000,0.0000,0.0000,0.0000,0.0000,0.00,0,0,0,0.00,-21.943050,-48.954090,10,0,-50
2026-08-31 01:18:39,#11,21,170,0.00,15.00,0.00,1013.25,0.0000,0.0000,-0.0000,0.0000,0.0000,0.0000,0.0000,0.00,0,0,0,0.00,-21.943050,-48.954090,10,0,-50
2026-08-31 01:18:40,#11,21,171,0.00,15.00,0.00,1013.25,0.0000,0.0000,-0.0000,0.0000,0.0000,0.0000,0.0000,0.00,0,0,0,0.00,-21.943050,-48.954090,10,0,-50
2026-08-31 01:18:40,#11,21,172,0.00,15.00,0.00,1013.25,0.0000,0.0000,-0.0000,0.0000,0.0000,0.0000,0.0000,0.00,0,0,0,0.00,-21.943050,-48.954090,10,0,-50
2026-08-31 01:18:41,#11,23,173,0.00,15.00,0.00,1013.25,0.0000,0.0000,-0.0000,0.0000,0.0000,0.0000,0.0000,0.00,0,0,0,0.00,-21.943050,-48.954090,10,0,-50
2026-08-31 01:18:41,#11,23,174,0.00,15.00,0.00,1013.25,0.0000,0.0000,-0.0000,0.0000,0.0000,0.0000,0.0000,0.00,0,0,0,0.00,-21.943050,-48.954090,10,0,-50
2026-08-31 01:18:42,#11,23,175,0.00,15.00,0.00,1013.25,0.0000,0.0000,-0.0000,0.0000,0.0000,0.0000,0.0000,0.00,0,0,0,0.00,-21.943050,-48.954090,10,0,-50
2026-08-31 01:18:42,#11,23,176,0.00,15.00,0.00,1013.25,0.0000,0.0000,-0.0000,0.0000,0.0000,0.0000,0.0000,0.00,0,0,0,0.00,-21.943050,-48.954090,10,0,-50
2026-08-31 01:18:43,#11,23,177,0.00,15.00,0.00,1013.25,0.0000,0.0000,-0.0000,0.0000,0.0000,0.0000,0.0000,0.00,0,0,0,0.00,-21.943050,-48.954090,10,0,-50
2026-08-31 01:18:43,#11,23,178,0.00,15.00,0.00,1013.25,0.0000,0.0000,-0.0000,0.0000,0.0000,0.0000,0.0000,0.00,0,0,0,0.00,-21.943050,-48.954090,10,0,-50
2026-08-31 01:18:44,#11,23,179,0.00,15.00,0.00,1013.25,0.0000,0.0000,-0.0000,0.0000,0.0000,0.0000,0.0000,0.00,0,0,0,0.00,-21.943050,-48.954090,10,0,-50
2026-08-31 01:18:44,#11,23,180,0.00,15.00,0.00,1013.25,0.0000,0.0000,-0.0000,0.0000,0.0000,0.0000,0.0000,0.00,0,0,0,0.00,-21.943050,-48.954090,10,0,-50
2026-08-31 01:18:45,#11,23,181,0.00,15.00,0.00,1013.25,0.0000,0.0000,-0.0000,0.0000,0.0000,0.0000,0.0000,0.00,0,0,0,0.00,-21.943050,-48.954090,10,0,-50
2026-08-31 01:18:45,#11,24,182,-0.00,15.00,0.00,1013.25,-0.0000,-0.0000,0.0000,-0.0000,-0.0000,-0.0000,-0.0000,0.00,0,0,0,-0.00,-21.943050,-48.954090,10,0,-50
2026-08-31 01:18:46,#11,24,183,-0.00,15.00,0.00,1013.25,-0.0000,-0.0000,0.0000,-0.0000,-0.0000,-0.0000,-0.0000,0.00,0,0,0,-0.00,-21.943050,-48.954090,10,0,-50
2026-08-31 01:18:46,#11,25,184,-0.00,15.00,0.00,1013.25,-0.0000,-0.0000,0.0000,-0.0000,-0.0000,-0.0000,-0.0000,0.00,0,0,0,-0.00,-21.943050,-48.954090,10,0,-50
2026-08-31 01:18:47,#11,25,185,-0.00,15.00,0.00,1013.25,-0.0000,-0.0000,0.0000,-0.0000,-0.0000,-0.0000,-0.0000,0.00,0,0,0,-0.00,-21.943050,-48.954090,10,0,-50
2026-08-31 01:18:47,#11,25,186,-0.00,15.00,0.00,1013.25,-0.0000,-0.0000,0.0000,-0.0000,-0.0000,-0.0000,-0.0000,0.00,0,0,0,-0.00,-21.943050,-48.954090,10,0,-50
2026-08-31 01:18:48,#11,25,187,-0.00,15.00,0.00,1013.25,-0.0000,-0.0000,0.0000,-0.0000,-0.0000,-0.0000,-0.0000,0.00,0,0,0,-0.00,-21.943050,-48.954090,10,0,-50
2026-08-31 01:18:48,#11,25,188,-0.00,15.00,0.00,1013.25,-0.0000,-0.0000,0.0000,-0.0000,-0.0000,-0.0000,-0.0000,0.00,0,0,0,-0.00,-21.943050,-48.954090,10,0,-50
2026-08-31 01:18:49,#11,25,189,-0.00,15.00,0.00,1013.25,-0.0000,-0.0000,0.0000,-0.0000,-0.0000,-0.0000,-0.0000,0.00,0,0,0,-0.00,-21.943050,-48.954090,10,0,-50
2026-08-31 01:18:49,#11,27,190,-0.00,15.00,0.00,1013.25,-0.0000,-0.0000,0.0000,-0.0000,-0.0000,-0.0000,-0.0000,0.00,0,0,0,-0.00,-21.943050,-48.954090,10,0,-50
2026-08-31 01:18:50,#11,27,191,-0.00,15.00,0.00,1013.25,-0.0000,-0.0000,0.0000,-0.0000,-0.0000,-0.0000,-0.0000,0.00,0,0,0,-0.00,-21.943050,-48.954090,10,0,-50
2026-08-31 01:18:50,#11,27,192,-0.00,15.00,0.00,1013.25,-0.0000,-0.0000,0.0000,-0.0000,-0.0000,-0.0000,-0.0000,0.00,0,0,0,-0.00,-21.943050,-48.954090,10,0,-50
2026-08-31 01:18:51,#11,27,193,-0.00,15.00,0.00,1013.25,-0.0000,-0.0000,0.0000,-0.0000,-0.0000,-0.0000,-0.0000,0.00,0,0,0,-0.00,-21.943050,-48.954090,10,0,-50
2026-08-31 01:18:51,#11,27,194,0.00,15.00,0.00,1013.25,0.0000,0.0000,-0.0000,0.0000,0.0000,0.0000,0.0000,0.00,0,0,0,0.00,-21.943050,-48.954090,10,0,-50
2026-08-31 01:18:52,#11,27,195,0.00,15.00,0.00,1013.25,0.0000,0.0000,-0.0000,0.0000,0.0000,0.0000,0.0000,0.00,0,0,0,0.00,-21.943050,-48.954090,10,0,-50
2026-08-31 01:18:52,#11,27,196,0.00,15.00,0.00,1013.25,0.0000,0.0000,-0.0000,0.0000,0.0000,0.0000,0.0000,0.00,0,0,0,0.00,-21.943050,-48.954090,10,0,-50
2026-08-31 01:18:53,#11,28,197,0.00,15.00,0.00,1013.25,0.0000,0.0000,-0.0000,0.0000,0.0000,0.0000,0.0000,0.00,0,0,0,0.00,-21.943050,-48.954090,10,0,-50
2026-08-31 01:18:53,#11,28,198,0.00,15.00,0.00,1013.25,0.0000,0.0000,-0.0000,0.0000,0.0000,0.0000,0.0000,0.00,0,0,0,0.00,-21.943050,-48.954090,10,0,-50
2026-08-31 01:18:54,#11,28,199,0.00,15.00,0.00,1013.25,0.0000,0.0000,-0.0000,0.0000,0.0000,0.0000,0.0000,0.00,0,0,0,0.00,-21.943050,-48.954090,10,0,-50
2026-08-31 01:18:54,#11,29,200,0.00,15.00,0.00,1013.25,0.0000,0.0000,-0.0000,0.0000,0.0000,0.0000,0.0000,0.00,0,0,0,0.00,-21.943050,-48.954090,10,0,-50
2026-08-31 01:18:55,#11,29,201,0.00,15.00,0.00,1013.25,0.0000,0.0000,-0.0000,0.0000,0.0000,0.0000,0.0000,0.00,0,0,0,0.00,-21.943050,-48.954090,10,0,-50
2026-08-31 01:18:55,#11,30,202,0.00,15.00,0.00,1013.25,0.0000,0.0000,-0.0000,0.0000,0.0000,0.0000,0.0000,0.00,0,0,0,0.00,-21.943050,-48.954090,10,0,-50
2026-08-31 01:18:56,#11,30,203,0.00,15.00,0.00,1013.25,0.0000,0.0000,-0.0000,0.0000,0.0000,0.0000,0.0000,0.00,0,0,0,0.00,-21.943050,-48.954090,10,0,-50
2026-08-31 01:18:56,#11,30,204,0.00,15.00,0.00,1013.25,0.0000,0.0000,-0.0000,0.0000,0.0000,0.0000,0.0000,0.00,0,0,0,0.00,-21.943050,-48.954090,10,0,-50
2026-08-31 01:18:57,#11,30,205,0.00,15.00,0.00,1013.25,0.0000,0.0000,-0.0000,0.0000,0.0000,0.0000,0.0000,0.00,0,0,0,0.00,-21.943050,-48.954090,10,0,-50
2026-08-31 01:18:57,#11,30,206,0.00,15.00,0.00,1013.25,0.0000,0.0000,-0.0000,0.0000,0.0000,0.0000,0.0000,0.00,0,0,0,0.00,-21.943050,-48.954090,10,0,-50
2026-08-31 01:18:58,#11,30,207,0.00,15.00,0.00,1013.25,0.0000,0.0000,-0.0000,0.0000,0.0000,0.0000,0.0000,0.00,0,0,0,0.00,-21.943050,-48.954090,10,0,-50
2026-08-31 01:18:58,#11,30,208,0.00,15.00,0.00,1013.25,0.0000,0.0000,-0.0000,0.0000,0.0000,0.0000,0.0000,0.00,0,0,0,0.00,-21.943050,-48.954090,10,0,-50
2026-08-31 01:18:59,#11,30,209,0.00,15.00,0.00,1013.25,0.0000,0.0000,-0.0000,0.0000,0.0000,0.0000,0.0000,0.00,0,0,0,0.00,-21.943050,-48.954090,10,0,-50
2026-08-31 01:18:59,#11,30,210,0.00,15.00,0.00,1013.25,0.0000,0.0000,-0.0000,0.0000,0.0000,0.0000,0.0000,0.00,0,0,0,0.00,-21.943050,-48.954090,10,0,-50
2026-08-31 01:19:00,#11,31,211,-0.00,15.00,0.00,1013.25,-0.0000,-0.0000,0.0000,-0.0000,-0.0000,-0.0000,-0.0000,0.00,0,0,0,-0.00,-21.943050,-48.954090,10,0,-50
2026-08-31 01:19:00,#11,32,212,-0.00,15.00,0.00,1013.25,-0.0000,-0.0000,0.0000,-0.0000,-0.0000,-0.0000,-0.0000,0.00,0,0,0,-0.00,-21.943050,-48.954090,10,0,-50
2026-08-31 01:19:01,#11,32,213,-0.00,15.00,0.00,1013.25,-0.0000,-0.0000,0.0000,-0.0000,-0.0000,-0.0000,-0.0000,0.00,0,0,0,-0.00,-21.943050,-48.954090,10,0,-50
2026-08-31 01:19:01,#11,32,214,-0.00,15.00,0.00,1013.25,-0.0000,-0.0000,0.0000,-0.0000,-0.0000,-0.0000,-0.0000,0.00,0,0,0,-0.00,-21.943050,-48.954090,10,0,-50
2026-08-31 01:19:02,#11,32,215,-0.00,15.00,0.00,1013.25,-0.0000,-0.0000,0.0000,-0.0000,-0.0000,-0.0000,-0.0000,0.00,0,0,0,-0.00,-21.943050,-48.954090,10,0,-50
2026-08-31 01:19:02,#11,32,216,-0.00,15.00,0.00,1013.25,-0.0000,-0.0000,0.0000,-0.0000,-0.0000,-0.0000,-0.0000,0.00,0,0,0,-0.00,-21.943050,-48.954090,10,0,-50
2026-08-31 01:19:03,#11,32,217,-0.00,15.00,0.00,1013.25,-0.0000,-0.0000,0.0000,-0.0000,-0.0000,-0.0000,-0.0000,0.00,0,0,0,-0.00,-21.943050,-48.954090,10,0,-50
2026-08-31 01:19:03,#11,35,218,-0.00,15.00,0.00,1013.25,-0.0000,-0.0000,0.0000,-0.0000,-0.0000,-0.0000,-0.0000,0.00,0,0,0,-0.00,-21.943050,-48.954090,10,0,-50
2026-08-31 01:19:04,#11,37,219,-0.00,15.00,0.00,1013.25,-0.0000,-0.0000,0.0000,-0.0000,-0.0000,-0.0000,-0.0000,0.00,0,0,0,-0.00,-21.943050,-48.954090,10,0,-50
2026-08-31 01:19:04,#11,37,220,-0.00,15.00,0.00,1013.25,-0.0000,-0.0000,0.0000,-0.0000,-0.0000,-0.0000,-0.0000,0.00,0,0,0,-0.00,-21.943050,-48.954090,10,0,-50
2026-08-31 01:19:05,#11,37,221,-0.00,15.00,0.00,1013.25,-0.0000,-0.0000,0.0000,-0.0000,-0.0000,-0.0000,-0.0000,0.00,0,0,0,-0.00,-21.943050,-48.954090,10,0,-50
2026-08-31 01:19:05,#11,37,222,-0.00,15.00,0.00,1013.25,-0.0000,-0.0000,0.0000,-0.0000,-0.0000,-0.0000,-0.0000,0.00,0,0,0,-0.00,-21.943050,-48.954090,10,0,-50
2026-08-31 01:19:06,#11,39,223,0.00,15.00,0.00,1013.25,0.0000,0.0000,-0.0000,0.0000,0.0000,0.0000,0.0000,0.00,0,0,0,0.00,-21.943050,-48.954090,10,0,-50
2026-08-31 01:19:06,#11,40,224,0.00,15.00,0.00,1013.25,0.0000,0.0000,-0.0000,0.0000,0.0000,0.0001,0.0000,0.00,0,0,0,0.00,-21.943050,-48.954090,10,0,-50
2026-08-31 01:19:07,#11,40,225,0.00,15.00,0.00,1013.25,0.0000,0.0000,-0.0000,0.0000,0.0000,0.0001,0.0000,0.00,0,0,0,0.00,-21.943050,-48.954090,10,0,-50
2026-08-31 01:19:07,#11,40,226,0.00,15.00,0.00,1013.25,0.0000,0.0000,-0.0000,0.0000,0.0000,0.0001,0.0000,0.00,0,0,0,0.00,-21.943050,-48.954090,10,0,-50
2026-08-31 01:19:08,#11,40,227,0.00,15.00,0.00,1013.25,0.0000,0.0000,-0.0000,0.0000,0.0000,0.0001,0.0000,0.00,0,0,0,0.00,-21.943050,-48.954090,10,0,-50
2026-08-31 01:19:08,#11,43,228,0.00,15.00,0.00,1013.24,0.0000,0.0000,-0.0000,0.0000,0.0000,0.0002,0.0000,0.00,0,0,0,0.00,-21.943050,-48.954090,10,0,-50
2026-08-31 01:19:09,#11,43,229,0.00,15.00,0.00,1013.24,0.0000,0.0000,-0.0000,0.0000,0.0000,0.0002,0.0000,0.00,0,0,0,0.00,-21.943050,-48.954090,10,0,-50
2026-08-31 01:19:09,#11,43,230,0.00,15.00,0.00,1013.24,0.0000,0.0000,-0.0000,0.0000,0.0000,0.0002,0.0000,0.00,0,0,0,0.00,-21.943050,-48.954090,10,0,-50
2026-08-31 01:19:10,#11,43,231,0.00,15.00,0.00,1013.24,0.0000,0.0000,-0.0000,0.0000,0.0000,0.0002,0.0000,0.00,0,0,0,0.00,-21.943050,-48.954090,10,0,-50
2026-08-31 01:19:10,#11,43,232,0.00,15.00,0.00,1013.24,0.0000,0.0000,-0.0000,0.0000,0.0000,0.0002,0.0000,0.00,0,0,0,0.00,-21.943050,-48.954090,10,0,-50
2026-08-31 01:19:11,#11,43,233,0.00,15.00,0.00,1013.24,0.0000,0.0000,-0.0000,0.0000,0.0000,0.0002,0.0000,0.00,0,0,0,0.00,-21.943050,-48.954090,10,0,-50
2026-08-31 01:19:11,#11,48,234,-0.00,15.00,0.00,1013.24,-0.0000,-0.0000,0.0000,-0.0000,-0.0000,-0.0004,-0.0000,0.00,0,0,0,-0.00,-21.943050,-48.954090,10,0,-50
2026-08-31 01:19:12,#11,48,235,-0.00,15.00,0.00,1013.24,-0.0000,-0.0000,0.0000,-0.0000,-0.0000,-0.0004,-0.0000,0.00,0,0,0,-0.00,-21.943050,-48.954090,10,0,-50
2026-08-31 01:19:12,#11,48,236,-0.00,15.00,0.00,1013.24,-0.0000,-0.0000,0.0000,-0.0000,-0.0000,-0.0004,-0.0000,0.00,0,0,0,-0.00,-21.943050,-48.954090,10,0,-50
2026-08-31 01:19:13,#11,48,237,-0.00,15.00,0.00,1013.24,-0.0000,-0.0000,0.0000,-0.0000,-0.0000,-0.0004,-0.0000,0.00,0,0,0,-0.00,-21.943050,-48.954090,10,0,-50
2026-08-31 01:19:13,#11,55,238,0.00,15.00,0.00,1013.24,0.0000,0.0000,-0.0000,0.0000,0.0000,0.0004,0.0000,0.00,0,0,0,0.00,-21.943050,-48.954090,10,0,-50
2026-08-31 01:19:14,#11,55,239,0.00,15.00,0.00,1013.24,0.0000,0.0000,-0.0000,0.0000,0.0000,0.0004,0.0000,0.00,0,0,0,0.00,-21.943050,-48.954090,10,0,-50
2026-08-31 01:19:14,#11,55,240,0.00,15.00,0.00,1013.24,0.0000,0.0000,-0.0000,0.0000,0.0000,0.0004,0.0000,0.00,0,0,0,0.00,-21.943050,-48.954090,10,0,-50
2026-08-31 01:19:15,#11,56,241,-0.00,15.00,0.00,1013.24,-0.0000,-0.0000,0.0000,-0.0000,-0.0001,-0.0009,-0.0000,0.00,0,0,0,-0.00,-21.943050,-48.954090,10,0,-50
2026-08-31 01:19:15,#11,56,242,-0.00,15.00,0.00,1013.24,-0.0000,-0.0000,0.0000,-0.0000,-0.0001,-0.0009,-0.0000,0.00,0,0,0,-0.00,-21.943050,-48.954090,10,0,-50
2026-08-31 01:19:16,#11,56,243,-0.00,15.00,0.00,1013.24,-0.0000,-0.0000,0.0000,-0.0000,-0.0001,-0.0009,-0.0000,0.00,0,0,0,-0.00,-21.943050,-48.954090,10,0,-50
2026-08-31 01:19:16,#11,56,244,-0.00,15.00,0.00,1013.24,-0.0000,-0.0000,0.0000,-0.0000,-0.0001,-0.0009,-0.0000,0.00,0,0,0,-0.00,-21.943050,-48.954090,10,0,-50
2026-08-31 01:19:17,#11,57,245,-0.00,15.00,0.00,1013.24,-0.0000,-0.0000,0.0000,-0.0000,-0.0001,-0.0017,-0.0000,0.00,0,0,0,-0.00,-21.943050,-48.954090,10,0,-50
2026-08-31 01:19:17,#11,57,246,-0.00,15.00,0.00,1013.24,-0.0000,-0.0000,0.0000,-0.0000,-0.0001,-0.0017,-0.0000,0.00,0,0,0,-0.00,-21.943050,-48.954090,10,0,-50
2026-08-31 01:19:18,#11,57,247,-0.00,15.00,0.00,1013.24,-0.0000,-0.0000,0.0000,-0.0000,-0.0001,-0.0017,-0.0000,0.00,0,0,0,-0.00,-21.943050,-48.954090,10,0,-50
2026-08-31 01:19:18,#11,57,248,-0.00,15.00,0.00,1013.24,-0.0000,-0.0000,0.0000,-0.0000,-0.0001,-0.0017,-0.0000,0.00,0,0,0,-0.00,-21.943050,-48.954090,10,0,-50
2026-08-31 01:19:19,#11,57,249,-0.00,15.00,0.00,1013.24,-0.0000,-0.0000,0.0000,-0.0000,-0.0001,-0.0017,-0.0000,0.00,0,0,0,-0.00,-21.943050,-48.954090,10,0,-50
2026-08-31 01:19:19,#11,57,250,-0.00,15.00,0.00,1013.24,-0.0000,-0.0000,0.0000,-0.0000,-0.0001,-0.0017,-0.0000,0.00,0,0,0,-0.00,-21.943050,-48.954090,10,0,-50
2026-08-31 01:19:20,#11,57,251,-0.00,15.00,0.00,1013.24,-0.0000,-0.0000,0.0000,-0.0000,-0.0001,-0.0017,-0.0000,0.00,0,0,0,-0.00,-21.943050,-48.954090,10,0,-50
2026-08-31 01:19:20,#11,57,252,-0.00,15.00,0.00,1013.24,-0.0000,-0.0000,0.0000,-0.0000,-0.0001,-0.0017,-0.0000,0.00,0,0,0,-0.00,-21.943050,-48.954090,10,0,-50
2026-08-31 01:19:21,#11,60,253,0.00,15.00,0.00,1013.24,0.0000,0.0000,-0.0000,0.0000,0.0015,0.0174,0.0000,0.00,0,0,0,0.00,-21.943050,-48.954090,10,0,-50
2026-08-31 01:19:21,#11,60,254,0.00,15.00,0.00,1013.24,0.0000,0.0000,-0.0000,0.0000,0.0016,0.0179,0.0000,0.00,0,0,0,0.00,-21.943050,-48.954090,10,0,-50
2026-08-31 01:19:22,#11,60,255,0.00,15.00,0.00,1013.24,0.0000,0.0000,-0.0000,0.0000,0.0016,0.0179,0.0000,0.00,0,0,0,0.00,-21.943050,-48.954090,10,0,-50
2026-08-31 01:19:22,#11,60,256,0.00,15.00,0.00,1013.24,0.0000,0.0000,-0.0000,0.0000,0.0016,0.0179,0.0000,0.00,0,0,0,0.00,-21.943050,-48.954090,10,0,-50
2026-08-31 01:19:23,#11,60,257,0.00,15.00,0.00,1013.24,0.0000,0.0000,-0.0000,0.0000,0.0016,0.0179,0.0000,0.00,0,0,0,0.00,-21.943050,-48.954090,10,0,-50
2026-08-31 01:19:23,#11,60,258,0.00,15.00,0.00,1013.24,0.0000,0.0000,-0.0000,0.0000,0.0016,0.0179,0.0000,0.00,0,0,0,0.00,-21.943050,-48.954090,10,0,-50
2026-08-31 01:19:24,#11,64,259,-0.00,15.00,0.00,1013.24,-0.0000,-0.0000,0.0000,-0.0000,-0.0048,-0.0547,-0.0001,0.00,0,0,0,-0.00,-21.943050,-48.954090,10,0,-50
2026-08-31 01:19:24,#11,64,260,-0.00,15.00,0.00,1013.24,-0.0000,-0.0000,0.0000,-0.0000,-0.0048,-0.0547,-0.0001,0.00,0,0,0,-0.00,-21.943050,-48.954090,10,0,-50
2026-08-31 01:19:25,#11,64,261,-0.00,15.00,0.00,1013.24,-0.0000,-0.0000,0.0000,-0.0000,-0.0048,-0.0547,-0.0001,0.00,0,0,0,-0.00,-21.943050,-48.954090,10,0,-50
2026-08-31 01:19:25,#11,64,262,-0.00,15.00,0.00,1013.24,-0.0000,-0.0000,0.0000,-0.0000,-0.0048,-0.0547,-0.0001,0.00,0,0,0,-0.00,-21.943050,-48.954090,10,0,-50
2026-08-31 01:19:26,#11,64,263,-0.00,15.00,0.00,1013.24,-0.0000,-0.0000,0.0000,-0.0000,-0.0048,-0.0547,-0.0001,0.00,0,0,0,-0.00,-21.943050,-48.954090,10,0,-50
2026-08-31 01:19:26,#11,68,264,0.00,15.00,0.00,1013.24,0.0000,0.0000,-0.0000,0.0000,0.0235,0.2685,0.0004,0.00,0,0,0,0.00,-21.943050,-48.954090,10,0,-50
2026-08-31 01:19:27,#11,68,265,0.00,15.00,0.00,1013.24,0.0000,0.0000,-0.0000,0.0000,0.0235,0.2685,0.0004,0.00,0,0,0,0.00,-21.943050,-48.954090,10,0,-50
2026-08-31 01:19:27,#11,68,266,0.00,15.00,0.00,1013.24,0.0000,0.0000,-0.0000,0.0000,0.0235,0.2685,0.0004,0.00,0,0,0,0.00,-21.943050,-48.954090,10,0,-50
2026-08-31 01:19:28,#11,68,267,0.00,15.00,0.00,1013.24,0.0000,0.0000,-0.0000,0.0000,0.0235,0.2685,0.0004,0.00,0,0,0,0.00,-21.943050,-48.954090,10,0,-50
2026-08-31 01:19:28,#11,68,268,0.00,15.00,0.00,1013.24,0.0000,0.0000,-0.0000,0.0000,0.0235,0.2685,0.0004,0.00,0,0,0,0.00,-21.943050,-48.954090,10,0,-50
2026-08-31 01:19:29,#11,72,269,0.00,15.00,0.00,1013.24,-0.0000,-0.0000,0.0000,0.0000,0.1223,1.3974,0.0034,0.00,0,0,0,0.00,-21.943050,-48.954090,10,0,-50
2026-08-31 01:19:29,#11,72,270,0.00,15.00,0.00,1013.24,-0.0000,-0.0000,0.0000,0.0000,0.1320,1.5085,0.0038,0.00,0,0,0,0.00,-21.943050,-48.954090,10,0,-50
2026-08-31 01:19:30,#11,77,271,0.00,15.00,0.00,1013.24,0.0000,0.0000,-0.0000,0.0000,0.3426,3.9163,0.0180,0.00,0,0,0,0.00,-21.943050,-48.954090,10,0,-50
2026-08-31 01:19:30,#11,77,272,0.00,15.00,0.00,1013.24,0.0000,0.0000,-0.0000,0.0000,0.3426,3.9163,0.0180,0.00,0,0,0,0.00,-21.943050,-48.954090,10,0,-50
2026-08-31 01:19:31,#11,77,273,0.00,15.00,0.00,1013.24,0.0000,0.0000,-0.0000,0.0000,0.3426,3.9163,0.0180,0.00,0,0,0,0.00,-21.943050,-48.954090,10,0,-50
2026-08-31 01:19:31,#11,77,274,0.00,15.00,0.00,1013.24,0.0000,0.0000,-0.0000,0.0000,0.3426,3.9163,0.0180,0.00,0,0,0,0.00,-21.943050,-48.954090,10,0,-50
2026-08-31 01:19:32,#11,77,275,0.00,15.00,0.00,1013.24,0.0000,0.0000,-0.0000,0.0000,0.3426,3.9163,0.0180,0.00,0,0,0,0.00,-21.943050,-48.954090,10,0,-50
2026-08-31 01:19:32,#11,85,276,0.00,15.00,0.00,1013.24,-0.0000,-0.0000,0.0000,0.0000,0.6240,7.1323,0.0613,0.00,0,0,0,0.00,-21.943050,-48.954090,10,0,-50
2026-08-31 01:19:33,#11,91,277,0.00,15.00,0.00,1013.24,0.0000,0.0000,-0.0000,0.0000,0.8318,9.5076,0.1121,0.00,0,0,0,0.00,-21.943050,-48.954090,10,0,-50
2026-08-31 01:19:33,#11,91,278,0.00,15.00,0.00,1013.24,0.0000,0.0000,-0.0000,0.0000,0.8318,9.5076,0.1121,0.00,0,0,0,0.00,-21.943050,-48.954090,10,0,-50
2026-08-31 01:19:34,#11,91,279,0.00,15.00,0.00,1013.24,0.0000,0.0000,-0.0000,0.0000,0.8318,9.5076,0.1121,0.00,0,0,0,0.00,-21.943050,-48.954090,10,0,-50
2026-08-31 01:19:34,#11,97,280,0.00,15.00,0.00,1013.24,-0.0000,-0.0000,0.0000,0.0000,1.0471,11.9684,0.1788,0.00,0,0,0,0.00,-21.943050,-48.954090,10,0,-50
2026-08-31 01:19:35,#11,97,281,0.00,15.00,0.00,1013.24,-0.0000,-0.0000,0.0000,0.0000,1.0471,11.9684,0.1788,0.00,0,0,0,0.00,-21.943050,-48.954090,10,0,-50
2026-08-31 01:19:35,#11,97,282,0.00,15.00,0.00,1013.24,-0.0000,-0.0000,0.0000,0.0000,1.0471,11.9684,0.1788,0.00,0,0,0,0.00,-21.943050,-48.954090,10,0,-50
2026-08-31 01:19:36,#11,97,283,0.00,15.00,0.00,1013.24,-0.0000,-0.0000,0.0000,0.0000,1.0471,11.9684,0.1788,0.00,0,0,0,0.00,-21.943050,-48.954090,10,0,-50
2026-08-31 01:19:36,#11,98,284,0.00,15.00,0.00,1013.24,-0.0000,-0.0000,0.0000,0.0000,1.0821,12.3686,0.1909,0.00,0,0,0,0.00,-21.943050,-48.954090,10,0,-50
2026-08-31 01:19:37,#11,98,285,0.00,15.00,0.00,1013.24,-0.0000,-0.0000,0.0000,0.0000,1.0821,12.3686,0.1909,0.00,0,0,0,0.00,-21.943050,-48.954090,10,0,-50
2026-08-31 01:19:37,#11,98,286,0.00,15.00,0.00,1013.24,-0.0000,-0.0000,0.0000,0.0000,1.0821,12.3686,0.1909,0.00,0,0,0,0.00,-21.943050,-48.954090,10,0,-50
2026-08-31 01:19:38,#11,98,287,0.00,15.00,0.00,1013.24,-0.0000,-0.0000,0.0000,0.0000,1.0821,12.3686,0.1909,0.00,0,0,0,0.00,-21.943050,-48.954090,10,0,-50
2026-08-31 01:19:38,#11,98,288,0.00,15.00,0.00,1013.24,-0.0000,-0.0000,0.0000,0.0000,1.0821,12.3686,0.1909,0.00,0,0,0,0.00,-21.943050,-48.954090,10,0,-50
2026-08-31 01:19:39,#11,101,289,0.00,15.00,0.00,1013.24,-0.0000,-0.0000,0.0000,0.0000,1.1733,13.4106,0.2244,0.00,0,0,0,0.00,-21.943050,-48.954090,10,0,-50
2026-08-31 01:19:39,#11,101,290,0.00,15.00,0.00,1013.24,-0.0000,-0.0000,0.0000,0.0000,1.1733,13.4106,0.2244,0.00,0,0,0,0.00,-21.943050,-48.954090,10,0,-50
2026-08-31 01:19:40,#11,101,291,0.00,15.00,0.00,1013.24,-0.0000,-0.0000,0.0000,0.0000,1.1733,13.4106,0.2244,0.00,0,0,0,0.00,-21.943050,-48.954090,10,0,-50
2026-08-31 01:19:40,#11,101,292,0.00,15.00,0.00,1013.24,-0.0000,-0.0000,0.0000,0.0000,1.1733,13.4106,0.2244,0.00,0,0,0,0.00,-21.943050,-48.954090,10,0,-50
2026-08-31 01:19:41,#11,105,293,0.00,15.00,0.00,1013.24,0.0000,0.0000,-0.0000,0.0000,1.3264,15.1605,0.2859,0.00,0,0,0,0.00,-21.943050,-48.954090,10,0,-50
2026-08-31 01:19:41,#11,105,294,0.00,15.00,0.00,1013.24,0.0000,0.0000,-0.0000,0.0000,1.3264,15.1605,0.2859,0.00,0,0,0,0.00,-21.943050,-48.954090,10,0,-50
2026-08-31 01:19:42,#11,105,295,0.00,15.00,0.00,1013.24,0.0000,0.0000,-0.0000,0.0000,1.3264,15.1605,0.2859,0.00,0,0,0,0.00,-21.943050,-48.954090,10,0,-50
2026-08-31 01:19:42,#11,105,296,0.00,15.00,0.00,1013.24,0.0000,0.0000,-0.0000,0.0000,1.3264,15.1605,0.2859,0.00,0,0,0,0.00,-21.943050,-48.954090,10,0,-50
2026-08-31 01:19:43,#11,105,297,0.00,15.00,0.00,1013.24,0.0000,0.0000,-0.0000,0.0000,1.3264,15.1605,0.2859,0.00,0,0,0,0.00,-21.943050,-48.954090,10,0,-50
2026-08-31 01:19:43,#11,105,298,0.00,15.00,0.00,1013.24,0.0000,0.0000,-0.0000,0.0000,1.3264,15.1605,0.2859,0.00,0,0,0,0.00,-21.943050,-48.954090,10,0,-50
2026-08-31 01:19:44,#11,105,299,0.00,15.00,0.00,1013.24,0.0000,0.0000,-0.0000,0.0000,1.3264,15.1605,0.2859,0.00,0,0,0,0.00,-21.943050,-48.954090,10,0,-50
2026-08-31 01:19:44,#11,105,300,0.00,15.00,0.00,1013.24,0.0000,0.0000,-0.0000,0.0000,1.3264,15.1605,0.2859,0.00,0,0,0,0.00,-21.943050,-48.954090,10,0,-50
2026-08-31 01:19:45,#11,109,301,0.00,15.00,0.00,1013.24,0.0000,0.0000,-0.0000,0.0000,1.4612,16.7011,0.3459,0.00,0,0,0,0.00,-21.943050,-48.954090,10,0,-50
2026-08-31 01:19:45,#11,109,302,0.00,15.00,0.00,1013.24,0.0000,0.0000,-0.0000,0.0000,1.4612,16.7011,0.3459,0.00,0,0,0,0.00,-21.943050,-48.954090,10,0,-50
2026-08-31 01:19:46,#11,109,303,0.00,15.00,0.00,1013.24,0.0000,0.0000,-0.0000,0.0000,1.4612,16.7011,0.3459,0.00,0,0,0,0.00,-21.943050,-48.954090,10,0,-50
2026-08-31 01:19:46,#11,109,304,0.00,15.00,0.00,1013.24,0.0000,0.0000,-0.0000,0.0000,1.4612,16.7011,0.3459,0.00,0,0,0,0.00,-21.943050,-48.954090,10,0,-50
2026-08-31 01:19:47,#11,109,305,0.00,15.00,0.00,1013.24,0.0000,0.0000,-0.0000,0.0000,1.4612,16.7011,0.3459,0.00,0,0,0,0.00,-21.943050,-48.954090,10,0,-50
2026-08-31 01:19:47,#11,109,306,0.00,15.00,0.00,1013.24,0.0000,0.0000,-0.0000,0.0000,1.4612,16.7011,0.3459,0.00,0,0,0,0.00,-21.943050,-48.954090,10,0,-50
2026-08-31 01:19:48,#11,118,307,0.01,15.00,0.00,1013.24,-0.0000,-0.0000,0.0000,0.0000,1.7744,20.2814,0.5177,0.01,1,0,0,0.01,-21.943050,-48.954090,10,0,-50
2026-08-31 01:19:48,#11,118,308,0.01,15.00,0.00,1013.24,-0.0000,-0.0000,0.0000,0.0000,1.7744,20.2814,0.5177,0.01,1,0,0,0.01,-21.943050,-48.954090,10,0,-50
2026-08-31 01:19:49,#11,118,309,0.01,15.00,0.00,1013.24,-0.0000,-0.0000,0.0000,0.0000,1.7744,20.2814,0.5177,0.01,1,0,0,0.01,-21.943050,-48.954090,10,0,-50
2026-08-31 01:19:49,#11,118,310,0.01,15.00,0.00,1013.24,-0.0000,-0.0000,0.0000,0.0000,1.7744,20.2814,0.5177,0.01,1,0,0,0.01,-21.943050,-48.954090,10,0,-50
2026-08-31 01:19:50,#11,118,311,0.01,15.00,0.00,1013.24,-0.0000,-0.0000,0.0000,0.0000,1.7744,20.2814,0.5177,0.01,1,0,0,0.01,-21.943050,-48.954090,10,0,-50
2026-08-31 01:19:50,#11,118,312,0.01,15.00,0.00,1013.24,-0.0000,-0.0000,0.0000,0.0000,1.7744,20.2814,0.5177,0.01,1,0,0,0.01,-21.943050,-48.954090,10,0,-50
2026-08-31 01:19:51,#11,139,313,0.02,15.00,0.00,1013.23,0.0000,0.0000,-0.0000,0.0000,2.0943,23.9384,0.9910,0.02,1,0,0,0.02,-21.943050,-48.954090,10,0,-50
2026-08-31 01:19:51,#11,145,314,0.03,15.00,0.00,1013.23,-0.0000,-0.0000,0.0000,0.0000,2.1483,24.5553,1.1216,0.03,1,0,0,0.03,-21.943050,-48.954090,10,0,-50
2026-08-31 01:19:52,#11,145,315,0.03,15.00,0.00,1013.23,-0.0000,-0.0000,0.0000,0.0000,2.1483,24.5553,1.1216,0.03,1,0,0,0.03,-21.943050,-48.954090,10,0,-50
2026-08-31 01:19:52,#11,145,316,0.03,15.00,0.00,1013.23,-0.0000,-0.0000,0.0000,0.0000,2.1483,24.5553,1.1216,0.03,1,0,0,0.03,-21.943050,-48.954090,10,0,-50
2026-08-31 01:19:53,#11,145,317,0.03,15.00,0.00,1013.23,-0.0000,-0.0000,0.0000,0.0000,2.1485,24.5575,1.1222,0.03,1,0,0,0.03,-21.943050,-48.954090,10,0,-50
2026-08-31 01:19:53,#11,145,318,0.03,15.00,0.00,1013.23,-0.0000,-0.0000,0.0000,0.0000,2.1485,24.5575,1.1222,0.03,1,0,0,0.03,-21.943050,-48.954090,10,0,-50
2026-08-31 01:19:54,#11,145,319,0.03,15.00,0.00,1013.23,-0.0000,-0.0000,0.0000,0.0000,2.1485,24.5575,1.1222,0.03,1,0,0,0.03,-21.943050,-48.954090,10,0,-50
2026-08-31 01:19:54,#11,145,320,0.03,15.00,0.00,1013.23,-0.0000,-0.0000,0.0000,0.0000,2.1485,24.5575,1.1222,0.03,1,0,0,0.03,-21.943050,-48.954090,10,0,-50
2026-08-31 01:19:55,#11,146,321,0.03,15.00,0.00,1013.23,-0.0000,-0.0000,0.0000,0.0000,2.1557,24.6394,1.1440,0.03,1,0,0,0.03,-21.943050,-48.954090,10,0,-50
2026-08-31 01:19:55,#11,146,322,0.03,15.00,0.00,1013.23,-0.0000,-0.0000,0.0000,0.0000,2.1557,24.6394,1.1440,0.03,1,0,0,0.03,-21.943050,-48.954090,10,0,-50
2026-08-31 01:19:56,#11,146,323,0.03,15.00,0.00,1013.23,-0.0000,-0.0000,0.0000,0.0000,2.1557,24.6394,1.1440,0.03,1,0,0,0.03,-21.943050,-48.954090,10,0,-50
2026-08-31 01:19:56,#11,146,324,0.03,15.00,0.00,1013.23,-0.0000,-0.0000,0.0000,0.0000,2.1557,24.6394,1.1440,0.03,1,0,0,0.03,-21.943050,-48.954090,10,0,-50
2026-08-31 01:19:57,#11,164,325,0.06,15.00,0.00,1013.23,0.0000,0.0000,-0.0000,0.0000,2.2584,25.8140,1.5990,0.06,1,0,0,0.06,-21.943050,-48.954090,10,0,-50
2026-08-31 01:19:57,#11,164,326,0.06,15.00,0.00,1013.23,0.0000,0.0000,-0.0000,0.0000,2.2584,25.8140,1.5990,0.06,1,0,0,0.06,-21.943050,-48.954090,10,0,-50
2026-08-31 01:19:58,#11,164,327,0.06,15.00,0.00,1013.23,0.0000,0.0000,-0.0000,0.0000,2.2584,25.8140,1.5990,0.06,1,0,0,0.06,-21.943050,-48.954090,10,0,-50
2026-08-31 01:19:58,#11,164,328,0.06,15.00,0.00,1013.23,0.0000,0.0000,-0.0000,0.0000,2.2584,25.8140,1.5990,0.06,1,0,0,0.06,-21.943050,-48.954090,10,0,-50
2026-08-31 01:19:59,#11,174,329,0.07,15.00,0.00,1013.23,-0.0000,-0.0000,0.0000,0.0000,2.3042,26.3376,1.8652,0.07,1,0,0,0.07,-21.943050,-48.954090,10,0,-50
2026-08-31 01:19:59,#11,174,330,0.07,15.00,0.00,1013.23,-0.0000,-0.0000,0.0000,0.0000,2.3042,26.3376,1.8652,0.07,1,0,0,0.07,-21.943050,-48.954090,10,0,-50
2026-08-31 01:20:00,#11,174,331,0.07,15.00,0.00,1013.23,-0.0000,-0.0000,0.0000,0.0000,2.3042,26.3376,1.8652,0.07,1,0,0,0.07,-21.943050,-48.954090,10,0,-50
2026-08-31 01:20:00,#11,174,332,0.07,15.00,0.00,1013.23,-0.0000,-0.0000,0.0000,0.0000,2.3042,26.3376,1.8652,0.07,1,0,0,0.07,-21.943050,-48.954090,10,0,-50
2026-08-31 01:20:01,#11,174,333,0.07,15.00,0.00,1013.23,-0.0000,-0.0000,0.0000,0.0000,2.3042,26.3376,1.8652,0.07,1,0,0,0.07,-21.943050,-48.954090,10,0,-50
2026-08-31 01:20:01,#11,174,334,0.07,15.00,0.00,1013.23,-0.0000,-0.0000,0.0000,0.0000,2.3057,26.3548,1.8752,0.07,1,0,0,0.07,-21.943050,-48.954090,10,0,-50
2026-08-31 01:20:02,#11,174,335,0.07,15.00,0.00,1013.23,-0.0000,-0.0000,0.0000,0.0000,2.3057,26.3548,1.8752,0.07,1,0,0,0.07,-21.943050,-48.954090,10,0,-50
2026-08-31 01:20:02,#11,174,336,0.07,15.00,0.00,1013.23,-0.0000,-0.0000,0.0000,0.0000,2.3057,26.3548,1.8752,0.07,1,0,0,0.07,-21.943050,-48.954090,10,0,-50
2026-08-31 01:20:03,#11,174,337,0.07,15.00,0.00,1013.23,-0.0000,-0.0000,0.0000,0.0000,2.3057,26.3548,1.8752,0.07,1,0,0,0.07,-21.943050,-48.954090,10,0,-50
2026-08-31 01:20:03,#11,174,338,0.07,15.00,0.00,1013.23,-0.0000,-0.0000,0.0000,0.0000,2.3057,26.3548,1.8752,0.07,1,0,0,0.07,-21.943050,-48.954090,10,0,-50
2026-08-31 01:20:04,#11,177,339,0.08,15.00,0.00,1013.23,-0.0000,-0.0000,0.0000,0.0000,2.3184,26.4989,1.9586,0.08,1,0,0,0.08,-21.943050,-48.954090,10,0,-50
2026-08-31 01:20:04,#11,177,340,0.08,15.00,0.00,1013.23,-0.0000,-0.0000,0.0000,0.0000,2.3184,26.4989,1.9586,0.08,1,0,0,0.08,-21.943050,-48.954090,10,0,-50
2026-08-31 01:20:05,#11,177,341,0.08,15.00,0.00,1013.23,-0.0000,-0.0000,0.0000,0.0000,2.3184,26.4989,1.9586,0.08,1,0,0,0.08,-21.943050,-48.954090,10,0,-50
2026-08-31 01:20:05,#11,177,342,0.08,15.00,0.00,1013.23,-0.0000,-0.0000,0.0000,0.0000,2.3184,26.4989,1.9586,0.08,1,0,0,0.08,-21.943050,-48.954090,10,0,-50
2026-08-31 01:20:06,#11,177,343,0.08,15.00,0.00,1013.23,-0.0000,-0.0000,0.0000,0.0000,2.3184,26.4989,1.9586,0.08,1,0,0,0.08,-21.943050,-48.954090,10,0,-50
2026-08-31 01:20:06,#11,177,344,0.08,15.00,0.00,1013.23,-0.0000,-0.0000,0.0000,0.0000,2.3184,26.4989,1.9586,0.08,1,0,0,0.08,-21.943050,-48.954090,10,0,-50
2026-08-31 01:20:07,#11,177,345,0.08,15.00,0.00,1013.23,-0.0000,-0.0000,0.0000,0.0000,2.3184,26.4989,1.9586,0.08,1,0,0,0.08,-21.943050,-48.954090,10,0,-50
2026-08-31 01:20:07,#11,177,346,0.08,15.00,0.00,1013.23,-0.0000,-0.0000,0.0000,0.0000,2.3184,26.4989,1.9586,0.08,1,0,0,0.08,-21.943050,-48.954090,10,0,-50
2026-08-31 01:20:08,#11,184,347,0.09,15.00,0.00,1013.23,0.0000,0.0000,-0.0000,0.0000,2.3491,26.8506,2.1348,0.09,1,0,0,0.09,-21.943050,-48.954090,10,0,-50
2026-08-31 01:20:08,#11,212,348,0.17,15.00,0.00,1013.23,-0.0000,-0.0000,0.0000,0.0000,2.5627,29.2913,2.9222,0.17,1,0,0,0.17,-21.943050,-48.954090,10,0,-50
2026-08-31 01:20:09,#11,212,349,0.17,15.00,0.00,1013.23,-0.0000,-0.0000,0.0000,0.0000,2.5627,29.2913,2.9222,0.17,1,0,0,0.17,-21.943050,-48.954090,10,0,-50
2026-08-31 01:20:09,#11,212,350,0.17,15.00,0.00,1013.23,-0.0000,-0.0000,0.0000,0.0000,2.5627,29.2913,2.9222,0.17,1,0,0,0.17,-21.943050,-48.954090,10,0,-50
2026-08-31 01:20:10,#11,212,351,0.17,15.00,0.00,1013.23,-0.0000,-0.0000,0.0000,0.0000,2.5627,29.2913,2.9222,0.17,1,0,0,0.17,-21.943050,-48.954090,10,0,-50
2026-08-31 01:20:10,#11,212,352,0.17,15.00,0.00,1013.23,-0.0000,-0.0000,0.0000,0.0000,2.5627,29.2913,2.9222,0.17,1,0,0,0.17,-21.943050,-48.954090,10,0,-50
2026-08-31 01:20:11,#11,215,353,0.17,15.00,0.00,1013.22,-0.0000,-0.0000,0.0000,0.0000,2.5932,29.6407,3.0128,0.17,1,0,0,0.17,-21.943050,-48.954090,10,0,-50
2026-08-31 01:20:11,#11,252,354,0.31,15.00,0.00,1013.22,0.0000,0.0000,-0.0000,0.0000,3.0553,34.9223,4.1928,0.31,1,0,0,0.31,-21.943050,-48.954090,10,0,-50
2026-08-31 01:20:12,#11,252,355,0.31,15.00,0.00,1013.22,0.0000,0.0000,-0.0000,0.0000,3.0553,34.9223,4.1928,0.31,1,0,0,0.31,-21.943050,-48.954090,10,0,-50
2026-08-31 01:20:12,#11,252,356,0.31,15.00,0.00,1013.22,0.0000,0.0000,-0.0000,0.0000,3.0553,34.9223,4.1928,0.31,1,0,0,0.31,-21.943050,-48.954090,10,0,-50
2026-08-31 01:20:13,#11,252,357,0.31,15.00,0.00,1013.22,0.0000,0.0000,-0.0000,0.0000,3.0553,34.9223,4.1928,0.31,1,0,0,0.31,-21.943050,-48.954090,10,0,-50
2026-08-31 01:20:13,#11,266,358,0.37,15.00,0.00,1013.22,-0.0000,-0.0000,0.0000,0.0000,3.1726,36.2633,4.7168,0.37,1,0,0,0.37,-21.943050,-48.954090,10,0,-50
2026-08-31 01:20:14,#11,266,359,0.37,15.00,0.00,1013.22,-0.0000,-0.0000,0.0000,0.0000,3.1726,36.2633,4.7168,0.37,1,0,0,0.37,-21.943050,-48.954090,10,0,-50
2026-08-31 01:20:14,#11,266,360,0.37,15.00,0.00,1013.22,-0.0000,-0.0000,0.0000,0.0000,3.1726,36.2633,4.7168,0.37,1,0,0,0.37,-21.943050,-48.954090,10,0,-50
2026-08-31 01:20:15,#11,266,361,0.37,15.00,0.00,1013.22,-0.0000,-0.0000,0.0000,0.0000,3.1726,36.2633,4.7168,0.37,1,0,0,0.37,-21.943050,-48.954090,10,0,-50
2026-08-31 01:20:15,#11,281,362,0.44,15.00,0.00,1013.22,0.0000,0.0000,-0.0000,0.0000,3.2715,37.3936,5.2564,0.44,1,0,0,0.44,-21.943050,-48.954090,10,0,-50
2026-08-31 01:20:16,#11,281,363,0.44,15.00,0.00,1013.22,0.0000,0.0000,-0.0000,0.0000,3.2715,37.3936,5.2564,0.44,1,0,0,0.44,-21.943050,-48.954090,10,0,-50
2026-08-31 01:20:16,#11,493,364,2.62,15.00,0.00,1013.19,0.0000,0.0000,-0.0000,0.0037,4.5004,66.3873,16.2415,2.62,1,0,0,2.62,-21.943048,-48.954090,10,0,-50
2026-08-31 01:20:17,#11,493,365,2.62,15.00,0.00,1013.19,0.0000,0.0000,-0.0000,0.0037,4.5004,66.3873,16.2415,2.62,1,0,0,2.62,-21.943048,-48.954090,10,0,-50
2026-08-31 01:20:17,#11,493,366,2.62,15.00,0.00,1013.19,0.0000,0.0000,-0.0000,0.0037,4.5004,66.3873,16.2415,2.62,1,0,0,2.62,-21.943048,-48.954090,10,0,-50
2026-08-31 01:20:18,#11,493,367,2.62,15.00,0.00,1013.19,0.0000,0.0000,-0.0000,0.0037,4.5004,66.3873,16.2415,2.62,1,0,0,2.62,-21.943048,-48.954090,10,0,-50
2026-08-31 01:20:18,#11,534,368,3.34,15.00,0.00,1013.19,-0.0001,-0.0001,-0.0000,-0.0028,7.1840,72.3738,19.0728,3.34,1,0,0,3.34,-21.943047,-48.954090,10,0,-50
2026-08-31 01:20:19,#11,534,369,3.34,15.00,0.00,1013.19,-0.0001,-0.0001,-0.0000,-0.0028,7.1840,72.3738,19.0728,3.34,1,0,0,3.34,-21.943047,-48.954090,10,0,-50
2026-08-31 01:20:19,#11,534,370,3.34,15.00,0.00,1013.19,-0.0001,-0.0001,-0.0000,-0.0028,7.1840,72.3738,19.0728,3.34,1,0,0,3.34,-21.943047,-48.954090,10,0,-50
2026-08-31 01:20:20,#11,559,371,3.84,15.00,0.00,1013.18,-0.0002,-0.0002,-0.0000,-0.0030,7.4228,75.1357,20.9218,3.84,1,0,0,3.84,-21.943047,-48.954090,10,0,-50
2026-08-31 01:20:20,#11,559,372,3.84,15.00,0.00,1013.18,-0.0002,-0.0002,-0.0000,-0.0030,7.4228,75.1357,20.9218,3.84,1,0,0,3.84,-21.943047,-48.954090,10,0,-50
2026-08-31 01:20:21,#11,559,373,3.84,15.00,0.00,1013.18,-0.0002,-0.0002,-0.0000,-0.0030,7.4228,75.1357,20.9218,3.84,1,0,0,3.84,-21.943047,-48.954090,10,0,-50
2026-08-31 01:20:21,#11,560,374,3.86,15.00,0.00,1013.18,-0.0002,-0.0002,-0.0000,-0.0030,7.4310,75.2294,20.9652,3.86,1,0,0,3.86,-21.943047,-48.954090,10,0,-50
2026-08-31 01:20:22,#11,560,375,3.86,15.00,0.00,1013.18,-0.0002,-0.0002,-0.0000,-0.0030,7.4310,75.2294,20.9652,3.86,1,0,0,3.86,-21.943047,-48.954090,10,0,-50
2026-08-31 01:20:22,#11,560,376,3.86,15.00,0.00,1013.18,-0.0002,-0.0002,-0.0000,-0.0030,7.4310,75.2294,20.9652,3.86,1,0,0,3.86,-21.943047,-48.954090,10,0,-50
2026-08-31 01:20:23,#11,2109,377,148.66,14.99,0.00,1013.00,-0.0065,-0.0067,-0.0000,-0.0229,1.4701,4.9056,140.0893,148.66,1,0,0,148.66,-21.942916,-48.954090,10,0,-50
2026-08-31 01:20:23,#11,2109,378,148.66,14.99,0.00,1013.00,-0.0065,-0.0067,-0.0000,-0.0229,1.4701,4.9056,140.0893,148.66,1,0,0,148.66,-21.942916,-48.954090,10,0,-50
2026-08-31 01:20:24,#11,2109,379,148.66,14.99,0.00,1013.00,-0.0065,-0.0067,-0.0000,-0.0229,1.4701,4.9056,140.0893,148.66,1,0,0,148.66,-21.942916,-48.954090,10,0,-50
2026-08-31 01:20:24,#11,5260,380,531.89,14.97,0.00,1012.63,-0.0090,-0.0093,-0.0000,-0.0109,-0.5577,-13.7664,98.4480,531.89,1,0,0,531.89,-21.942511,-48.954092,10,0,-50
2026-08-31 01:20:25,#11,5260,381,531.89,14.97,0.00,1012.63,-0.0090,-0.0093,-0.0000,-0.0109,-0.5577,-13.7664,98.4480,531.89,1,0,0,531.89,-21.942511,-48.954092,10,0,-50
2026-08-31 01:20:25,#11,5260,382,531.89,14.97,0.00,1012.63,-0.0090,-0.0093,-0.0000,-0.0109,-0.5577,-13.7664,98.4480,531.89,1,0,0,531.89,-21.942511,-48.954092,10,0,-50
2026-08-31 01:20:26,#11,11211,383,903.56,14.93,0.00,1011.93,-0.0661,-0.0676,-0.0000,-0.0022,-0.2066,-10.1236,29.9654,903.56,1,0,0,903.56,-21.941861,-48.954097,10,0,-50
2026-08-31 01:20:26,#11,11593,384,914.28,14.92,0.00,1011.89,-0.0803,-0.0821,-0.0000,-0.0017,-0.2018,-10.0313,26.1102,914.28,1,0,0,914.28,-21.941823,-48.954098,10,0,-50
2026-08-31 01:20:27,#11,11593,385,914.28,14.92,0.00,1011.89,-0.0803,-0.0821,-0.0000,-0.0017,-0.2018,-10.0313,26.1102,914.28,1,0,0,914.28,-21.941823,-48.954098,10,0,-50
2026-08-31 01:20:27,#11,11593,386,914.28,14.92,0.00,1011.89,-0.0803,-0.0821,-0.0000,-0.0017,-0.2018,-10.0313,26.1102,914.28,1,0,0,914.28,-21.941823,-48.954098,10,0,-50
2026-08-31 01:20:28,#11,11593,387,914.28,14.92,0.00,1011.89,-0.0803,-0.0821,-0.0000,-0.0017,-0.2018,-10.0313,26.1102,914.28,1,0,0,914.28,-21.941823,-48.954098,10,0,-50
2026-08-31 01:20:28,#11,17481,388,922.72,14.89,0.00,1011.20,-0.7704,-0.7896,-0.0019,0.0137,-1.2592,-0.0660,-8.7958,922.72,5,0,0,922.72,-21.941362,-48.954103,10,1,-50
2026-08-31 01:20:29,#11,2,1,0.00,15.00,0.00,1013.25,0.0000,0.0000,-0.0000,0.0000,0.0000,0.0000,0.0000,0.00,0,0,0,0.00,-21.943050,-48.954090,10,0,-50
2026-08-31 01:20:29,#11,2,2,0.00,15.00,0.00,1013.25,0.0000,0.0000,-0.0000,0.0000,0.0000,0.0000,0.0000,0.00,0,0,0,0.00,-21.943050,-48.954090,10,0,-50
2026-08-31 01:20:30,#11,2,3,0.00,15.00,0.00,1013.25,0.0000,0.0000,-0.0000,0.0000,0.0000,0.0000,0.0000,0.00,0,0,0,0.00,-21.943050,-48.954090,10,0,-50
2026-08-31 01:20:30,#11,2,4,0.00,15.00,0.00,1013.25,0.0000,0.0000,-0.0000,0.0000,0.0000,0.0000,0.0000,0.00,0,0,0,0.00,-21.943050,-48.954090,10,0,-50
2026-08-31 01:20:31,#11,2,5,0.00,15.00,0.00,1013.25,0.0000,0.0000,-0.0000,0.0000,0.0000,0.0000,0.0000,0.00,0,0,0,0.00,-21.943050,-48.954090,10,0,-50
2026-08-31 01:20:31,#11,3,6,0.00,15.00,0.00,1013.25,0.0000,0.0000,0.0000,0.0000,0.0000,0.0000,0.0000,0.00,0,0,0,0.00,-21.943050,-48.954090,10,0,-50
2026-08-31 01:20:32,#11,3,7,0.00,15.00,0.00,1013.25,0.0000,0.0000,0.0000,0.0000,0.0000,0.0000,0.0000,0.00,0,0,0,0.00,-21.943050,-48.954090,10,0,-50
2026-08-31 01:20:32,#11,3,8,-0.00,15.00,0.00,1013.25,-0.0000,-0.0000,0.0000,-0.0000,-0.0000,-0.0000,-0.0000,0.00,0,0,0,-0.00,-21.943050,-48.954090,10,0,-50
2026-08-31 01:20:33,#11,3,9,-0.00,15.00,0.00,1013.25,-0.0000,-0.0000,0.0000,-0.0000,-0.0000,-0.0000,-0.0000,0.00,0,0,0,-0.00,-21.943050,-48.954090,10,0,-50
2026-08-31 01:20:33,#11,3,10,-0.00,15.00,0.00,1013.25,-0.0000,-0.0000,0.0000,-0.0000,-0.0000,-0.0000,-0.0000,0.00,0,0,0,-0.00,-21.943050,-48.954090,10,0,-50
2026-08-31 01:20:34,#11,3,11,-0.00,15.00,0.00,1013.25,-0.0000,-0.0000,0.0000,-0.0000,-0.0000,-0.0000,-0.0000,0.00,0,0,0,-0.00,-21.943050,-48.954090,10,0,-50
2026-08-31 01:20:34,#11,3,12,-0.00,15.00,0.00,1013.25,-0.0000,-0.0000,0.0000,-0.0000,-0.0000,-0.0000,-0.0000,0.00,0,0,0,-0.00,-21.943050,-48.954090,10,0,-50
2026-08-31 01:20:35,#11,3,13,-0.00,15.00,0.00,1013.25,-0.0000,-0.0000,0.0000,-0.0000,-0.0000,-0.0000,-0.0000,0.00,0,0,0,-0.00,-21.943050,-48.954090,10,0,-50
2026-08-31 01:20:35,#11,4,14,-0.00,15.00,0.00,1013.25,-0.0000,-0.0000,0.0000,-0.0000,-0.0000,-0.0000,-0.0000,0.00,0,0,0,-0.00,-21.943050,-48.954090,10,0,-50
2026-08-31 01:20:36,#11,4,15,-0.00,15.00,0.00,1013.25,-0.0000,-0.0000,0.0000,-0.0000,-0.0000,-0.0000,-0.0000,0.00,0,0,0,-0.00,-21.943050,-48.954090,10,0,-50
2026-08-31 01:20:36,#11,4,16,-0.00,15.00,0.00,1013.25,-0.0000,-0.0000,0.0000,-0.0000,-0.0000,-0.0000,-0.0000,0.00,0,0,0,-0.00,-21.943050,-48.954090,10,0,-50
2026-08-31 01:20:37,#11,4,17,-0.00,15.00,0.00,1013.25,-0.0000,-0.0000,0.0000,-0.0000,-0.0000,-0.0000,-0.0000,0.00,0,0,0,-0.00,-21.943050,-48.954090,10,0,-50
2026-08-31 01:20:37,#11,4,18,-0.00,15.00,0.00,1013.25,-0.0000,-0.0000,0.0000,-0.0000,-0.0000,-0.0000,-0.0000,0.00,0,0,0,-0.00,-21.943050,-48.954090,10,0,-50
2026-08-31 01:20:38,#11,4,19,-0.00,15.00,0.00,1013.25,-0.0000,-0.0000,0.0000,-0.0000,-0.0000,-0.0000,-0.0000,0.00,0,0,0,-0.00,-21.943050,-48.954090,10,0,-50
2026-08-31 01:20:38,#11,4,20,-0.00,15.00,0.00,1013.25,-0.0000,-0.0000,0.0000,-0.0000,-0.0000,-0.0000,-0.0000,0.00,0,0,0,-0.00,-21.943050,-48.954090,10,0,-50
2026-08-31 01:20:39,#11,4,21,-0.00,15.00,0.00,1013.25,-0.0000,-0.0000,0.0000,-0.0000,-0.0000,-0.0000,-0.0000,0.00,0,0,0,-0.00,-21.943050,-48.954090,10,0,-50
2026-08-31 01:20:39,#11,4,22,-0.00,15.00,0.00,1013.25,-0.0000,-0.0000,0.0000,-0.0000,-0.0000,-0.0000,-0.0000,0.00,0,0,0,-0.00,-21.943050,-48.954090,10,0,-50
2026-08-31 01:20:40,#11,5,23,-0.00,15.00,0.00,1013.25,-0.0000,-0.0000,0.0000,-0.0000,-0.0000,-0.0000,-0.0000,0.00,0,0,0,-0.00,-21.943050,-48.954090,10,0,-50
2026-08-31 01:20:40,#11,5,24,-0.00,15.00,0.00,1013.25,-0.0000,-0.0000,0.0000,-0.0000,-0.0000,-0.0000,-0.0000,0.00,0,0,0,-0.00,-21.943050,-48.954090,10,0,-50
2026-08-31 01:20:41,#11,5,25,-0.00,15.00,0.00,1013.25,-0.0000,-0.0000,0.0000,-0.0000,-0.0000,-0.0000,-0.0000,0.00,0,0,0,-0.00,-21.943050,-48.954090,10,0,-50
2026-08-31 01:20:41,#11,5,26,-0.00,15.00,0.00,1013.25,-0.0000,-0.0000,0.0000,-0.0000,-0.0000,-0.0000,-0.0000,0.00,0,0,0,-0.00,-21.943050,-48.954090,10,0,-50
2026-08-31 01:20:42,#11,5,27,-0.00,15.00,0.00,1013.25,-0.0000,-0.0000,0.0000,-0.0000,-0.0000,-0.0000,-0.0000,0.00,0,0,0,-0.00,-21.943050,-48.954090,10,0,-50
2026-08-31 01:20:42,#11,5,28,-0.00,15.00,0.00,1013.25,-0.0000,-0.0000,0.0000,-0.0000,-0.0000,-0.0000,-0.0000,0.00,0,0,0,-0.00,-21.943050,-48.954090,10,0,-50
2026-08-31 01:20:43,#11,5,29,-0.00,15.00,0.00,1013.25,-0.0000,-0.0000,0.0000,-0.0000,-0.0000,-0.0000,-0.0000,0.00,0,0,0,-0.00,-21.943050,-48.954090,10,0,-50
2026-08-31 01:20:43,#11,5,30,-0.00,15.00,0.00,1013.25,-0.0000,-0.0000,0.0000,-0.0000,-0.0000,-0.0000,-0.0000,0.00,0,0,0,-0.00,-21.943050,-48.954090,10,0,-50
2026-08-31 01:20:44,#11,5,31,-0.00,15.00,0.00,1013.25,-0.0000,-0.0000,0.0000,-0.0000,-0.0000,-0.0000,-0.0000,0.00,0,0,0,-0.00,-21.943050,-48.954090,10,0,-50
2026-08-31 01:20:44,#11,5,32,-0.00,15.00,0.00,1013.25,-0.0000,-0.0000,0.0000,-0.0000,-0.0000,-0.0000,-0.0000,0.00,0,0,0,-0.00,-21.943050,-48.954090,10,0,-50
2026-08-31 01:20:45,#11,5,33,-0.00,15.00,0.00,1013.25,-0.0000,-0.0000,0.0000,-0.0000,-0.0000,-0.0000,-0.0000,0.00,0,0,0,-0.00,-21.943050,-48.954090,10,0,-50
2026-08-31 01:20:45,#11,5,34,-0.00,15.00,0.00,1013.25,-0.0000,-0.0000,0.0000,-0.0000,-0.0000,-0.0000,-0.0000,0.00,0,0,0,-0.00,-21.943050,-48.954090,10,0,-50
2026-08-31 01:20:46,#11,5,35,-0.00,15.00,0.00,1013.25,-0.0000,-0.0000,0.0000,-0.0000,-0.0000,-0.0000,-0.0000,0.00,0,0,0,-0.00,-21.943050,-48.954090,10,0,-50
2026-08-31 01:20:46,#11,5,36,-0.00,15.00,0.00,1013.25,-0.0000,-0.0000,0.0000,-0.0000,-0.0000,-0.0000,-0.0000,0.00,0,0,0,-0.00,-21.943050,-48.954090,10,0,-50
2026-08-31 01:20:47,#11,5,37,-0.00,15.00,0.00,1013.25,-0.0000,-0.0000,0.0000,-0.0000,-0.0000,-0.0000,-0.0000,0.00,0,0,0,-0.00,-21.943050,-48.954090,10,0,-50
2026-08-31 01:20:47,#11,5,38,-0.00,15.00,0.00,1013.25,-0.0000,-0.0000,0.0000,-0.0000,-0.0000,-0.0000,-0.0000,0.00,0,0,0,-0.00,-21.943050,-48.954090,10,0,-50
2026-08-31 01:20:48,#11,6,39,-0.00,15.00,0.00,1013.25,-0.0000,-0.0000,0.0000,-0.0000,-0.0000,-0.0000,-0.0000,0.00,0,0,0,-0.00,-21.943050,-48.954090,10,0,-50
2026-08-31 01:20:48,#11,6,40,-0.00,15.00,0.00,1013.25,-0.0000,-0.0000,0.0000,-0.0000,-0.0000,-0.0000,-0.0000,0.00,0,0,0,-0.00,-21.943050,-48.954090,10,0,-50
2026-08-31 01:20:49,#11,6,41,-0.00,15.00,0.00,1013.25,-0.0000,-0.0000,0.0000,-0.0000,-0.0000,-0.0000,-0.0000,0.00,0,0,0,-0.00,-21.943050,-48.954090,10,0,-50
2026-08-31 01:20:49,#11,6,42,-0.00,15.00,0.00,1013.25,-0.0000,-0.0000,0.0000,-0.0000,-0.0000,-0.0000,-0.0000,0.00,0,0,0,-0.00,-21.943050,-48.954090,10,0,-50
2026-08-31 01:20:50,#11,6,43,0.00,15.00,0.00,1013.25,0.0000,-0.0000,0.0000,0.0000,0.0000,0.0000,0.0000,0.00,0,0,0,0.00,-21.943050,-48.954090,10,0,-50
2026-08-31 01:20:50,#11,6,44,0.00,15.00,0.00,1013.25,0.0000,0.0000,-0.0000,0.0000,0.0000,0.0000,0.0000,0.00,0,0,0,0.00,-21.943050,-48.954090,10,0,-50
2026-08-31 01:20:51,#11,6,45,0.00,15.00,0.00,1013.25,0.0000,0.0000,-0.0000,0.0000,0.0000,0.0000,0.0000,0.00,0,0,0,0.00,-21.943050,-48.954090,10,0,-50
2026-08-31 01:20:51,#11,6,46,0.00,15.00,0.00,1013.25,0.0000,0.0000,-0.0000,0.0000,0.0000,0.0000,0.0000,0.00,0,0,0,0.00,-21.943050,-48.954090,10,0,-50
2026-08-31 01:20:52,#11,6,47,0.00,15.00,0.00,1013.25,0.0000,0.0000,-0.0000,0.0000,0.0000,0.0000,0.0000,0.00,0,0,0,0.00,-21.943050,-48.954090,10,0,-50
2026-08-31 01:20:52,#11,6,48,0.00,15.00,0.00,1013.25,0.0000,0.0000,-0.0000,0.0000,0.0000,0.0000,0.0000,0.00,0,0,0,0.00,-21.943050,-48.954090,10,0,-50
2026-08-31 01:20:53,#11,6,49,0.00,15.00,0.00,1013.25,0.0000,0.0000,-0.0000,0.0000,0.0000,0.0000,0.0000,0.00,0,0,0,0.00,-21.943050,-48.954090,10,0,-50
2026-08-31 01:20:53,#11,6,50,0.00,15.00,0.00,1013.25,0.0000,0.0000,-0.0000,0.0000,0.0000,0.0000,0.0000,0.00,0,0,0,0.00,-21.943050,-48.954090,10,0,-50
2026-08-31 01:20:54,#11,7,51,0.00,15.00,0.00,1013.25,0.0000,0.0000,-0.0000,0.0000,0.0000,0.0000,0.0000,0.00,0,0,0,0.00,-21.943050,-48.954090,10,0,-50
2026-08-31 01:20:54,#11,7,52,0.00,15.00,0.00,1013.25,0.0000,0.0000,-0.0000,0.0000,0.0000,0.0000,0.0000,0.00,0,0,0,0.00,-21.943050,-48.954090,10,0,-50
2026-08-31 01:20:55,#11,7,53,0.00,15.00,0.00,1013.25,0.0000,0.0000,-0.0000,0.0000,0.0000,0.0000,0.0000,0.00,0,0,0,0.00,-21.943050,-48.954090,10,0,-50
2026-08-31 01:20:55,#11,7,54,0.00,15.00,0.00,1013.25,0.0000,0.0000,-0.0000,0.0000,0.0000,0.0000,0.0000,0.00,0,0,0,0.00,-21.943050,-48.954090,10,0,-50
2026-08-31 01:20:56,#11,7,55,0.00,15.00,0.00,1013.25,0.0000,0.0000,-0.0000,0.0000,0.0000,0.0000,0.0000,0.00,0,0,0,0.00,-21.943050,-48.954090,10,0,-50
2026-08-31 01:20:56,#11,7,56,0.00,15.00,0.00,1013.25,0.0000,0.0000,-0.0000,0.0000,0.0000,0.0000,0.0000,0.00,0,0,0,0.00,-21.943050,-48.954090,10,0,-50
2026-08-31 01:20:57,#11,7,57,0.00,15.00,0.00,1013.25,0.0000,0.0000,-0.0000,0.0000,0.0000,0.0000,0.0000,0.00,0,0,0,0.00,-21.943050,-48.954090,10,0,-50
2026-08-31 01:20:57,#11,7,58,0.00,15.00,0.00,1013.25,0.0000,0.0000,-0.0000,0.0000,0.0000,0.0000,0.0000,0.00,0,0,0,0.00,-21.943050,-48.954090,10,0,-50
2026-08-31 01:20:58,#11,7,59,0.00,15.00,0.00,1013.25,0.0000,0.0000,-0.0000,0.0000,0.0000,0.0000,0.0000,0.00,0,0,0,0.00,-21.943050,-48.954090,10,0,-50
2026-08-31 01:20:58,#11,8,60,0.00,15.00,0.00,1013.25,0.0000,0.0000,-0.0000,0.0000,0.0000,0.0000,0.0000,0.00,0,0,0,0.00,-21.943050,-48.954090,10,0,-50
2026-08-31 01:20:59,#11,8,61,0.00,15.00,0.00,1013.25,0.0000,0.0000,-0.0000,0.0000,0.0000,0.0000,0.0000,0.00,0,0,0,0.00,-21.943050,-48.954090,10,0,-50
2026-08-31 01:20:59,#11,8,62,0.00,15.00,0.00,1013.25,0.0000,0.0000,-0.0000,0.0000,0.0000,0.0000,0.0000,0.00,0,0,0,0.00,-21.943050,-48.954090,10,0,-50
2026-08-31 01:21:00,#11,9,63,0.00,15.00,0.00,1013.25,0.0000,0.0000,-0.0000,0.0000,0.0000,0.0000,0.0000,0.00,0,0,0,0.00,-21.943050,-48.954090,10,0,-50
2026-08-31 01:21:00,#11,9,64,0.00,15.00,0.00,1013.25,0.0000,0.0000,-0.0000,0.0000,0.0000,0.0000,0.0000,0.00,0,0,0,0.00,-21.943050,-48.954090,10,0,-50
2026-08-31 01:21:01,#11,9,65,0.00,15.00,0.00,1013.25,0.0000,0.0000,-0.0000,0.0000,0.0000,0.0000,0.0000,0.00,0,0,0,0.00,-21.943050,-48.954090,10,0,-50
2026-08-31 01:21:01,#11,9,66,0.00,15.00,0.00,1013.25,0.0000,0.0000,-0.0000,0.0000,0.0000,0.0000,0.0000,0.00,0,0,0,0.00,-21.943050,-48.954090,10,0,-50
2026-08-31 01:21:02,#11,9,67,0.00,15.00,0.00,1013.25,0.0000,0.0000,-0.0000,0.0000,0.0000,0.0000,0.0000,0.00,0,0,0,0.00,-21.943050,-48.954090,10,0,-50
2026-08-31 01:21:02,#11,9,68,0.00,15.00,0.00,1013.25,0.0000,0.0000,-0.0000,0.0000,0.0000,0.0000,0.0000,0.00,0,0,0,0.00,-21.943050,-48.954090,10,0,-50
2026-08-31 01:21:03,#11,9,69,0.00,15.00,0.00,1013.25,0.0000,0.0000,-0.0000,0.0000,0.0000,0.0000,0.0000,0.00,0,0,0,0.00,-21.943050,-48.954090,10,0,-50
2026-08-31 01:21:03,#11,9,70,0.00,15.00,0.00,1013.25,0.0000,0.0000,-0.0000,0.0000,0.0000,0.0000,0.0000,0.00,0,0,0,0.00,-21.943050,-48.954090,10,0,-50
2026-08-31 01:21:04,#11,9,71,0.00,15.00,0.00,1013.25,0.0000,0.0000,-0.0000,0.0000,0.0000,0.0000,0.0000,0.00,0,0,0,0.00,-21.943050,-48.954090,10,0,-50
2026-08-31 01:21:04,#11,9,72,0.00,15.00,0.00,1013.25,0.0000,0.0000,-0.0000,0.0000,0.0000,0.0000,0.0000,0.00,0,0,0,0.00,-21.943050,-48.954090,10,0,-50
2026-08-31 01:21:05,#11,9,73,0.00,15.00,0.00,1013.25,0.0000,0.0000,-0.0000,0.0000,0.0000,0.0000,0.0000,0.00,0,0,0,0.00,-21.943050,-48.954090,10,0,-50
2026-08-31 01:21:05,#11,9,74,0.00,15.00,0.00,1013.25,0.0000,0.0000,-0.0000,0.0000,0.0000,0.0000,0.0000,0.00,0,0,0,0.00,-21.943050,-48.954090,10,0,-50
2026-08-31 01:21:06,#11,9,75,0.00,15.00,0.00,1013.25,0.0000,0.0000,-0.0000,0.0000,0.0000,0.0000,0.0000,0.00,0,0,0,0.00,-21.943050,-48.954090,10,0,-50
2026-08-31 01:21:06,#11,9,76,0.00,15.00,0.00,1013.25,0.0000,0.0000,-0.0000,0.0000,0.0000,0.0000,0.0000,0.00,0,0,0,0.00,-21.943050,-48.954090,10,0,-50
2026-08-31 01:21:07,#11,9,77,0.00,15.00,0.00,1013.25,0.0000,0.0000,-0.0000,0.0000,0.0000,0.0000,0.0000,0.00,0,0,0,0.00,-21.943050,-48.954090,10,0,-50
2026-08-31 01:21:07,#11,9,78,0.00,15.00,0.00,1013.25,0.0000,0.0000,-0.0000,0.0000,0.0000,0.0000,0.0000,0.00,0,0,0,0.00,-21.943050,-48.954090,10,0,-50
2026-08-31 01:21:08,#11,9,79,0.00,15.00,0.00,1013.25,0.0000,0.0000,-0.0000,0.0000,0.0000,0.0000,0.0000,0.00,0,0,0,0.00,-21.943050,-48.954090,10,0,-50
2026-08-31 01:21:08,#11,10,80,0.00,15.00,0.00,1013.25,0.0000,0.0000,-0.0000,0.0000,0.0000,0.0000,0.0000,0.00,0,0,0,0.00,-21.943050,-48.954090,10,0,-50
2026-08-31 01:21:09,#11,10,81,0.00,15.00,0.00,1013.25,0.0000,0.0000,-0.0000,0.0000,0.0000,0.0000,0.0000,0.00,0,0,0,0.00,-21.943050,-48.954090,10,0,-50
2026-08-31 01:21:09,#11,10,82,0.00,15.00,0.00,1013.25,0.0000,0.0000,-0.0000,0.0000,0.0000,0.0000,0.0000,0.00,0,0,0,0.00,-21.943050,-48.954090,10,0,-50
2026-08-31 01:21:10,#11,10,83,0.00,15.00,0.00,1013.25,0.0000,0.0000,-0.0000,0.0000,0.0000,0.0000,0.0000,0.00,0,0,0,0.00,-21.943050,-48.954090,10,0,-50
2026-08-31 01:21:10,#11,10,84,0.00,15.00,0.00,1013.25,0.0000,0.0000,-0.0000,0.0000,0.0000,0.0000,0.0000,0.00,0,0,0,0.00,-21.943050,-48.954090,10,0,-50
2026-08-31 01:21:11,#11,10,85,0.00,15.00,0.00,1013.25,0.0000,0.0000,-0.0000,0.0000,0.0000,0.0000,0.0000,0.00,0,0,0,0.00,-21.943050,-48.954090,10,0,-50
2026-08-31 01:21:11,#11,11,86,0.00,15.00,0.00,1013.25,0.0000,0.0000,-0.0000,0.0000,0.0000,0.0000,0.0000,0.00,0,0,0,0.00,-21.943050,-48.954090,10,0,-50
2026-08-31 01:21:12,#11,11,87,0.00,15.00,0.00,1013.25,0.0000,0.0000,-0.0000,0.0000,0.0000,0.0000,0.0000,0.00,0,0,0,0.00,-21.943050,-48.954090,10,0,-50
2026-08-31 01:21:12,#11,11,88,0.00,15.00,0.00,1013.25,0.0000,0.0000,-0.0000,0.0000,0.0000,0.0000,0.0000,0.00,0,0,0,0.00,-21.943050,-48.954090,10,0,-50
2026-08-31 01:21:13,#11,11,89,0.00,15.00,0.00,1013.25,0.0000,0.0000,-0.0000,0.0000,0.0000,0.0000,0.0000,0.00,0,0,0,0.00,-21.943050,-48.954090,10,0,-50
2026-08-31 01:21:13,#11,11,90,0.00,15.00,0.00,1013.25,0.0000,0.0000,-0.0000,0.0000,0.0000,0.0000,0.0000,0.00,0,0,0,0.00,-21.943050,-48.954090,10,0,-50
2026-08-31 01:21:14,#11,11,91,0.00,15.00,0.00,1013.25,0.0000,0.0000,-0.0000,0.0000,0.0000,0.0000,0.0000,0.00,0,0,0,0.00,-21.943050,-48.954090,10,0,-50
2026-08-31 01:21:14,#11,11,92,0.00,15.00,0.00,1013.25,0.0000,0.0000,-0.0000,0.0000,0.0000,0.0000,0.0000,0.00,0,0,0,0.00,-21.943050,-48.954090,10,0,-50
2026-08-31 01:21:15,#11,11,93,0.00,15.00,0.00,1013.25,0.0000,0.0000,-0.0000,0.0000,0.0000,0.0000,0.0000,0.00,0,0,0,0.00,-21.943050,-48.954090,10,0,-50
2026-08-31 01:21:15,#11,11,94,0.00,15.00,0.00,1013.25,0.0000,0.0000,-0.0000,0.0000,0.0000,0.0000,0.0000,0.00,0,0,0,0.00,-21.943050,-48.954090,10,0,-50
2026-08-31 01:21:16,#11,11,95,0.00,15.00,0.00,1013.25,0.0000,0.0000,-0.0000,0.0000,0.0000,0.0000,0.0000,0.00,0,0,0,0.00,-21.943050,-48.954090,10,0,-50
2026-08-31 01:21:16,#11,11,96,0.00,15.00,0.00,1013.25,0.0000,0.0000,-0.0000,0.0000,0.0000,0.0000,0.0000,0.00,0,0,0,0.00,-21.943050,-48.954090,10,0,-50
2026-08-31 01:21:17,#11,11,97,0.00,15.00,0.00,1013.25,0.0000,0.0000,-0.0000,0.0000,0.0000,0.0000,0.0000,0.00,0,0,0,0.00,-21.943050,-48.954090,10,0,-50
2026-08-31 01:21:17,#11,12,98,-0.00,15.00,0.00,1013.25,-0.0000,-0.0000,0.0000,-0.0000,-0.0000,-0.0000,-0.0000,0.00,0,0,0,-0.00,-21.943050,-48.954090,10,0,-50
2026-08-31 01:21:18,#11,12,99,-0.00,15.00,0.00,1013.25,-0.0000,-0.0000,0.0000,-0.0000,-0.0000,-0.0000,-0.0000,0.00,0,0,0,-0.00,-21.943050,-48.954090,10,0,-50
2026-08-31 01:21:18,#11,12,100,-0.00,15.00,0.00,1013.25,-0.0000,-0.0000,0.0000,-0.0000,-0.0000,-0.0000,-0.0000,0.00,0,0,0,-0.00,-21.943050,-48.954090,10,0,-50
2026-08-31 01:21:19,#11,12,101,-0.00,15.00,0.00,1013.25,-0.0000,-0.0000,0.0000,-0.0000,-0.0000,-0.0000,-0.0000,0.00,0,0,0,-0.00,-21.943050,-48.954090,10,0,-50
2026-08-31 01:21:19,#11,12,102,-0.00,15.00,0.00,1013.25,-0.0000,-0.0000,0.0000,-0.0000,-0.0000,-0.0000,-0.0000,0.00,0,0,0,-0.00,-21.943050,-48.954090,10,0,-50
2026-08-31 01:21:20,#11,12,103,-0.00,15.00,0.00,1013.25,-0.0000,-0.0000,0.0000,-0.0000,-0.0000,-0.0000,-0.0000,0.00,0,0,0,-0.00,-21.943050,-48.954090,10,0,-50
2026-08-31 01:21:20,#11,12,104,-0.00,15.00,0.00,1013.25,-0.0000,-0.0000,0.0000,-0.0000,-0.0000,-0.0000,-0.0000,0.00,0,0,0,-0.00,-21.943050,-48.954090,10,0,-50
2026-08-31 01:21:21,#11,12,105,-0.00,15.00,0.00,1013.25,-0.0000,-0.0000,0.0000,-0.0000,-0.0000,-0.0000,-0.0000,0.00,0,0,0,-0.00,-21.943050,-48.954090,10,0,-50
2026-08-31 01:21:21,#11,12,106,-0.00,15.00,0.00,1013.25,-0.0000,-0.0000,0.0000,-0.0000,-0.0000,-0.0000,-0.0000,0.00,0,0,0,-0.00,-21.943050,-48.954090,10,0,-50
2026-08-31 01:21:22,#11,12,107,-0.00,15.00,0.00,1013.25,-0.0000,-0.0000,0.0000,-0.0000,-0.0000,-0.0000,-0.0000,0.00,0,0,0,-0.00,-21.943050,-48.954090,10,0,-50
2026-08-31 01:21:22,#11,12,108,-0.00,15.00,0.00,1013.25,-0.0000,-0.0000,0.0000,-0.0000,-0.0000,-0.0000,-0.0000,0.00,0,0,0,-0.00,-21.943050,-48.954090,10,0,-50
2026-08-31 01:21:23,#11,12,109,-0.00,15.00,0.00,1013.25,-0.0000,-0.0000,0.0000,-0.0000,-0.0000,-0.0000,-0.0000,0.00,0,0,0,-0.00,-21.943050,-48.954090,10,0,-50
2026-08-31 01:21:23,#11,13,110,-0.00,15.00,0.00,1013.25,-0.0000,-0.0000,0.0000,-0.0000,-0.0000,-0.0000,-0.0000,0.00,0,0,0,-0.00,-21.943050,-48.954090,10,0,-50
2026-08-31 01:21:24,#11,13,111,-0.00,15.00,0.00,1013.25,-0.0000,-0.0000,0.0000,-0.0000,-0.0000,-0.0000,-0.0000,0.00,0,0,0,-0.00,-21.943050,-48.954090,10,0,-50
2026-08-31 01:21:24,#11,13,112,-0.00,15.00,0.00,1013.25,-0.0000,-0.0000,0.0000,-0.0000,-0.0000,-0.0000,-0.0000,0.00,0,0,0,-0.00,-21.943050,-48.954090,10,0,-50
2026-08-31 01:21:25,#11,13,113,-0.00,15.00,0.00,1013.25,-0.0000,-0.0000,0.0000,-0.0000,-0.0000,-0.0000,-0.0000,0.00,0,0,0,-0.00,-21.943050,-48.954090,10,0,-50
2026-08-31 01:21:25,#11,13,114,-0.00,15.00,0.00,1013.25,-0.0000,-0.0000,0.0000,-0.0000,-0.0000,-0.0000,-0.0000,0.00,0,0,0,-0.00,-21.943050,-48.954090,10,0,-50
2026-08-31 01:21:26,#11,13,115,-0.00,15.00,0.00,1013.25,-0.0000,-0.0000,0.0000,-0.0000,-0.0000,-0.0000,-0.0000,0.00,0,0,0,-0.00,-21.943050,-48.954090,10,0,-50
2026-08-31 01:21:26,#11,13,116,-0.00,15.00,0.00,1013.25,-0.0000,-0.0000,0.0000,-0.0000,-0.0000,-0.0000,-0.0000,0.00,0,0,0,-0.00,-21.943050,-48.954090,10,0,-50
2026-08-31 01:21:27,#11,13,117,-0.00,15.00,0.00,1013.25,-0.0000,-0.0000,0.0000,-0.0000,-0.0000,-0.0000,-0.0000,0.00,0,0,0,-0.00,-21.943050,-48.954090,10,0,-50
2026-08-31 01:21:27,#11,13,118,-0.00,15.00,0.00,1013.25,-0.0000,-0.0000,0.0000,-0.0000,-0.0000,-0.0000,-0.0000,0.00,0,0,0,-0.00,-21.943050,-48.954090,10,0,-50
2026-08-31 01:21:28,#11,13,119,-0.00,15.00,0.00,1013.25,-0.0000,-0.0000,0.0000,-0.0000,-0.0000,-0.0000,-0.0000,0.00,0,0,0,-0.00,-21.943050,-48.954090,10,0,-50
2026-08-31 01:21:28,#11,13,120,-0.00,15.00,0.00,1013.25,-0.0000,-0.0000,0.0000,-0.0000,-0.0000,-0.0000,-0.0000,0.00,0,0,0,-0.00,-21.943050,-48.954090,10,0,-50
2026-08-31 01:21:29,#11,13,121,-0.00,15.00,0.00,1013.25,-0.0000,-0.0000,0.0000,-0.0000,-0.0000,-0.0000,-0.0000,0.00,0,0,0,-0.00,-21.943050,-48.954090,10,0,-50
2026-08-31 01:21:29,#11,13,122,-0.00,15.00,0.00,1013.25,-0.0000,-0.0000,0.0000,-0.0000,-0.0000,-0.0000,-0.0000,0.00,0,0,0,-0.00,-21.943050,-48.954090,10,0,-50
2026-08-31 01:21:30,#11,13,123,-0.00,15.00,0.00,1013.25,-0.0000,-0.0000,0.0000,-0.0000,-0.0000,-0.0000,-0.0000,0.00,0,0,0,-0.00,-21.943050,-48.954090,10,0,-50
2026-08-31 01:21:30,#11,13,124,-0.00,15.00,0.00,1013.25,-0.0000,-0.0000,0.0000,-0.0000,-0.0000,-0.0000,-0.0000,0.00,0,0,0,-0.00,-21.943050,-48.954090,10,0,-50
2026-08-31 01:21:31,#11,13,125,-0.00,15.00,0.00,1013.25,-0.0000,-0.0000,0.0000,-0.0000,-0.0000,-0.0000,-0.0000,0.00,0,0,0,-0.00,-21.943050,-48.954090,10,0,-50
2026-08-31 01:21:31,#11,13,126,-0.00,15.00,0.00,1013.25,-0.0000,-0.0000,0.0000,-0.0000,-0.0000,-0.0000,-0.0000,0.00,0,0,0,-0.00,-21.943050,-48.954090,10,0,-50
2026-08-31 01:21:32,#11,13,127,-0.00,15.00,0.00,1013.25,-0.0000,-0.0000,0.0000,-0.0000,-0.0000,-0.0000,-0.0000,0.00,0,0,0,-0.00,-21.943050,-48.954090,10,0,-50
2026-08-31 01:21:32,#11,13,128,-0.00,15.00,0.00,1013.25,-0.0000,-0.0000,0.0000,-0.0000,-0.0000,-0.0000,-0.0000,0.00,0,0,0,-0.00,-21.943050,-48.954090,10,0,-50
2026-08-31 01:21:33,#11,13,129,-0.00,15.00,0.00,1013.25,-0.0000,-0.0000,0.0000,-0.0000,-0.0000,-0.0000,-0.0000,0.00,0,0,0,-0.00,-21.943050,-48.954090,10,0,-50
2026-08-31 01:21:33,#11,13,130,-0.00,15.00,0.00,1013.25,-0.0000,-0.0000,0.0000,-0.0000,-0.0000,-0.0000,-0.0000,0.00,0,0,0,-0.00,-21.943050,-48.954090,10,0,-50
2026-08-31 01:21:34,#11,15,131,-0.00,15.00,0.00,1013.25,-0.0000,-0.0000,0.0000,-0.0000,-0.0000,-0.0000,-0.0000,0.00,0,0,0,-0.00,-21.943050,-48.954090,10,0,-50
2026-08-31 01:21:34,#11,15,132,-0.00,15.00,0.00,1013.25,-0.0000,-0.0000,0.0000,-0.0000,-0.0000,-0.0000,-0.0000,0.00,0,0,0,-0.00,-21.943050,-48.954090,10,0,-50
2026-08-31 01:21:35,#11,15,133,-0.00,15.00,0.00,1013.25,-0.0000,-0.0000,0.0000,-0.0000,-0.0000,-0.0000,-0.0000,0.00,0,0,0,-0.00,-21.943050,-48.954090,10,0,-50
2026-08-31 01:21:35,#11,15,134,-0.00,15.00,0.00,1013.25,-0.0000,-0.0000,0.0000,-0.0000,-0.0000,-0.0000,-0.0000,0.00,0,0,0,-0.00,-21.943050,-48.954090,10,0,-50
2026-08-31 01:21:36,#11,15,135,-0.00,15.00,0.00,1013.25,-0.0000,-0.0000,0.0000,-0.0000,-0.0000,-0.0000,-0.0000,0.00,0,0,0,-0.00,-21.943050,-48.954090,10,0,-50
2026-08-31 01:21:36,#11,15,136,-0.00,15.00,0.00,1013.25,-0.0000,-0.0000,0.0000,-0.0000,-0.0000,-0.0000,-0.0000,0.00,0,0,0,-0.00,-21.943050,-48.954090,10,0,-50
2026-08-31 01:21:37,#11,15,137,-0.00,15.00,0.00,1013.25,-0.0000,-0.0000,0.0000,-0.0000,-0.0000,-0.0000,-0.0000,0.00,0,0,0,-0.00,-21.943050,-48.954090,10,0,-50
2026-08-31 01:21:37,#11,15,138,-0.00,15.00,0.00,1013.25,-0.0000,-0.0000,0.0000,-0.0000,-0.0000,-0.0000,-0.0000,0.00,0,0,0,-0.00,-21.943050,-48.954090,10,0,-50
2026-08-31 01:21:38,#11,16,139,-0.00,15.00,0.00,1013.25,-0.0000,-0.0000,0.0000,-0.0000,-0.0000,-0.0000,-0.0000,0.00,0,0,0,-0.00,-21.943050,-48.954090,10,0,-50
2026-08-31 01:21:38,#11,16,140,-0.00,15.00,0.00,1013.25,-0.0000,-0.0000,0.0000,-0.0000,-0.0000,-0.0000,-0.0000,0.00,0,0,0,-0.00,-21.943050,-48.954090,10,0,-50
2026-08-31 01:21:39,#11,16,141,-0.00,15.00,0.00,1013.25,-0.0000,-0.0000,0.0000,-0.0000,-0.0000,-0.0000,-0.0000,0.00,0,0,0,-0.00,-21.943050,-48.954090,10,0,-50
2026-08-31 01:21:39,#11,17,142,-0.00,15.00,0.00,1013.25,-0.0000,-0.0000,0.0000,-0.0000,-0.0000,-0.0000,-0.0000,0.00,0,0,0,-0.00,-21.943050,-48.954090,10,0,-50
2026-08-31 01:21:40,#11,17,143,-0.00,15.00,0.00,1013.25,-0.0000,-0.0000,0.0000,-0.0000,-0.0000,-0.0000,-0.0000,0.00,0,0,0,-0.00,-21.943050,-48.954090,10,0,-50
2026-08-31 01:21:40,#11,17,144,-0.00,15.00,0.00,1013.25,-0.0000,-0.0000,0.0000,-0.0000,-0.0000,-0.0000,-0.0000,0.00,0,0,0,-0.00,-21.943050,-48.954090,10,0,-50
2026-08-31 01:21:41,#11,17,145,-0.00,15.00,0.00,1013.25,-0.0000,-0.0000,0.0000,-0.0000,-0.0000,-0.0000,-0.0000,0.00,0,0,0,-0.00,-21.943050,-48.954090,10,0,-50
2026-08-31 01:21:41,#11,18,146,0.00,15.00,0.00,1013.25,0.0000,0.0000,-0.0000,0.0000,0.0000,0.0000,0.0000,0.00,0,0,0,0.00,-21.943050,-48.954090,10,0,-50
2026-08-31 01:21:42,#11,18,147,0.00,15.00,0.00,1013.25,0.0000,0.0000,-0.0000,0.0000,0.0000,0.0000,0.0000,0.00,0,0,0,0.00,-21.943050,-48.954090,10,0,-50
2026-08-31 01:21:42,#11,18,148,0.00,15.00,0.00,1013.25,0.0000,0.0000,-0.0000,0.0000,0.0000,0.0000,0.0000,0.00,0,0,0,0.00,-21.943050,-48.954090,10,0,-50
2026-08-31 01:21:43,#11,18,149,0.00,15.00,0.00,1013.25,0.0000,0.0000,-0.0000,0.0000,0.0000,0.0000,0.0000,0.00,0,0,0,0.00,-21.943050,-48.954090,10,0,-50
2026-08-31 01:21:43,#11,18,150,0.00,15.00,0.00,1013.25,0.0000,0.0000,-0.0000,0.0000,0.0000,0.0000,0.0000,0.00,0,0,0,0.00,-21.943050,-48.954090,10,0,-50
2026-08-31 01:21:44,#11,18,151,0.00,15.00,0.00,1013.25,0.0000,0.0000,-0.0000,0.0000,0.0000,0.0000,0.0000,0.00,0,0,0,0.00,-21.943050,-48.954090,10,0,-50
2026-08-31 01:21:44,#11,18,152,0.00,15.00,0.00,1013.25,0.0000,0.0000,-0.0000,0.0000,0.0000,0.0000,0.0000,0.00,0,0,0,0.00,-21.943050,-48.954090,10,0,-50
2026-08-31 01:21:45,#11,18,153,0.00,15.00,0.00,1013.25,0.0000,0.0000,-0.0000,0.0000,0.0000,0.0000,0.0000,0.00,0,0,0,0.00,-21.943050,-48.954090,10,0,-50
2026-08-31 01:21:45,#11,19,154,0.00,15.00,0.00,1013.25,0.0000,0.0000,-0.0000,0.0000,0.0000,0.0000,0.0000,0.00,0,0,0,0.00,-21.943050,-48.954090,10,0,-50
2026-08-31 01:21:46,#11,19,155,0.00,15.00,0.00,1013.25,0.0000,0.0000,-0.0000,0.0000,0.0000,0.0000,0.0000,0.00,0,0,0,0.00,-21.943050,-48.954090,10,0,-50
2026-08-31 01:21:46,#11,19,156,0.00,15.00,0.00,1013.25,0.0000,0.0000,-0.0000,0.0000,0.0000,0.0000,0.0000,0.00,0,0,0,0.00,-21.943050,-48.954090,10,0,-50
2026-08-31 01:21:47,#11,19,157,0.00,15.00,0.00,1013.25,0.0000,0.0000,-0.0000,0.0000,0.0000,0.0000,0.0000,0.00,0,0,0,0.00,-21.943050,-48.954090,10,0,-50
2026-08-31 01:21:47,#11,19,158,0.00,15.00,0.00,1013.25,0.0000,0.0000,-0.0000,0.0000,0.0000,0.0000,0.0000,0.00,0,0,0,0.00,-21.943050,-48.954090,10,0,-50
2026-08-31 01:21:48,#11,19,159,0.00,15.00,0.00,1013.25,0.0000,0.0000,-0.0000,0.0000,0.0000,0.0000,0.0000,0.00,0,0,0,0.00,-21.943050,-48.954090,10,0,-50
2026-08-31 01:21:48,#11,19,160,0.00,15.00,0.00,1013.25,0.0000,0.0000,-0.0000,0.0000,0.0000,0.0000,0.0000,0.00,0,0,0,0.00,-21.943050,-48.954090,10,0,-50
2026-08-31 01:21:49,#11,19,161,0.00,15.00,0.00,1013.25,0.0000,0.0000,-0.0000,0.0000,0.0000,0.0000,0.0000,0.00,0,0,0,0.00,-21.943050,-48.954090,10,0,-50
2026-08-31 01:21:49,#11,20,162,0.00,15.00,0.00,1013.25,0.0000,0.0000,-0.0000,0.0000,0.0000,0.0000,0.0000,0.00,0,0,0,0.00,-21.943050,-48.954090,10,0,-50
2026-08-31 01:21:50,#11,20,163,0.00,15.00,0.00,1013.25,0.0000,0.0000,-0.0000,0.0000,0.0000,0.0000,0.0000,0.00,0,0,0,0.00,-21.943050,-48.954090,10,0,-50
2026-08-31 01:21:50,#11,20,164,0.00,15.00,0.00,1013.25,0.0000,0.0000,-0.0000,0.0000,0.0000,0.0000,0.0000,0.00,0,0,0,0.00,-21.943050,-48.954090,10,0,-50
2026-08-31 01:21:51,#11,20,165,0.00,15.00,0.00,1013.25,0.0000,0.0000,-0.0000,0.0000,0.0000,0.0000,0.0000,0.00,0,0,0,0.00,-21.943050,-48.954090,10,0,-50
2026-08-31 01:21:51,#11,20,166,0.00,15.00,0.00,1013.25,0.0000,0.0000,-0.0000,0.0000,0.0000,0.0000,0.0000,0.00,0,0,0,0.00,-21.943050,-48.954090,10,0,-50
2026-08-31 01:21:52,#11,21,167,0.00,15.00,0.00,1013.25,0.0000,0.0000,-0.0000,0.0000,0.0000,0.0000,0.0000,0.00,0,0,0,0.00,-21.943050,-48.954090,10,0,-50
2026-08-31 01:21:52,#11,21,168,0.00,15.00,0.00,1013.25,0.0000,0.0000,-0.0000,0.0000,0.0000,0.0000,0.0000,0.00,0,0,0,0.00,-21.943050,-48.954090,10,0,-50
2026-08-31 01:21:53,#11,21,169,0.00,15.00,0.00,1013.25,0.0000,0.0000,-0.0000,0.0000,0.0000,0.0000,0.0000,0.00,0,0,0,0.00,-21.943050,-48.954090,10,0,-50
2026-08-31 01:21:53,#11,21,170,0.00,15.00,0.00,1013.25,0.0000,0.0000,-0.0000,0.0000,0.0000,0.0000,0.0000,0.00,0,0,0,0.00,-21.943050,-48.954090,10,0,-50
2026-08-31 01:21:54,#11,21,171,0.00,15.00,0.00,1013.25,0.0000,0.0000,-0.0000,0.0000,0.0000,0.0000,0.0000,0.00,0,0,0,0.00,-21.943050,-48.954090,10,0,-50
2026-08-31 01:21:54,#11,21,172,0.00,15.00,0.00,1013.25,0.0000,0.0000,-0.0000,0.0000,0.0000,0.0000,0.0000,0.00,0,0,0,0.00,-21.943050,-48.954090,10,0,-50
2026-08-31 01:21:55,#11,23,173,0.00,15.00,0.00,1013.25,0.0000,0.0000,-0.0000,0.0000,0.0000,0.0000,0.0000,0.00,0,0,0,0.00,-21.943050,-48.954090,10,0,-50
2026-08-31 01:21:55,#11,23,174,0.00,15.00,0.00,1013.25,0.0000,0.0000,-0.0000,0.0000,0.0000,0.0000,0.0000,0.00,0,0,0,0.00,-21.943050,-48.954090,10,0,-50
2026-08-31 01:21:56,#11,23,175,0.00,15.00,0.00,1013.25,0.0000,0.0000,-0.0000,0.0000,0.0000,0.0000,0.0000,0.00,0,0,0,0.00,-21.943050,-48.954090,10,0,-50
2026-08-31 01:21:56,#11,23,176,0.00,15.00,0.00,1013.25,0.0000,0.0000,-0.0000,0.0000,0.0000,0.0000,0.0000,0.00,0,0,0,0.00,-21.943050,-48.954090,10,0,-50
2026-08-31 01:21:57,#11,23,177,0.00,15.00,0.00,1013.25,0.0000,0.0000,-0.0000,0.0000,0.0000,0.0000,0.0000,0.00,0,0,0,0.00,-21.943050,-48.954090,10,0,-50
2026-08-31 01:21:57,#11,23,178,0.00,15.00,0.00,1013.25,0.0000,0.0000,-0.0000,0.0000,0.0000,0.0000,0.0000,0.00,0,0,0,0.00,-21.943050,-48.954090,10,0,-50
2026-08-31 01:21:58,#11,23,179,0.00,15.00,0.00,1013.25,0.0000,0.0000,-0.0000,0.0000,0.0000,0.0000,0.0000,0.00,0,0,0,0.00,-21.943050,-48.954090,10,0,-50
2026-08-31 01:21:58,#11,23,180,0.00,15.00,0.00,1013.25,0.0000,0.0000,-0.0000,0.0000,0.0000,0.0000,0.0000,0.00,0,0,0,0.00,-21.943050,-48.954090,10,0,-50
2026-08-31 01:21:59,#11,23,181,0.00,15.00,0.00,1013.25,0.0000,0.0000,-0.0000,0.0000,0.0000,0.0000,0.0000,0.00,0,0,0,0.00,-21.943050,-48.954090,10,0,-50
2026-08-31 01:21:59,#11,24,182,-0.00,15.00,0.00,1013.25,-0.0000,-0.0000,0.0000,-0.0000,-0.0000,-0.0000,-0.0000,0.00,0,0,0,-0.00,-21.943050,-48.954090,10,0,-50
2026-08-31 01:22:00,#11,24,183,-0.00,15.00,0.00,1013.25,-0.0000,-0.0000,0.0000,-0.0000,-0.0000,-0.0000,-0.0000,0.00,0,0,0,-0.00,-21.943050,-48.954090,10,0,-50
2026-08-31 01:22:00,#11,25,184,-0.00,15.00,0.00,1013.25,-0.0000,-0.0000,0.0000,-0.0000,-0.0000,-0.0000,-0.0000,0.00,0,0,0,-0.00,-21.943050,-48.954090,10,0,-50
2026-08-31 01:22:01,#11,25,185,-0.00,15.00,0.00,1013.25,-0.0000,-0.0000,0.0000,-0.0000,-0.0000,-0.0000,-0.0000,0.00,0,0,0,-0.00,-21.943050,-48.954090,10,0,-50
2026-08-31 01:22:01,#11,25,186,-0.00,15.00,0.00,1013.25,-0.0000,-0.0000,0.0000,-0.0000,-0.0000,-0.0000,-0.0000,0.00,0,0,0,-0.00,-21.943050,-48.954090,10,0,-50
2026-08-31 01:22:02,#11,25,187,-0.00,15.00,0.00,1013.25,-0.0000,-0.0000,0.0000,-0.0000,-0.0000,-0.0000,-0.0000,0.00,0,0,0,-0.00,-21.943050,-48.954090,10,0,-50
2026-08-31 01:22:02,#11,25,188,-0.00,15.00,0.00,1013.25,-0.0000,-0.0000,0.0000,-0.0000,-0.0000,-0.0000,-0.0000,0.00,0,0,0,-0.00,-21.943050,-48.954090,10,0,-50
2026-08-31 01:22:03,#11,25,189,-0.00,15.00,0.00,1013.25,-0.0000,-0.0000,0.0000,-0.0000,-0.0000,-0.0000,-0.0000,0.00,0,0,0,-0.00,-21.943050,-48.954090,10,0,-50
2026-08-31 01:22:03,#11,27,190,-0.00,15.00,0.00,1013.25,-0.0000,-0.0000,0.0000,-0.0000,-0.0000,-0.0000,-0.0000,0.00,0,0,0,-0.00,-21.943050,-48.954090,10,0,-50
2026-08-31 01:22:04,#11,27,191,-0.00,15.00,0.00,1013.25,-0.0000,-0.0000,0.0000,-0.0000,-0.0000,-0.0000,-0.0000,0.00,0,0,0,-0.00,-21.943050,-48.954090,10,0,-50
2026-08-31 01:22:04,#11,27,192,-0.00,15.00,0.00,1013.25,-0.0000,-0.0000,0.0000,-0.0000,-0.0000,-0.0000,-0.0000,0.00,0,0,0,-0.00,-21.943050,-48.954090,10,0,-50
2026-08-31 01:22:05,#11,27,193,-0.00,15.00,0.00,1013.25,-0.0000,-0.0000,0.0000,-0.0000,-0.0000,-0.0000,-0.0000,0.00,0,0,0,-0.00,-21.943050,-48.954090,10,0,-50
2026-08-31 01:22:05,#11,27,194,0.00,15.00,0.00,1013.25,0.0000,0.0000,-0.0000,0.0000,0.0000,0.0000,0.0000,0.00,0,0,0,0.00,-21.943050,-48.954090,10,0,-50
2026-08-31 01:22:06,#11,27,195,0.00,15.00,0.00,1013.25,0.0000,0.0000,-0.0000,0.0000,0.0000,0.0000,0.0000,0.00,0,0,0,0.00,-21.943050,-48.954090,10,0,-50
2026-08-31 01:22:06,#11,27,196,0.00,15.00,0.00,1013.25,0.0000,0.0000,-0.0000,0.0000,0.0000,0.0000,0.0000,0.00,0,0,0,0.00,-21.943050,-48.954090,10,0,-50
2026-08-31 01:22:07,#11,28,197,0.00,15.00,0.00,1013.25,0.0000,0.0000,-0.0000,0.0000,0.0000,0.0000,0.0000,0.00,0,0,0,0.00,-21.943050,-48.954090,10,0,-50
2026-08-31 01:22:07,#11,28,198,0.00,15.00,0.00,1013.25,0.0000,0.0000,-0.0000,0.0000,0.0000,0.0000,0.0000,0.00,0,0,0,0.00,-21.943050,-48.954090,10,0,-50
2026-08-31 01:22:08,#11,28,199,0.00,15.00,0.00,1013.25,0.0000,0.0000,-0.0000,0.0000,0.0000,0.0000,0.0000,0.00,0,0,0,0.00,-21.943050,-48.954090,10,0,-50
2026-08-31 01:22:08,#11,29,200,0.00,15.00,0.00,1013.25,0.0000,0.0000,-0.0000,0.0000,0.0000,0.0000,0.0000,0.00,0,0,0,0.00,-21.943050,-48.954090,10,0,-50
2026-08-31 01:22:09,#11,29,201,0.00,15.00,0.00,1013.25,0.0000,0.0000,-0.0000,0.0000,0.0000,0.0000,0.0000,0.00,0,0,0,0.00,-21.943050,-48.954090,10,0,-50
2026-08-31 01:22:09,#11,30,202,0.00,15.00,0.00,1013.25,0.0000,0.0000,-0.0000,0.0000,0.0000,0.0000,0.0000,0.00,0,0,0,0.00,-21.943050,-48.954090,10,0,-50
2026-08-31 01:22:10,#11,30,203,0.00,15.00,0.00,1013.25,0.0000,0.0000,-0.0000,0.0000,0.0000,0.0000,0.0000,0.00,0,0,0,0.00,-21.943050,-48.954090,10,0,-50
2026-08-31 01:22:10,#11,30,204,0.00,15.00,0.00,1013.25,0.0000,0.0000,-0.0000,0.0000,0.0000,0.0000,0.0000,0.00,0,0,0,0.00,-21.943050,-48.954090,10,0,-50
2026-08-31 01:22:11,#11,30,205,0.00,15.00,0.00,1013.25,0.0000,0.0000,-0.0000,0.0000,0.0000,0.0000,0.0000,0.00,0,0,0,0.00,-21.943050,-48.954090,10,0,-50
2026-08-31 01:22:11,#11,30,206,0.00,15.00,0.00,1013.25,0.0000,0.0000,-0.0000,0.0000,0.0000,0.0000,0.0000,0.00,0,0,0,0.00,-21.943050,-48.954090,10,0,-50
2026-08-31 01:22:12,#11,30,207,0.00,15.00,0.00,1013.25,0.0000,0.0000,-0.0000,0.0000,0.0000,0.0000,0.0000,0.00,0,0,0,0.00,-21.943050,-48.954090,10,0,-50
2026-08-31 01:22:12,#11,30,208,0.00,15.00,0.00,1013.25,0.0000,0.0000,-0.0000,0.0000,0.0000,0.0000,0.0000,0.00,0,0,0,0.00,-21.943050,-48.954090,10,0,-50
2026-08-31 01:22:13,#11,30,209,0.00,15.00,0.00,1013.25,0.0000,0.0000,-0.0000,0.0000,0.0000,0.0000,0.0000,0.00,0,0,0,0.00,-21.943050,-48.954090,10,0,-50
2026-08-31 01:22:13,#11,30,210,0.00,15.00,0.00,1013.25,0.0000,0.0000,-0.0000,0.0000,0.0000,0.0000,0.0000,0.00,0,0,0,0.00,-21.943050,-48.954090,10,0,-50
2026-08-31 01:22:14,#11,31,211,-0.00,15.00,0.00,1013.25,-0.0000,-0.0000,0.0000,-0.0000,-0.0000,-0.0000,-0.0000,0.00,0,0,0,-0.00,-21.943050,-48.954090,10,0,-50
2026-08-31 01:22:14,#11,32,212,-0.00,15.00,0.00,1013.25,-0.0000,-0.0000,0.0000,-0.0000,-0.0000,-0.0000,-0.0000,0.00,0,0,0,-0.00,-21.943050,-48.954090,10,0,-50
2026-08-31 01:22:15,#11,32,213,-0.00,15.00,0.00,1013.25,-0.0000,-0.0000,0.0000,-0.0000,-0.0000,-0.0000,-0.0000,0.00,0,0,0,-0.00,-21.943050,-48.954090,10,0,-50
2026-08-31 01:22:15,#11,32,214,-0.00,15.00,0.00,1013.25,-0.0000,-0.0000,0.0000,-0.0000,-0.0000,-0.0000,-0.0000,0.00,0,0,0,-0.00,-21.943050,-48.954090,10,0,-50
2026-08-31 01:22:16,#11,32,215,-0.00,15.00,0.00,1013.25,-0.0000,-0.0000,0.0000,-0.0000,-0.0000,-0.0000,-0.0000,0.00,0,0,0,-0.00,-21.943050,-48.954090,10,0,-50
2026-08-31 01:22:16,#11,32,216,-0.00,15.00,0.00,1013.25,-0.0000,-0.0000,0.0000,-0.0000,-0.0000,-0.0000,-0.0000,0.00,0,0,0,-0.00,-21.943050,-48.954090,10,0,-50
2026-08-31 01:22:17,#11,32,217,-0.00,15.00,0.00,1013.25,-0.0000,-0.0000,0.0000,-0.0000,-0.0000,-0.0000,-0.0000,0.00,0,0,0,-0.00,-21.943050,-48.954090,10,0,-50
2026-08-31 01:22:17,#11,35,218,-0.00,15.00,0.00,1013.25,-0.0000,-0.0000,0.0000,-0.0000,-0.0000,-0.0000,-0.0000,0.00,0,0,0,-0.00,-21.943050,-48.954090,10,0,-50
2026-08-31 01:22:18,#11,37,219,-0.00,15.00,0.00,1013.25,-0.0000,-0.0000,0.0000,-0.0000,-0.0000,-0.0000,-0.0000,0.00,0,0,0,-0.00,-21.943050,-48.954090,10,0,-50
2026-08-31 01:22:18,#11,37,220,-0.00,15.00,0.00,1013.25,-0.0000,-0.0000,0.0000,-0.0000,-0.0000,-0.0000,-0.0000,0.00,0,0,0,-0.00,-21.943050,-48.954090,10,0,-50
2026-08-31 01:22:19,#11,37,221,-0.00,15.00,0.00,1013.25,-0.0000,-0.0000,0.0000,-0.0000,-0.0000,-0.0000,-0.0000,0.00,0,0,0,-0.00,-21.943050,-48.954090,10,0,-50
2026-08-31 01:22:19,#11,37,222,-0.00,15.00,0.00,1013.25,-0.0000,-0.0000,0.0000,-0.0000,-0.0000,-0.0000,-0.0000,0.00,0,0,0,-0.00,-21.943050,-48.954090,10,0,-50
2026-08-31 01:22:20,#11,39,223,0.00,15.00,0.00,1013.25,0.0000,0.0000,-0.0000,0.0000,0.0000,0.0000,0.0000,0.00,0,0,0,0.00,-21.943050,-48.954090,10,0,-50
2026-08-31 01:22:20,#11,40,224,0.00,15.00,0.00,1013.25,0.0000,0.0000,-0.0000,0.0000,0.0000,0.0001,0.0000,0.00,0,0,0,0.00,-21.943050,-48.954090,10,0,-50
2026-08-31 01:22:21,#11,40,225,0.00,15.00,0.00,1013.25,0.0000,0.0000,-0.0000,0.0000,0.0000,0.0001,0.0000,0.00,0,0,0,0.00,-21.943050,-48.954090,10,0,-50
2026-08-31 01:22:21,#11,40,226,0.00,15.00,0.00,1013.25,0.0000,0.0000,-0.0000,0.0000,0.0000,0.0001,0.0000,0.00,0,0,0,0.00,-21.943050,-48.954090,10,0,-50
2026-08-31 01:22:22,#11,40,227,0.00,15.00,0.00,1013.25,0.0000,0.0000,-0.0000,0.0000,0.0000,0.0001,0.0000,0.00,0,0,0,0.00,-21.943050,-48.954090,10,0,-50
2026-08-31 01:22:22,#11,43,228,0.00,15.00,0.00,1013.24,0.0000,0.0000,-0.0000,0.0000,0.0000,0.0002,0.0000,0.00,0,0,0,0.00,-21.943050,-48.954090,10,0,-50
2026-08-31 01:22:23,#11,43,229,0.00,15.00,0.00,1013.24,0.0000,0.0000,-0.0000,0.0000,0.0000,0.0002,0.0000,0.00,0,0,0,0.00,-21.943050,-48.954090,10,0,-50
2026-08-31 01:22:23,#11,43,230,0.00,15.00,0.00,1013.24,0.0000,0.0000,-0.0000,0.0000,0.0000,0.0002,0.0000,0.00,0,0,0,0.00,-21.943050,-48.954090,10,0,-50
2026-08-31 01:22:24,#11,43,231,0.00,15.00,0.00,1013.24,0.0000,0.0000,-0.0000,0.0000,0.0000,0.0002,0.0000,0.00,0,0,0,0.00,-21.943050,-48.954090,10,0,-50
2026-08-31 01:22:24,#11,43,232,0.00,15.00,0.00,1013.24,0.0000,0.0000,-0.0000,0.0000,0.0000,0.0002,0.0000,0.00,0,0,0,0.00,-21.943050,-48.954090,10,0,-50
2026-08-31 01:22:25,#11,43,233,0.00,15.00,0.00,1013.24,0.0000,0.0000,-0.0000,0.0000,0.0000,0.0002,0.0000,0.00,0,0,0,0.00,-21.943050,-48.954090,10,0,-50
2026-08-31 01:22:25,#11,48,234,-0.00,15.00,0.00,1013.24,-0.0000,-0.0000,0.0000,-0.0000,-0.0000,-0.0004,-0.0000,0.00,0,0,0,-0.00,-21.943050,-48.954090,10,0,-50
2026-08-31 01:22:26,#11,48,235,-0.00,15.00,0.00,1013.24,-0.0000,-0.0000,0.0000,-0.0000,-0.0000,-0.0004,-0.0000,0.00,0,0,0,-0.00,-21.943050,-48.954090,10,0,-50
2026-08-31 01:22:26,#11,48,236,-0.00,15.00,0.00,1013.24,-0.0000,-0.0000,0.0000,-0.0000,-0.0000,-0.0004,-0.0000,0.00,0,0,0,-0.00,-21.943050,-48.954090,10,0,-50
2026-08-31 01:22:27,#11,48,237,-0.00,15.00,0.00,1013.24,-0.0000,-0.0000,0.0000,-0.0000,-0.0000,-0.0004,-0.0000,0.00,0,0,0,-0.00,-21.943050,-48.954090,10,0,-50
2026-08-31 01:22:27,#11,55,238,0.00,15.00,0.00,1013.24,0.0000,0.0000,-0.0000,0.0000,0.0000,0.0004,0.0000,0.00,0,0,0,0.00,-21.943050,-48.954090,10,0,-50
2026-08-31 01:22:28,#11,55,239,0.00,15.00,0.00,1013.24,0.0000,0.0000,-0.0000,0.0000,0.0000,0.0004,0.0000,0.00,0,0,0,0.00,-21.943050,-48.954090,10,0,-50
2026-08-31 01:22:28,#11,55,240,0.00,15.00,0.00,1013.24,0.0000,0.0000,-0.0000,0.0000,0.0000,0.0004,0.0000,0.00,0,0,0,0.00,-21.943050,-48.954090,10,0,-50
2026-08-31 01:22:29,#11,56,241,-0.00,15.00,0.00,1013.24,-0.0000,-0.0000,0.0000,-0.0000,-0.0001,-0.0009,-0.0000,0.00,0,0,0,-0.00,-21.943050,-48.954090,10,0,-50
2026-08-31 01:22:29,#11,56,242,-0.00,15.00,0.00,1013.24,-0.0000,-0.0000,0.0000,-0.0000,-0.0001,-0.0009,-0.0000,0.00,0,0,0,-0.00,-21.943050,-48.954090,10,0,-50
2026-08-31 01:22:30,#11,56,243,-0.00,15.00,0.00,1013.24,-0.0000,-0.0000,0.0000,-0.0000,-0.0001,-0.0009,-0.0000,0.00,0,0,0,-0.00,-21.943050,-48.954090,10,0,-50
2026-08-31 01:22:30,#11,56,244,-0.00,15.00,0.00,1013.24,-0.0000,-0.0000,0.0000,-0.0000,-0.0001,-0.0009,-0.0000,0.00,0,0,0,-0.00,-21.943050,-48.954090,10,0,-50
2026-08-31 01:22:31,#11,57,245,-0.00,15.00,0.00,1013.24,-0.0000,-0.0000,0.0000,-0.0000,-0.0001,-0.0017,-0.0000,0.00,0,0,0,-0.00,-21.943050,-48.954090,10,0,-50
2026-08-31 01:22:31,#11,57,246,-0.00,15.00,0.00,1013.24,-0.0000,-0.0000,0.0000,-0.0000,-0.0001,-0.0017,-0.0000,0.00,0,0,0,-0.00,-21.943050,-48.954090,10,0,-50
2026-08-31 01:22:32,#11,57,247,-0.00,15.00,0.00,1013.24,-0.0000,-0.0000,0.0000,-0.0000,-0.0001,-0.0017,-0.0000,0.00,0,0,0,-0.00,-21.943050,-48.954090,10,0,-50
2026-08-31 01:22:32,#11,57,248,-0.00,15.00,0.00,1013.24,-0.0000,-0.0000,0.0000,-0.0000,-0.0001,-0.0017,-0.0000,0.00,0,0,0,-0.00,-21.943050,-48.954090,10,0,-50
2026-08-31 01:22:33,#11,57,249,-0.00,15.00,0.00,1013.24,-0.0000,-0.0000,0.0000,-0.0000,-0.0001,-0.0017,-0.0000,0.00,0,0,0,-0.00,-21.943050,-48.954090,10,0,-50
2026-08-31 01:22:33,#11,57,250,-0.00,15.00,0.00,1013.24,-0.0000,-0.0000,0.0000,-0.0000,-0.0001,-0.0017,-0.0000,0.00,0,0,0,-0.00,-21.943050,-48.954090,10,0,-50
2026-08-31 01:22:34,#11,57,251,-0.00,15.00,0.00,1013.24,-0.0000,-0.0000,0.0000,-0.0000,-0.0001,-0.0017,-0.0000,0.00,0,0,0,-0.00,-21.943050,-48.954090,10,0,-50
2026-08-31 01:22:34,#11,57,252,-0.00,15.00,0.00,1013.24,-0.0000,-0.0000,0.0000,-0.0000,-0.0001,-0.0017,-0.0000,0.00,0,0,0,-0.00,-21.943050,-48.954090,10,0,-50
2026-08-31 01:22:35,#11,60,253,0.00,15.00,0.00,1013.24,0.0000,0.0000,-0.0000,0.0000,0.0015,0.0174,0.0000,0.00,0,0,0,0.00,-21.943050,-48.954090,10,0,-50
2026-08-31 01:22:35,#11,60,254,0.00,15.00,0.00,1013.24,0.0000,0.0000,-0.0000,0.0000,0.0016,0.0179,0.0000,0.00,0,0,0,0.00,-21.943050,-48.954090,10,0,-50
2026-08-31 01:22:36,#11,60,255,0.00,15.00,0.00,1013.24,0.0000,0.0000,-0.0000,0.0000,0.0016,0.0179,0.0000,0.00,0,0,0,0.00,-21.943050,-48.954090,10,0,-50
2026-08-31 01:22:36,#11,60,256,0.00,15.00,0.00,1013.24,0.0000,0.0000,-0.0000,0.0000,0.0016,0.0179,0.0000,0.00,0,0,0,0.00,-21.943050,-48.954090,10,0,-50
2026-08-31 01:22:37,#11,60,257,0.00,15.00,0.00,1013.24,0.0000,0.0000,-0.0000,0.0000,0.0016,0.0179,0.0000,0.00,0,0,0,0.00,-21.943050,-48.954090,10,0,-50
2026-08-31 01:22:37,#11,60,258,0.00,15.00,0.00,1013.24,0.0000,0.0000,-0.0000,0.0000,0.0016,0.0179,0.0000,0.00,0,0,0,0.00,-21.943050,-48.954090,10,0,-50
2026-08-31 01:22:38,#11,64,259,-0.00,15.00,0.00,1013.24,-0.0000,-0.0000,0.0000,-0.0000,-0.0048,-0.0547,-0.0001,0.00,0,0,0,-0.00,-21.943050,-48.954090,10,0,-50
2026-08-31 01:22:38,#11,64,260,-0.00,15.00,0.00,1013.24,-0.0000,-0.0000,0.0000,-0.0000,-0.0048,-0.0547,-0.0001,0.00,0,0,0,-0.00,-21.943050,-48.954090,10,0,-50
2026-08-31 01:22:39,#11,64,261,-0.00,15.00,0.00,1013.24,-0.0000,-0.0000,0.0000,-0.0000,-0.0048,-0.0547,-0.0001,0.00,0,0,0,-0.00,-21.943050,-48.954090,10,0,-50
2026-08-31 01:22:39,#11,64,262,-0.00,15.00,0.00,1013.24,-0.0000,-0.0000,0.0000,-0.0000,-0.0048,-0.0547,-0.0001,0.00,0,0,0,-0.00,-21.943050,-48.954090,10,0,-50
2026-08-31 01:22:40,#11,64,263,-0.00,15.00,0.00,1013.24,-0.0000,-0.0000,0.0000,-0.0000,-0.0048,-0.0547,-0.0001,0.00,0,0,0,-0.00,-21.943050,-48.954090,10,0,-50
2026-08-31 01:22:40,#11,68,264,0.00,15.00,0.00,1013.24,0.0000,0.0000,-0.0000,0.0000,0.0235,0.2685,0.0004,0.00,0,0,0,0.00,-21.943050,-48.954090,10,0,-50
2026-08-31 01:22:41,#11,68,265,0.00,15.00,0.00,1013.24,0.0000,0.0000,-0.0000,0.0000,0.0235,0.2685,0.0004,0.00,0,0,0,0.00,-21.943050,-48.954090,10,0,-50
2026-08-31 01:22:41,#11,68,266,0.00,15.00,0.00,1013.24,0.0000,0.0000,-0.0000,0.0000,0.0235,0.2685,0.0004,0.00,0,0,0,0.00,-21.943050,-48.954090,10,0,-50
2026-08-31 01:22:42,#11,68,267,0.00,15.00,0.00,1013.24,0.0000,0.0000,-0.0000,0.0000,0.0235,0.2685,0.0004,0.00,0,0,0,0.00,-21.943050,-48.954090,10,0,-50
2026-08-31 01:22:42,#11,68,268,0.00,15.00,0.00,1013.24,0.0000,0.0000,-0.0000,0.0000,0.0235,0.2685,0.0004,0.00,0,0,0,0.00,-21.943050,-48.954090,10,0,-50
2026-08-31 01:22:43,#11,72,269,0.00,15.00,0.00,1013.24,-0.0000,-0.0000,0.0000,0.0000,0.1223,1.3974,0.0034,0.00,0,0,0,0.00,-21.943050,-48.954090,10,0,-50
2026-08-31 01:22:43,#11,72,270,0.00,15.00,0.00,1013.24,-0.0000,-0.0000,0.0000,0.0000,0.1320,1.5085,0.0038,0.00,0,0,0,0.00,-21.943050,-48.954090,10,0,-50
2026-08-31 01:22:44,#11,77,271,0.00,15.00,0.00,1013.24,0.0000,0.0000,-0.0000,0.0000,0.3426,3.9163,0.0180,0.00,0,0,0,0.00,-21.943050,-48.954090,10,0,-50
2026-08-31 01:22:44,#11,77,272,0.00,15.00,0.00,1013.24,0.0000,0.0000,-0.0000,0.0000,0.3426,3.9163,0.0180,0.00,0,0,0,0.00,-21.943050,-48.954090,10,0,-50
2026-08-31 01:22:45,#11,77,273,0.00,15.00,0.00,1013.24,0.0000,0.0000,-0.0000,0.0000,0.3426,3.9163,0.0180,0.00,0,0,0,0.00,-21.943050,-48.954090,10,0,-50
2026-08-31 01:22:45,#11,77,274,0.00,15.00,0.00,1013.24,0.0000,0.0000,-0.0000,0.0000,0.3426,3.9163,0.0180,0.00,0,0,0,0.00,-21.943050,-48.954090,10,0,-50
2026-08-31 01:22:46,#11,77,275,0.00,15.00,0.00,1013.24,0.0000,0.0000,-0.0000,0.0000,0.3426,3.9163,0.0180,0.00,0,0,0,0.00,-21.943050,-48.954090,10,0,-50
2026-08-31 01:22:46,#11,85,276,0.00,15.00,0.00,1013.24,-0.0000,-0.0000,0.0000,0.0000,0.6240,7.1323,0.0613,0.00,0,0,0,0.00,-21.943050,-48.954090,10,0,-50
2026-08-31 01:22:47,#11,91,277,0.00,15.00,0.00,1013.24,0.0000,0.0000,-0.0000,0.0000,0.8318,9.5076,0.1121,0.00,0,0,0,0.00,-21.943050,-48.954090,10,0,-50
2026-08-31 01:22:47,#11,91,278,0.00,15.00,0.00,1013.24,0.0000,0.0000,-0.0000,0.0000,0.8318,9.5076,0.1121,0.00,0,0,0,0.00,-21.943050,-48.954090,10,0,-50
2026-08-31 01:22:48,#11,91,279,0.00,15.00,0.00,1013.24,0.0000,0.0000,-0.0000,0.0000,0.8318,9.5076,0.1121,0.00,0,0,0,0.00,-21.943050,-48.954090,10,0,-50
2026-08-31 01:22:48,#11,97,280,0.00,15.00,0.00,1013.24,-0.0000,-0.0000,0.0000,0.0000,1.0471,11.9684,0.1788,0.00,0,0,0,0.00,-21.943050,-48.954090,10,0,-50
2026-08-31 01:22:49,#11,97,281,0.00,15.00,0.00,1013.24,-0.0000,-0.0000,0.0000,0.0000,1.0471,11.9684,0.1788,0.00,0,0,0,0.00,-21.943050,-48.954090,10,0,-50
2026-08-31 01:22:49,#11,97,282,0.00,15.00,0.00,1013.24,-0.0000,-0.0000,0.0000,0.0000,1.0471,11.9684,0.1788,0.00,0,0,0,0.00,-21.943050,-48.954090,10,0,-50
2026-08-31 01:22:50,#11,97,283,0.00,15.00,0.00,1013.24,-0.0000,-0.0000,0.0000,0.0000,1.0471,11.9684,0.1788,0.00,0,0,0,0.00,-21.943050,-48.954090,10,0,-50
2026-08-31 01:22:50,#11,98,284,0.00,15.00,0.00,1013.24,-0.0000,-0.0000,0.0000,0.0000,1.0821,12.3686,0.1909,0.00,0,0,0,0.00,-21.943050,-48.954090,10,0,-50
2026-08-31 01:22:51,#11,98,285,0.00,15.00,0.00,1013.24,-0.0000,-0.0000,0.0000,0.0000,1.0821,12.3686,0.1909,0.00,0,0,0,0.00,-21.943050,-48.954090,10,0,-50
2026-08-31 01:22:51,#11,98,286,0.00,15.00,0.00,1013.24,-0.0000,-0.0000,0.0000,0.0000,1.0821,12.3686,0.1909,0.00,0,0,0,0.00,-21.943050,-48.954090,10,0,-50
2026-08-31 01:22:52,#11,98,287,0.00,15.00,0.00,1013.24,-0.0000,-0.0000,0.0000,0.0000,1.0821,12.3686,0.1909,0.00,0,0,0,0.00,-21.943050,-48.954090,10,0,-50
2026-08-31 01:22:52,#11,98,288,0.00,15.00,0.00,1013.24,-0.0000,-0.0000,0.0000,0.0000,1.0821,12.3686,0.1909,0.00,0,0,0,0.00,-21.943050,-48.954090,10,0,-50
2026-08-31 01:22:53,#11,101,289,0.00,15.00,0.00,1013.24,-0.0000,-0.0000,0.0000,0.0000,1.1733,13.4106,0.2244,0.00,0,0,0,0.00,-21.943050,-48.954090,10,0,-50
2026-08-31 01:22:53,#11,101,290,0.00,15.00,0.00,1013.24,-0.0000,-0.0000,0.0000,0.0000,1.1733,13.4106,0.2244,0.00,0,0,0,0.00,-21.943050,-48.954090,10,0,-50
2026-08-31 01:22:54,#11,101,291,0.00,15.00,0.00,1013.24,-0.0000,-0.0000,0.0000,0.0000,1.1733,13.4106,0.2244,0.00,0,0,0,0.00,-21.943050,-48.954090,10,0,-50
2026-08-31 01:22:54,#11,101,292,0.00,15.00,0.00,1013.24,-0.0000,-0.0000,0.0000,0.0000,1.1733,13.4106,0.2244,0.00,0,0,0,0.00,-21.943050,-48.954090,10,0,-50
2026-08-31 01:22:55,#11,105,293,0.00,15.00,0.00,1013.24,0.0000,0.0000,-0.0000,0.0000,1.3264,15.1605,0.2859,0.00,0,0,0,0.00,-21.943050,-48.954090,10,0,-50
2026-08-31 01:22:55,#11,105,294,0.00,15.00,0.00,1013.24,0.0000,0.0000,-0.0000,0.0000,1.3264,15.1605,0.2859,0.00,0,0,0,0.00,-21.943050,-48.954090,10,0,-50
2026-08-31 01:22:56,#11,105,295,0.00,15.00,0.00,1013.24,0.0000,0.0000,-0.0000,0.0000,1.3264,15.1605,0.2859,0.00,0,0,0,0.00,-21.943050,-48.954090,10,0,-50
2026-08-31 01:22:56,#11,105,296,0.00,15.00,0.00,1013.24,0.0000,0.0000,-0.0000,0.0000,1.3264,15.1605,0.2859,0.00,0,0,0,0.00,-21.943050,-48.954090,10,0,-50
2026-08-31 01:22:57,#11,105,297,0.00,15.00,0.00,1013.24,0.0000,0.0000,-0.0000,0.0000,1.3264,15.1605,0.2859,0.00,0,0,0,0.00,-21.943050,-48.954090,10,0,-50
2026-08-31 01:22:57,#11,105,298,0.00,15.00,0.00,1013.24,0.0000,0.0000,-0.0000,0.0000,1.3264,15.1605,0.2859,0.00,0,0,0,0.00,-21.943050,-48.954090,10,0,-50
2026-08-31 01:22:58,#11,105,299,0.00,15.00,0.00,1013.24,0.0000,0.0000,-0.0000,0.0000,1.3264,15.1605,0.2859,0.00,0,0,0,0.00,-21.943050,-48.954090,10,0,-50
2026-08-31 01:22:58,#11,105,300,0.00,15.00,0.00,1013.24,0.0000,0.0000,-0.0000,0.0000,1.3264,15.1605,0.2859,0.00,0,0,0,0.00,-21.943050,-48.954090,10,0,-50
2026-08-31 01:22:59,#11,109,301,0.00,15.00,0.00,1013.24,0.0000,0.0000,-0.0000,0.0000,1.4612,16.7011,0.3459,0.00,0,0,0,0.00,-21.943050,-48.954090,10,0,-50
2026-08-31 01:22:59,#11,109,302,0.00,15.00,0.00,1013.24,0.0000,0.0000,-0.0000,0.0000,1.4612,16.7011,0.3459,0.00,0,0,0,0.00,-21.943050,-48.954090,10,0,-50
2026-08-31 01:23:00,#11,109,303,0.00,15.00,0.00,1013.24,0.0000,0.0000,-0.0000,0.0000,1.4612,16.7011,0.3459,0.00,0,0,0,0.00,-21.943050,-48.954090,10,0,-50
2026-08-31 01:23:00,#11,109,304,0.00,15.00,0.00,1013.24,0.0000,0.0000,-0.0000,0.0000,1.4612,16.7011,0.3459,0.00,0,0,0,0.00,-21.943050,-48.954090,10,0,-50
2026-08-31 01:23:01,#11,109,305,0.00,15.00,0.00,1013.24,0.0000,0.0000,-0.0000,0.0000,1.4612,16.7011,0.3459,0.00,0,0,0,0.00,-21.943050,-48.954090,10,0,-50
2026-08-31 01:23:01,#11,109,306,0.00,15.00,0.00,1013.24,0.0000,0.0000,-0.0000,0.0000,1.4612,16.7011,0.3459,0.00,0,0,0,0.00,-21.943050,-48.954090,10,0,-50
2026-08-31 01:23:02,#11,118,307,0.01,15.00,0.00,1013.24,-0.0000,-0.0000,0.0000,0.0000,1.7744,20.2814,0.5177,0.01,1,0,0,0.01,-21.943050,-48.954090,10,0,-50
2026-08-31 01:23:02,#11,118,308,0.01,15.00,0.00,1013.24,-0.0000,-0.0000,0.0000,0.0000,1.7744,20.2814,0.5177,0.01,1,0,0,0.01,-21.943050,-48.954090,10,0,-50
2026-08-31 01:23:03,#11,118,309,0.01,15.00,0.00,1013.24,-0.0000,-0.0000,0.0000,0.0000,1.7744,20.2814,0.5177,0.01,1,0,0,0.01,-21.943050,-48.954090,10,0,-50
2026-08-31 01:23:03,#11,118,310,0.01,15.00,0.00,1013.24,-0.0000,-0.0000,0.0000,0.0000,1.7744,20.2814,0.5177,0.01,1,0,0,0.01,-21.943050,-48.954090,10,0,-50
2026-08-31 01:23:04,#11,118,311,0.01,15.00,0.00,1013.24,-0.0000,-0.0000,0.0000,0.0000,1.7744,20.2814,0.5177,0.01,1,0,0,0.01,-21.943050,-48.954090,10,0,-50
2026-08-31 01:23:04,#11,118,312,0.01,15.00,0.00,1013.24,-0.0000,-0.0000,0.0000,0.0000,1.7744,20.2814,0.5177,0.01,1,0,0,0.01,-21.943050,-48.954090,10,0,-50
2026-08-31 01:23:05,#11,139,313,0.02,15.00,0.00,1013.23,0.0000,0.0000,-0.0000,0.0000,2.0943,23.9384,0.9910,0.02,1,0,0,0.02,-21.943050,-48.954090,10,0,-50
2026-08-31 01:23:05,#11,145,314,0.03,15.00,0.00,1013.23,-0.0000,-0.0000,0.0000,0.0000,2.1483,24.5553,1.1216,0.03,1,0,0,0.03,-21.943050,-48.954090,10,0,-50
2026-08-31 01:23:06,#11,145,315,0.03,15.00,0.00,1013.23,-0.0000,-0.0000,0.0000,0.0000,2.1483,24.5553,1.1216,0.03,1,0,0,0.03,-21.943050,-48.954090,10,0,-50
2026-08-31 01:23:06,#11,145,316,0.03,15.00,0.00,1013.23,-0.0000,-0.0000,0.0000,0.0000,2.1483,24.5553,1.1216,0.03,1,0,0,0.03,-21.943050,-48.954090,10,0,-50
2026-08-31 01:23:07,#11,145,317,0.03,15.00,0.00,1013.23,-0.0000,-0.0000,0.0000,0.0000,2.1485,24.5575,1.1222,0.03,1,0,0,0.03,-21.943050,-48.954090,10,0,-50
2026-08-31 01:23:07,#11,145,318,0.03,15.00,0.00,1013.23,-0.0000,-0.0000,0.0000,0.0000,2.1485,24.5575,1.1222,0.03,1,0,0,0.03,-21.943050,-48.954090,10,0,-50
2026-08-31 01:23:08,#11,145,319,0.03,15.00,0.00,1013.23,-0.0000,-0.0000,0.0000,0.0000,2.1485,24.5575,1.1222,0.03,1,0,0,0.03,-21.943050,-48.954090,10,0,-50
2026-08-31 01:23:08,#11,145,320,0.03,15.00,0.00,1013.23,-0.0000,-0.0000,0.0000,0.0000,2.1485,24.5575,1.1222,0.03,1,0,0,0.03,-21.943050,-48.954090,10,0,-50
2026-08-31 01:23:09,#11,146,321,0.03,15.00,0.00,1013.23,-0.0000,-0.0000,0.0000,0.0000,2.1557,24.6394,1.1440,0.03,1,0,0,0.03,-21.943050,-48.954090,10,0,-50
2026-08-31 01:23:09,#11,146,322,0.03,15.00,0.00,1013.23,-0.0000,-0.0000,0.0000,0.0000,2.1557,24.6394,1.1440,0.03,1,0,0,0.03,-21.943050,-48.954090,10,0,-50
2026-08-31 01:23:10,#11,146,323,0.03,15.00,0.00,1013.23,-0.0000,-0.0000,0.0000,0.0000,2.1557,24.6394,1.1440,0.03,1,0,0,0.03,-21.943050,-48.954090,10,0,-50
2026-08-31 01:23:10,#11,146,324,0.03,15.00,0.00,1013.23,-0.0000,-0.0000,0.0000,0.0000,2.1557,24.6394,1.1440,0.03,1,0,0,0.03,-21.943050,-48.954090,10,0,-50
2026-08-31 01:23:11,#11,164,325,0.06,15.00,0.00,1013.23,0.0000,0.0000,-0.0000,0.0000,2.2584,25.8140,1.5990,0.06,1,0,0,0.06,-21.943050,-48.954090,10,0,-50
2026-08-31 01:23:11,#11,164,326,0.06,15.00,0.00,1013.23,0.0000,0.0000,-0.0000,0.0000,2.2584,25.8140,1.5990,0.06,1,0,0,0.06,-21.943050,-48.954090,10,0,-50
2026-08-31 01:23:12,#11,164,327,0.06,15.00,0.00,1013.23,0.0000,0.0000,-0.0000,0.0000,2.2584,25.8140,1.5990,0.06,1,0,0,0.06,-21.943050,-48.954090,10,0,-50
2026-08-31 01:23:12,#11,164,328,0.06,15.00,0.00,1013.23,0.0000,0.0000,-0.0000,0.0000,2.2584,25.8140,1.5990,0.06,1,0,0,0.06,-21.943050,-48.954090,10,0,-50
2026-08-31 01:23:13,#11,174,329,0.07,15.00,0.00,1013.23,-0.0000,-0.0000,0.0000,0.0000,2.3042,26.3376,1.8652,0.07,1,0,0,0.07,-21.943050,-48.954090,10,0,-50
2026-08-31 01:23:13,#11,174,330,0.07,15.00,0.00,1013.23,-0.0000,-0.0000,0.0000,0.0000,2.3042,26.3376,1.8652,0.07,1,0,0,0.07,-21.943050,-48.954090,10,0,-50
2026-08-31 01:23:14,#11,174,331,0.07,15.00,0.00,1013.23,-0.0000,-0.0000,0.0000,0.0000,2.3042,26.3376,1.8652,0.07,1,0,0,0.07,-21.943050,-48.954090,10,0,-50
2026-08-31 01:23:14,#11,174,332,0.07,15.00,0.00,1013.23,-0.0000,-0.0000,0.0000,0.0000,2.3042,26.3376,1.8652,0.07,1,0,0,0.07,-21.943050,-48.954090,10,0,-50
2026-08-31 01:23:15,#11,174,333,0.07,15.00,0.00,1013.23,-0.0000,-0.0000,0.0000,0.0000,2.3042,26.3376,1.8652,0.07,1,0,0,0.07,-21.943050,-48.954090,10,0,-50
2026-08-31 01:23:15,#11,174,334,0.07,15.00,0.00,1013.23,-0.0000,-0.0000,0.0000,0.0000,2.3057,26.3548,1.8752,0.07,1,0,0,0.07,-21.943050,-48.954090,10,0,-50
2026-08-31 01:23:16,#11,174,335,0.07,15.00,0.00,1013.23,-0.0000,-0.0000,0.0000,0.0000,2.3057,26.3548,1.8752,0.07,1,0,0,0.07,-21.943050,-48.954090,10,0,-50
2026-08-31 01:23:16,#11,174,336,0.07,15.00,0.00,1013.23,-0.0000,-0.0000,0.0000,0.0000,2.3057,26.3548,1.8752,0.07,1,0,0,0.07,-21.943050,-48.954090,10,0,-50
2026-08-31 01:23:17,#11,174,337,0.07,15.00,0.00,1013.23,-0.0000,-0.0000,0.0000,0.0000,2.3057,26.3548,1.8752,0.07,1,0,0,0.07,-21.943050,-48.954090,10,0,-50
2026-08-31 01:23:17,#11,174,338,0.07,15.00,0.00,1013.23,-0.0000,-0.0000,0.0000,0.0000,2.3057,26.3548,1.8752,0.07,1,0,0,0.07,-21.943050,-48.954090,10,0,-50
2026-08-31 01:23:18,#11,177,339,0.08,15.00,0.00,1013.23,-0.0000,-0.0000,0.0000,0.0000,2.3184,26.4989,1.9586,0.08,1,0,0,0.08,-21.943050,-48.954090,10,0,-50
2026-08-31 01:23:18,#11,177,340,0.08,15.00,0.00,1013.23,-0.0000,-0.0000,0.0000,0.0000,2.3184,26.4989,1.9586,0.08,1,0,0,0.08,-21.943050,-48.954090,10,0,-50
2026-08-31 01:23:19,#11,177,341,0.08,15.00,0.00,1013.23,-0.0000,-0.0000,0.0000,0.0000,2.3184,26.4989,1.9586,0.08,1,0,0,0.08,-21.943050,-48.954090,10,0,-50
2026-08-31 01:23:19,#11,177,342,0.08,15.00,0.00,1013.23,-0.0000,-0.0000,0.0000,0.0000,2.3184,26.4989,1.9586,0.08,1,0,0,0.08,-21.943050,-48.954090,10,0,-50
2026-08-31 01:23:20,#11,177,343,0.08,15.00,0.00,1013.23,-0.0000,-0.0000,0.0000,0.0000,2.3184,26.4989,1.9586,0.08,1,0,0,0.08,-21.943050,-48.954090,10,0,-50
2026-08-31 01:23:20,#11,177,344,0.08,15.00,0.00,1013.23,-0.0000,-0.0000,0.0000,0.0000,2.3184,26.4989,1.9586,0.08,1,0,0,0.08,-21.943050,-48.954090,10,0,-50
2026-08-31 01:23:21,#11,177,345,0.08,15.00,0.00,1013.23,-0.0000,-0.0000,0.0000,0.0000,2.3184,26.4989,1.9586,0.08,1,0,0,0.08,-21.943050,-48.954090,10,0,-50
2026-08-31 01:23:21,#11,177,346,0.08,15.00,0.00,1013.23,-0.0000,-0.0000,0.0000,0.0000,2.3184,26.4989,1.9586,0.08,1,0,0,0.08,-21.943050,-48.954090,10,0,-50
2026-08-31 01:23:22,#11,184,347,0.09,15.00,0.00,1013.23,0.0000,0.0000,-0.0000,0.0000,2.3491,26.8506,2.1348,0.09,1,0,0,0.09,-21.943050,-48.954090,10,0,-50
2026-08-31 01:23:22,#11,212,348,0.17,15.00,0.00,1013.23,-0.0000,-0.0000,0.0000,0.0000,2.5627,29.2913,2.9222,0.17,1,0,0,0.17,-21.943050,-48.954090,10,0,-50
2026-08-31 01:23:23,#11,212,349,0.17,15.00,0.00,1013.23,-0.0000,-0.0000,0.0000,0.0000,2.5627,29.2913,2.9222,0.17,1,0,0,0.17,-21.943050,-48.954090,10,0,-50
2026-08-31 01:23:23,#11,212,350,0.17,15.00,0.00,1013.23,-0.0000,-0.0000,0.0000,0.0000,2.5627,29.2913,2.9222,0.17,1,0,0,0.17,-21.943050,-48.954090,10,0,-50
2026-08-31 01:23:24,#11,212,351,0.17,15.00,0.00,1013.23,-0.0000,-0.0000,0.0000,0.0000,2.5627,29.2913,2.9222,0.17,1,0,0,0.17,-21.943050,-48.954090,10,0,-50
2026-08-31 01:23:24,#11,212,352,0.17,15.00,0.00,1013.23,-0.0000,-0.0000,0.0000,0.0000,2.5627,29.2913,2.9222,0.17,1,0,0,0.17,-21.943050,-48.954090,10,0,-50
2026-08-31 01:23:25,#11,215,353,0.17,15.00,0.00,1013.22,-0.0000,-0.0000,0.0000,0.0000,2.5932,29.6407,3.0128,0.17,1,0,0,0.17,-21.943050,-48.954090,10,0,-50
2026-08-31 01:23:25,#11,252,354,0.31,15.00,0.00,1013.22,0.0000,0.0000,-0.0000,0.0000,3.0553,34.9223,4.1928,0.31,1,0,0,0.31,-21.943050,-48.954090,10,0,-50
2026-08-31 01:23:26,#11,252,355,0.31,15.00,0.00,1013.22,0.0000,0.0000,-0.0000,0.0000,3.0553,34.9223,4.1928,0.31,1,0,0,0.31,-21.943050,-48.954090,10,0,-50
2026-08-31 01:23:26,#11,252,356,0.31,15.00,0.00,1013.22,0.0000,0.0000,-0.0000,0.0000,3.0553,34.9223,4.1928,0.31,1,0,0,0.31,-21.943050,-48.954090,10,0,-50
2026-08-31 01:23:27,#11,252,357,0.31,15.00,0.00,1013.22,0.0000,0.0000,-0.0000,0.0000,3.0553,34.9223,4.1928,0.31,1,0,0,0.31,-21.943050,-48.954090,10,0,-50
2026-08-31 01:23:27,#11,266,358,0.37,15.00,0.00,1013.22,-0.0000,-0.0000,0.0000,0.0000,3.1726,36.2633,4.7168,0.37,1,0,0,0.37,-21.943050,-48.954090,10,0,-50
2026-08-31 01:23:28,#11,266,359,0.37,15.00,0.00,1013.22,-0.0000,-0.0000,0.0000,0.0000,3.1726,36.2633,4.7168,0.37,1,0,0,0.37,-21.943050,-48.954090,10,0,-50
2026-08-31 01:23:28,#11,266,360,0.37,15.00,0.00,1013.22,-0.0000,-0.0000,0.0000,0.0000,3.1726,36.2633,4.7168,0.37,1,0,0,0.37,-21.943050,-48.954090,10,0,-50
2026-08-31 01:23:29,#11,266,361,0.37,15.00,0.00,1013.22,-0.0000,-0.0000,0.0000,0.0000,3.1726,36.2633,4.7168,0.37,1,0,0,0.37,-21.943050,-48.954090,10,0,-50
2026-08-31 01:23:29,#11,281,362,0.44,15.00,0.00,1013.22,0.0000,0.0000,-0.0000,0.0000,3.2715,37.3936,5.2564,0.44,1,0,0,0.44,-21.943050,-48.954090,10,0,-50
2026-08-31 01:23:30,#11,281,363,0.44,15.00,0.00,1013.22,0.0000,0.0000,-0.0000,0.0000,3.2715,37.3936,5.2564,0.44,1,0,0,0.44,-21.943050,-48.954090,10,0,-50
2026-08-31 01:23:30,#11,493,364,2.62,15.00,0.00,1013.19,0.0000,0.0000,-0.0000,0.0037,4.5004,66.3873,16.2415,2.62,1,0,0,2.62,-21.943048,-48.954090,10,0,-50
2026-08-31 01:23:31,#11,493,365,2.62,15.00,0.00,1013.19,0.0000,0.0000,-0.0000,0.0037,4.5004,66.3873,16.2415,2.62,1,0,0,2.62,-21.943048,-48.954090,10,0,-50
2026-08-31 01:23:31,#11,493,366,2.62,15.00,0.00,1013.19,0.0000,0.0000,-0.0000,0.0037,4.5004,66.3873,16.2415,2.62,1,0,0,2.62,-21.943048,-48.954090,10,0,-50
2026-08-31 01:23:32,#11,493,367,2.62,15.00,0.00,1013.19,0.0000,0.0000,-0.0000,0.0037,4.5004,66.3873,16.2415,2.62,1,0,0,2.62,-21.943048,-48.954090,10,0,-50
2026-08-31 01:23:32,#11,534,368,3.34,15.00,0.00,1013.19,-0.0001,-0.0001,-0.0000,-0.0028,7.1840,72.3738,19.0728,3.34,1,0,0,3.34,-21.943047,-48.954090,10,0,-50
2026-08-31 01:23:33,#11,534,369,3.34,15.00,0.00,1013.19,-0.0001,-0.0001,-0.0000,-0.0028,7.1840,72.3738,19.0728,3.34,1,0,0,3.34,-21.943047,-48.954090,10,0,-50
2026-08-31 01:23:33,#11,534,370,3.34,15.00,0.00,1013.19,-0.0001,-0.0001,-0.0000,-0.0028,7.1840,72.3738,19.0728,3.34,1,0,0,3.34,-21.943047,-48.954090,10,0,-50
2026-08-31 01:23:34,#11,559,371,3.84,15.00,0.00,1013.18,-0.0002,-0.0002,-0.0000,-0.0030,7.4228,75.1357,20.9218,3.84,1,0,0,3.84,-21.943047,-48.954090,10,0,-50
2026-08-31 01:23:34,#11,559,372,3.84,15.00,0.00,1013.18,-0.0002,-0.0002,-0.0000,-0.0030,7.4228,75.1357,20.9218,3.84,1,0,0,3.84,-21.943047,-48.954090,10,0,-50
2026-08-31 01:23:35,#11,559,373,3.84,15.00,0.00,1013.18,-0.0002,-0.0002,-0.0000,-0.0030,7.4228,75.1357,20.9218,3.84,1,0,0,3.84,-21.943047,-48.954090,10,0,-50
2026-08-31 01:23:35,#11,560,374,3.86,15.00,0.00,1013.18,-0.0002,-0.0002,-0.0000,-0.0030,7.4310,75.2294,20.9652,3.86,1,0,0,3.86,-21.943047,-48.954090,10,0,-50
2026-08-31 01:23:36,#11,560,375,3.86,15.00,0.00,1013.18,-0.0002,-0.0002,-0.0000,-0.0030,7.4310,75.2294,20.9652,3.86,1,0,0,3.86,-21.943047,-48.954090,10,0,-50
2026-08-31 01:23:36,#11,560,376,3.86,15.00,0.00,1013.18,-0.0002,-0.0002,-0.0000,-0.0030,7.4310,75.2294,20.9652,3.86,1,0,0,3.86,-21.943047,-48.954090,10,0,-50
2026-08-31 01:23:37,#11,2109,377,148.66,14.99,0.00,1013.00,-0.0065,-0.0067,-0.0000,-0.0229,1.4701,4.9056,140.0893,148.66,1,0,0,148.66,-21.942916,-48.954090,10,0,-50
2026-08-31 01:23:37,#11,2109,378,148.66,14.99,0.00,1013.00,-0.0065,-0.0067,-0.0000,-0.0229,1.4701,4.9056,140.0893,148.66,1,0,0,148.66,-21.942916,-48.954090,10,0,-50
2026-08-31 01:23:38,#11,2109,379,148.66,14.99,0.00,1013.00,-0.0065,-0.0067,-0.0000,-0.0229,1.4701,4.9056,140.0893,148.66,1,0,0,148.66,-21.942916,-48.954090,10,0,-50
2026-08-31 01:23:38,#11,5260,380,531.89,14.97,0.00,1012.63,-0.0090,-0.0093,-0.0000,-0.0109,-0.5577,-13.7664,98.4480,531.89,1,0,0,531.89,-21.942511,-48.954092,10,0,-50
2026-08-31 01:23:39,#11,5260,381,531.89,14.97,0.00,1012.63,-0.0090,-0.0093,-0.0000,-0.0109,-0.5577,-13.7664,98.4480,531.89,1,0,0,531.89,-21.942511,-48.954092,10,0,-50
2026-08-31 01:23:39,#11,5260,382,531.89,14.97,0.00,1012.63,-0.0090,-0.0093,-0.0000,-0.0109,-0.5577,-13.7664,98.4480,531.89,1,0,0,531.89,-21.942511,-48.954092,10,0,-50
2026-08-31 01:23:40,#11,11211,383,903.56,14.93,0.00,1011.93,-0.0661,-0.0676,-0.0000,-0.0022,-0.2066,-10.1236,29.9654,903.56,1,0,0,903.56,-21.941861,-48.954097,10,0,-50
2026-08-31 01:23:40,#11,11593,384,914.28,14.92,0.00,1011.89,-0.0803,-0.0821,-0.0000,-0.0017,-0.2018,-10.0313,26.1102,914.28,1,0,0,914.28,-21.941823,-48.954098,10,0,-50
2026-08-31 01:23:41,#11,11593,385,914.28,14.92,0.00,1011.89,-0.0803,-0.0821,-0.0000,-0.0017,-0.2018,-10.0313,26.1102,914.28,1,0,0,914.28,-21.941823,-48.954098,10,0,-50
2026-08-31 01:23:41,#11,11593,386,914.28,14.92,0.00,1011.89,-0.0803,-0.0821,-0.0000,-0.0017,-0.2018,-10.0313,26.1102,914.28,1,0,0,914.28,-21.941823,-48.954098,10,0,-50
2026-08-31 01:23:42,#11,11593,387,914.28,14.92,0.00,1011.89,-0.0803,-0.0821,-0.0000,-0.0017,-0.2018,-10.0313,26.1102,914.28,1,0,0,914.28,-21.941823,-48.954098,10,0,-50
2026-08-31 01:23:42,#11,17481,388,922.72,14.89,0.00,1011.20,-0.7704,-0.7896,-0.0019,0.0137,-1.2592,-0.0660,-8.7958,922.72,5,0,0,922.72,-21.941362,-48.954103,10,1,-50
2026-08-31 01:23:43,#11,2,1,0.00,15.00,0.00,1013.25,0.0000,0.0000,-0.0000,0.0000,0.0000,0.0000,0.0000,0.00,0,0,0,0.00,-21.943050,-48.954090,10,0,-50
2026-08-31 01:23:43,#11,2,2,0.00,15.00,0.00,1013.25,0.0000,0.0000,-0.0000,0.0000,0.0000,0.0000,0.0000,0.00,0,0,0,0.00,-21.943050,-48.954090,10,0,-50
2026-08-31 01:23:44,#11,2,3,0.00,15.00,0.00,1013.25,0.0000,0.0000,-0.0000,0.0000,0.0000,0.0000,0.0000,0.00,0,0,0,0.00,-21.943050,-48.954090,10,0,-50
2026-08-31 01:23:44,#11,2,4,0.00,15.00,0.00,1013.25,0.0000,0.0000,-0.0000,0.0000,0.0000,0.0000,0.0000,0.00,0,0,0,0.00,-21.943050,-48.954090,10,0,-50
2026-08-31 01:23:45,#11,2,5,0.00,15.00,0.00,1013.25,0.0000,0.0000,-0.0000,0.0000,0.0000,0.0000,0.0000,0.00,0,0,0,0.00,-21.943050,-48.954090,10,0,-50
2026-08-31 01:23:45,#11,3,6,0.00,15.00,0.00,1013.25,0.0000,0.0000,0.0000,0.0000,0.0000,0.0000,0.0000,0.00,0,0,0,0.00,-21.943050,-48.954090,10,0,-50
2026-08-31 01:23:46,#11,3,7,0.00,15.00,0.00,1013.25,0.0000,0.0000,0.0000,0.0000,0.0000,0.0000,0.0000,0.00,0,0,0,0.00,-21.943050,-48.954090,10,0,-50
2026-08-31 01:23:46,#11,3,8,-0.00,15.00,0.00,1013.25,-0.0000,-0.0000,0.0000,-0.0000,-0.0000,-0.0000,-0.0000,0.00,0,0,0,-0.00,-21.943050,-48.954090,10,0,-50
2026-08-31 01:23:47,#11,3,9,-0.00,15.00,0.00,1013.25,-0.0000,-0.0000,0.0000,-0.0000,-0.0000,-0.0000,-0.0000,0.00,0,0,0,-0.00,-21.943050,-48.954090,10,0,-50
2026-08-31 01:23:47,#11,3,10,-0.00,15.00,0.00,1013.25,-0.0000,-0.0000,0.0000,-0.0000,-0.0000,-0.0000,-0.0000,0.00,0,0,0,-0.00,-21.943050,-48.954090,10,0,-50
2026-08-31 01:23:48,#11,3,11,-0.00,15.00,0.00,1013.25,-0.0000,-0.0000,0.0000,-0.0000,-0.0000,-0.0000,-0.0000,0.00,0,0,0,-0.00,-21.943050,-48.954090,10,0,-50
2026-08-31 01:23:48,#11,3,12,-0.00,15.00,0.00,1013.25,-0.0000,-0.0000,0.0000,-0.0000,-0.0000,-0.0000,-0.0000,0.00,0,0,0,-0.00,-21.943050,-48.954090,10,0,-50
2026-08-31 01:23:49,#11,3,13,-0.00,15.00,0.00,1013.25,-0.0000,-0.0000,0.0000,-0.0000,-0.0000,-0.0000,-0.0000,0.00,0,0,0,-0.00,-21.943050,-48.954090,10,0,-50
2026-08-31 01:23:49,#11,4,14,-0.00,15.00,0.00,1013.25,-0.0000,-0.0000,0.0000,-0.0000,-0.0000,-0.0000,-0.0000,0.00,0,0,0,-0.00,-21.943050,-48.954090,10,0,-50
2026-08-31 01:23:50,#11,4,15,-0.00,15.00,0.00,1013.25,-0.0000,-0.0000,0.0000,-0.0000,-0.0000,-0.0000,-0.0000,0.00,0,0,0,-0.00,-21.943050,-48.954090,10,0,-50
2026-08-31 01:23:50,#11,4,16,-0.00,15.00,0.00,1013.25,-0.0000,-0.0000,0.0000,-0.0000,-0.0000,-0.0000,-0.0000,0.00,0,0,0,-0.00,-21.943050,-48.954090,10,0,-50
2026-08-31 01:23:51,#11,4,17,-0.00,15.00,0.00,1013.25,-0.0000,-0.0000,0.0000,-0.0000,-0.0000,-0.0000,-0.0000,0.00,0,0,0,-0.00,-21.943050,-48.954090,10,0,-50
2026-08-31 01:23:51,#11,4,18,-0.00,15.00,0.00,1013.25,-0.0000,-0.0000,0.0000,-0.0000,-0.0000,-0.0000,-0.0000,0.00,0,0,0,-0.00,-21.943050,-48.954090,10,0,-50
2026-08-31 01:23:52,#11,4,19,-0.00,15.00,0.00,1013.25,-0.0000,-0.0000,0.0000,-0.0000,-0.0000,-0.0000,-0.0000,0.00,0,0,0,-0.00,-21.943050,-48.954090,10,0,-50
2026-08-31 01:23:52,#11,4,20,-0.00,15.00,0.00,1013.25,-0.0000,-0.0000,0.0000,-0.0000,-0.0000,-0.0000,-0.0000,0.00,0,0,0,-0.00,-21.943050,-48.954090,10,0,-50
2026-08-31 01:23:53,#11,4,21,-0.00,15.00,0.00,1013.25,-0.0000,-0.0000,0.0000,-0.0000,-0.0000,-0.0000,-0.0000,0.00,0,0,0,-0.00,-21.943050,-48.954090,10,0,-50
2026-08-31 01:23:53,#11,4,22,-0.00,15.00,0.00,1013.25,-0.0000,-0.0000,0.0000,-0.0000,-0.0000,-0.0000,-0.0000,0.00,0,0,0,-0.00,-21.943050,-48.954090,10,0,-50
2026-08-31 01:23:54,#11,5,23,-0.00,15.00,0.00,1013.25,-0.0000,-0.0000,0.0000,-0.0000,-0.0000,-0.0000,-0.0000,0.00,0,0,0,-0.00,-21.943050,-48.954090,10,0,-50
2026-08-31 01:23:54,#11,5,24,-0.00,15.00,0.00,1013.25,-0.0000,-0.0000,0.0000,-0.0000,-0.0000,-0.0000,-0.0000,0.00,0,0,0,-0.00,-21.943050,-48.954090,10,0,-50
2026-08-31 01:23:55,#11,5,25,-0.00,15.00,0.00,1013.25,-0.0000,-0.0000,0.0000,-0.0000,-0.0000,-0.0000,-0.0000,0.00,0,0,0,-0.00,-21.943050,-48.954090,10,0,-50
2026-08-31 01:23:55,#11,5,26,-0.00,15.00,0.00,1013.25,-0.0000,-0.0000,0.0000,-0.0000,-0.0000,-0.0000,-0.0000,0.00,0,0,0,-0.00,-21.943050,-48.954090,10,0,-50
2026-08-31 01:23:56,#11,5,27,-0.00,15.00,0.00,1013.25,-0.0000,-0.0000,0.0000,-0.0000,-0.0000,-0.0000,-0.0000,0.00,0,0,0,-0.00,-21.943050,-48.954090,10,0,-50
2026-08-31 01:23:56,#11,5,28,-0.00,15.00,0.00,1013.25,-0.0000,-0.0000,0.0000,-0.0000,-0.0000,-0.0000,-0.0000,0.00,0,0,0,-0.00,-21.943050,-48.954090,10,0,-50
2026-08-31 01:23:57,#11,5,29,-0.00,15.00,0.00,1013.25,-0.0000,-0.0000,0.0000,-0.0000,-0.0000,-0.0000,-0.0000,0.00,0,0,0,-0.00,-21.943050,-48.954090,10,0,-50
2026-08-31 01:23:57,#11,5,30,-0.00,15.00,0.00,1013.25,-0.0000,-0.0000,0.0000,-0.0000,-0.0000,-0.0000,-0.0000,0.00,0,0,0,-0.00,-21.943050,-48.954090,10,0,-50
2026-08-31 01:23:58,#11,5,31,-0.00,15.00,0.00,1013.25,-0.0000,-0.0000,0.0000,-0.0000,-0.0000,-0.0000,-0.0000,0.00,0,0,0,-0.00,-21.943050,-48.954090,10,0,-50
2026-08-31 01:23:58,#11,5,32,-0.00,15.00,0.00,1013.25,-0.0000,-0.0000,0.0000,-0.0000,-0.0000,-0.0000,-0.0000,0.00,0,0,0,-0.00,-21.943050,-48.954090,10,0,-50
2026-08-31 01:23:59,#11,5,33,-0.00,15.00,0.00,1013.25,-0.0000,-0.0000,0.0000,-0.0000,-0.0000,-0.0000,-0.0000,0.00,0,0,0,-0.00,-21.943050,-48.954090,10,0,-50
2026-08-31 01:23:59,#11,5,34,-0.00,15.00,0.00,1013.25,-0.0000,-0.0000,0.0000,-0.0000,-0.0000,-0.0000,-0.0000,0.00,0,0,0,-0.00,-21.943050,-48.954090,10,0,-50
2026-08-31 01:24:00,#11,5,35,-0.00,15.00,0.00,1013.25,-0.0000,-0.0000,0.0000,-0.0000,-0.0000,-0.0000,-0.0000,0.00,0,0,0,-0.00,-21.943050,-48.954090,10,0,-50
2026-08-31 01:24:00,#11,5,36,-0.00,15.00,0.00,1013.25,-0.0000,-0.0000,0.0000,-0.0000,-0.0000,-0.0000,-0.0000,0.00,0,0,0,-0.00,-21.943050,-48.954090,10,0,-50
2026-08-31 01:24:01,#11,5,37,-0.00,15.00,0.00,1013.25,-0.0000,-0.0000,0.0000,-0.0000,-0.0000,-0.0000,-0.0000,0.00,0,0,0,-0.00,-21.943050,-48.954090,10,0,-50
2026-08-31 01:24:01,#11,5,38,-0.00,15.00,0.00,1013.25,-0.0000,-0.0000,0.0000,-0.0000,-0.0000,-0.0000,-0.0000,0.00,0,0,0,-0.00,-21.943050,-48.954090,10,0,-50
2026-08-31 01:24:02,#11,6,39,-0.00,15.00,0.00,1013.25,-0.0000,-0.0000,0.0000,-0.0000,-0.0000,-0.0000,-0.0000,0.00,0,0,0,-0.00,-21.943050,-48.954090,10,0,-50
2026-08-31 01:24:02,#11,6,40,-0.00,15.00,0.00,1013.25,-0.0000,-0.0000,0.0000,-0.0000,-0.0000,-0.0000,-0.0000,0.00,0,0,0,-0.00,-21.943050,-48.954090,10,0,-50
2026-08-31 01:24:03,#11,6,41,-0.00,15.00,0.00,1013.25,-0.0000,-0.0000,0.0000,-0.0000,-0.0000,-0.0000,-0.0000,0.00,0,0,0,-0.00,-21.943050,-48.954090,10,0,-50
2026-08-31 01:24:03,#11,6,42,-0.00,15.00,0.00,1013.25,-0.0000,-0.0000,0.0000,-0.0000,-0.0000,-0.0000,-0.0000,0.00,0,0,0,-0.00,-21.943050,-48.954090,10,0,-50
2026-08-31 01:24:04,#11,6,43,0.00,15.00,0.00,1013.25,0.0000,-0.0000,0.0000,0.0000,0.0000,0.0000,0.0000,0.00,0,0,0,0.00,-21.943050,-48.954090,10,0,-50
2026-08-31 01:24:04,#11,6,44,0.00,15.00,0.00,1013.25,0.0000,0.0000,-0.0000,0.0000,0.0000,0.0000,0.0000,0.00,0,0,0,0.00,-21.943050,-48.954090,10,0,-50
2026-08-31 01:24:05,#11,6,45,0.00,15.00,0.00,1013.25,0.0000,0.0000,-0.0000,0.0000,0.0000,0.0000,0.0000,0.00,0,0,0,0.00,-21.943050,-48.954090,10,0,-50
2026-08-31 01:24:05,#11,6,46,0.00,15.00,0.00,1013.25,0.0000,0.0000,-0.0000,0.0000,0.0000,0.0000,0.0000,0.00,0,0,0,0.00,-21.943050,-48.954090,10,0,-50
2026-08-31 01:24:06,#11,6,47,0.00,15.00,0.00,1013.25,0.0000,0.0000,-0.0000,0.0000,0.0000,0.0000,0.0000,0.00,0,0,0,0.00,-21.943050,-48.954090,10,0,-50
2026-08-31 01:24:06,#11,6,48,0.00,15.00,0.00,1013.25,0.0000,0.0000,-0.0000,0.0000,0.0000,0.0000,0.0000,0.00,0,0,0,0.00,-21.943050,-48.954090,10,0,-50
2026-08-31 01:24:07,#11,6,49,0.00,15.00,0.00,1013.25,0.0000,0.0000,-0.0000,0.0000,0.0000,0.0000,0.0000,0.00,0,0,0,0.00,-21.943050,-48.954090,10,0,-50
2026-08-31 01:24:07,#11,6,50,0.00,15.00,0.00,1013.25,0.0000,0.0000,-0.0000,0.0000,0.0000,0.0000,0.0000,0.00,0,0,0,0.00,-21.943050,-48.954090,10,0,-50
2026-08-31 01:24:08,#11,7,51,0.00,15.00,0.00,1013.25,0.0000,0.0000,-0.0000,0.0000,0.0000,0.0000,0.0000,0.00,0,0,0,0.00,-21.943050,-48.954090,10,0,-50
2026-08-31 01:24:08,#11,7,52,0.00,15.00,0.00,1013.25,0.0000,0.0000,-0.0000,0.0000,0.0000,0.0000,0.0000,0.00,0,0,0,0.00,-21.943050,-48.954090,10,0,-50
2026-08-31 01:24:09,#11,7,53,0.00,15.00,0.00,1013.25,0.0000,0.0000,-0.0000,0.0000,0.0000,0.0000,0.0000,0.00,0,0,0,0.00,-21.943050,-48.954090,10,0,-50
2026-08-31 01:24:09,#11,7,54,0.00,15.00,0.00,1013.25,0.0000,0.0000,-0.0000,0.0000,0.0000,0.0000,0.0000,0.00,0,0,0,0.00,-21.943050,-48.954090,10,0,-50
2026-08-31 01:24:10,#11,7,55,0.00,15.00,0.00,1013.25,0.0000,0.0000,-0.0000,0.0000,0.0000,0.0000,0.0000,0.00,0,0,0,0.00,-21.943050,-48.954090,10,0,-50
2026-08-31 01:24:10,#11,7,56,0.00,15.00,0.00,1013.25,0.0000,0.0000,-0.0000,0.0000,0.0000,0.0000,0.0000,0.00,0,0,0,0.00,-21.943050,-48.954090,10,0,-50
2026-08-31 01:24:11,#11,7,57,0.00,15.00,0.00,1013.25,0.0000,0.0000,-0.0000,0.0000,0.0000,0.0000,0.0000,0.00,0,0,0,0.00,-21.943050,-48.954090,10,0,-50
2026-08-31 01:24:11,#11,7,58,0.00,15.00,0.00,1013.25,0.0000,0.0000,-0.0000,0.0000,0.0000,0.0000,0.0000,0.00,0,0,0,0.00,-21.943050,-48.954090,10,0,-50
2026-08-31 01:24:12,#11,7,59,0.00,15.00,0.00,1013.25,0.0000,0.0000,-0.0000,0.0000,0.0000,0.0000,0.0000,0.00,0,0,0,0.00,-21.943050,-48.954090,10,0,-50
2026-08-31 01:24:12,#11,8,60,0.00,15.00,0.00,1013.25,0.0000,0.0000,-0.0000,0.0000,0.0000,0.0000,0.0000,0.00,0,0,0,0.00,-21.943050,-48.954090,10,0,-50
2026-08-31 01:24:13,#11,8,61,0.00,15.00,0.00,1013.25,0.0000,0.0000,-0.0000,0.0000,0.0000,0.0000,0.0000,0.00,0,0,0,0.00,-21.943050,-48.954090,10,0,-50
2026-08-31 01:24:13,#11,8,62,0.00,15.00,0.00,1013.25,0.0000,0.0000,-0.0000,0.0000,0.0000,0.0000,0.0000,0.00,0,0,0,0.00,-21.943050,-48.954090,10,0,-50
2026-08-31 01:24:14,#11,9,63,0.00,15.00,0.00,1013.25,0.0000,0.0000,-0.0000,0.0000,0.0000,0.0000,0.0000,0.00,0,0,0,0.00,-21.943050,-48.954090,10,0,-50
2026-08-31 01:24:14,#11,9,64,0.00,15.00,0.00,1013.25,0.0000,0.0000,-0.0000,0.0000,0.0000,0.0000,0.0000,0.00,0,0,0,0.00,-21.943050,-48.954090,10,0,-50
2026-08-31 01:24:15,#11,9,65,0.00,15.00,0.00,1013.25,0.0000,0.0000,-0.0000,0.0000,0.0000,0.0000,0.0000,0.00,0,0,0,0.00,-21.943050,-48.954090,10,0,-50
2026-08-31 01:24:15,#11,9,66,0.00,15.00,0.00,1013.25,0.0000,0.0000,-0.0000,0.0000,0.0000,0.0000,0.0000,0.00,0,0,0,0.00,-21.943050,-48.954090,10,0,-50
2026-08-31 01:24:16,#11,9,67,0.00,15.00,0.00,1013.25,0.0000,0.0000,-0.0000,0.0000,0.0000,0.0000,0.0000,0.00,0,0,0,0.00,-21.943050,-48.954090,10,0,-50
2026-08-31 01:24:16,#11,9,68,0.00,15.00,0.00,1013.25,0.0000,0.0000,-0.0000,0.0000,0.0000,0.0000,0.0000,0.00,0,0,0,0.00,-21.943050,-48.954090,10,0,-50
2026-08-31 01:24:17,#11,9,69,0.00,15.00,0.00,1013.25,0.0000,0.0000,-0.0000,0.0000,0.0000,0.0000,0.0000,0.00,0,0,0,0.00,-21.943050,-48.954090,10,0,-50
2026-08-31 01:24:17,#11,9,70,0.00,15.00,0.00,1013.25,0.0000,0.0000,-0.0000,0.0000,0.0000,0.0000,0.0000,0.00,0,0,0,0.00,-21.943050,-48.954090,10,0,-50
2026-08-31 01:24:18,#11,9,71,0.00,15.00,0.00,1013.25,0.0000,0.0000,-0.0000,0.0000,0.0000,0.0000,0.0000,0.00,0,0,0,0.00,-21.943050,-48.954090,10,0,-50
2026-08-31 01:24:18,#11,9,72,0.00,15.00,0.00,1013.25,0.0000,0.0000,-0.0000,0.0000,0.0000,0.0000,0.0000,0.00,0,0,0,0.00,-21.943050,-48.954090,10,0,-50
2026-08-31 01:24:19,#11,9,73,0.00,15.00,0.00,1013.25,0.0000,0.0000,-0.0000,0.0000,0.0000,0.0000,0.0000,0.00,0,0,0,0.00,-21.943050,-48.954090,10,0,-50
2026-08-31 01:24:19,#11,9,74,0.00,15.00,0.00,1013.25,0.0000,0.0000,-0.0000,0.0000,0.0000,0.0000,0.0000,0.00,0,0,0,0.00,-21.943050,-48.954090,10,0,-50
2026-08-31 01:24:20,#11,9,75,0.00,15.00,0.00,1013.25,0.0000,0.0000,-0.0000,0.0000,0.0000,0.0000,0.0000,0.00,0,0,0,0.00,-21.943050,-48.954090,10,0,-50
2026-08-31 01:24:20,#11,9,76,0.00,15.00,0.00,1013.25,0.0000,0.0000,-0.0000,0.0000,0.0000,0.0000,0.0000,0.00,0,0,0,0.00,-21.943050,-48.954090,10,0,-50
2026-08-31 01:24:21,#11,9,77,0.00,15.00,0.00,1013.25,0.0000,0.0000,-0.0000,0.0000,0.0000,0.0000,0.0000,0.00,0,0,0,0.00,-21.943050,-48.954090,10,0,-50
2026-08-31 01:24:21,#11,9,78,0.00,15.00,0.00,1013.25,0.0000,0.0000,-0.0000,0.0000,0.0000,0.0000,0.0000,0.00,0,0,0,0.00,-21.943050,-48.954090,10,0,-50
2026-08-31 01:24:22,#11,9,79,0.00,15.00,0.00,1013.25,0.0000,0.0000,-0.0000,0.0000,0.0000,0.0000,0.0000,0.00,0,0,0,0.00,-21.943050,-48.954090,10,0,-50
2026-08-31 01:24:22,#11,10,80,0.00,15.00,0.00,1013.25,0.0000,0.0000,-0.0000,0.0000,0.0000,0.0000,0.0000,0.00,0,0,0,0.00,-21.943050,-48.954090,10,0,-50
2026-08-31 01:24:23,#11,10,81,0.00,15.00,0.00,1013.25,0.0000,0.0000,-0.0000,0.0000,0.0000,0.0000,0.0000,0.00,0,0,0,0.00,-21.943050,-48.954090,10,0,-50
2026-08-31 01:24:23,#11,10,82,0.00,15.00,0.00,1013.25,0.0000,0.0000,-0.0000,0.0000,0.0000,0.0000,0.0000,0.00,0,0,0,0.00,-21.943050,-48.954090,10,0,-50
2026-08-31 01:24:24,#11,10,83,0.00,15.00,0.00,1013.25,0.0000,0.0000,-0.0000,0.0000,0.0000,0.0000,0.0000,0.00,0,0,0,0.00,-21.943050,-48.954090,10,0,-50
2026-08-31 01:24:24,#11,10,84,0.00,15.00,0.00,1013.25,0.0000,0.0000,-0.0000,0.0000,0.0000,0.0000,0.0000,0.00,0,0,0,0.00,-21.943050,-48.954090,10,0,-50
2026-08-31 01:24:25,#11,10,85,0.00,15.00,0.00,1013.25,0.0000,0.0000,-0.0000,0.0000,0.0000,0.0000,0.0000,0.00,0,0,0,0.00,-21.943050,-48.954090,10,0,-50
2026-08-31 01:24:25,#11,11,86,0.00,15.00,0.00,1013.25,0.0000,0.0000,-0.0000,0.0000,0.0000,0.0000,0.0000,0.00,0,0,0,0.00,-21.943050,-48.954090,10,0,-50
2026-08-31 01:24:26,#11,11,87,0.00,15.00,0.00,1013.25,0.0000,0.0000,-0.0000,0.0000,0.0000,0.0000,0.0000,0.00,0,0,0,0.00,-21.943050,-48.954090,10,0,-50
2026-08-31 01:24:26,#11,11,88,0.00,15.00,0.00,1013.25,0.0000,0.0000,-0.0000,0.0000,0.0000,0.0000,0.0000,0.00,0,0,0,0.00,-21.943050,-48.954090,10,0,-50
2026-08-31 01:24:27,#11,11,89,0.00,15.00,0.00,1013.25,0.0000,0.0000,-0.0000,0.0000,0.0000,0.0000,0.0000,0.00,0,0,0,0.00,-21.943050,-48.954090,10,0,-50
2026-08-31 01:24:27,#11,11,90,0.00,15.00,0.00,1013.25,0.0000,0.0000,-0.0000,0.0000,0.0000,0.0000,0.0000,0.00,0,0,0,0.00,-21.943050,-48.954090,10,0,-50
2026-08-31 01:24:28,#11,11,91,0.00,15.00,0.00,1013.25,0.0000,0.0000,-0.0000,0.0000,0.0000,0.0000,0.0000,0.00,0,0,0,0.00,-21.943050,-48.954090,10,0,-50
2026-08-31 01:24:28,#11,11,92,0.00,15.00,0.00,1013.25,0.0000,0.0000,-0.0000,0.0000,0.0000,0.0000,0.0000,0.00,0,0,0,0.00,-21.943050,-48.954090,10,0,-50
2026-08-31 01:24:29,#11,11,93,0.00,15.00,0.00,1013.25,0.0000,0.0000,-0.0000,0.0000,0.0000,0.0000,0.0000,0.00,0,0,0,0.00,-21.943050,-48.954090,10,0,-50
2026-08-31 01:24:29,#11,11,94,0.00,15.00,0.00,1013.25,0.0000,0.0000,-0.0000,0.0000,0.0000,0.0000,0.0000,0.00,0,0,0,0.00,-21.943050,-48.954090,10,0,-50
2026-08-31 01:24:30,#11,11,95,0.00,15.00,0.00,1013.25,0.0000,0.0000,-0.0000,0.0000,0.0000,0.0000,0.0000,0.00,0,0,0,0.00,-21.943050,-48.954090,10,0,-50
2026-08-31 01:24:30,#11,11,96,0.00,15.00,0.00,1013.25,0.0000,0.0000,-0.0000,0.0000,0.0000,0.0000,0.0000,0.00,0,0,0,0.00,-21.943050,-48.954090,10,0,-50
2026-08-31 01:24:31,#11,11,97,0.00,15.00,0.00,1013.25,0.0000,0.0000,-0.0000,0.0000,0.0000,0.0000,0.0000,0.00,0,0,0,0.00,-21.943050,-48.954090,10,0,-50
2026-08-31 01:24:31,#11,12,98,-0.00,15.00,0.00,1013.25,-0.0000,-0.0000,0.0000,-0.0000,-0.0000,-0.0000,-0.0000,0.00,0,0,0,-0.00,-21.943050,-48.954090,10,0,-50
2026-08-31 01:24:32,#11,12,99,-0.00,15.00,0.00,1013.25,-0.0000,-0.0000,0.0000,-0.0000,-0.0000,-0.0000,-0.0000,0.00,0,0,0,-0.00,-21.943050,-48.954090,10,0,-50
2026-08-31 01:24:32,#11,12,100,-0.00,15.00,0.00,1013.25,-0.0000,-0.0000,0.0000,-0.0000,-0.0000,-0.0000,-0.0000,0.00,0,0,0,-0.00,-21.943050,-48.954090,10,0,-50
2026-08-31 01:24:33,#11,12,101,-0.00,15.00,0.00,1013.25,-0.0000,-0.0000,0.0000,-0.0000,-0.0000,-0.0000,-0.0000,0.00,0,0,0,-0.00,-21.943050,-48.954090,10,0,-50
2026-08-31 01:24:33,#11,12,102,-0.00,15.00,0.00,1013.25,-0.0000,-0.0000,0.0000,-0.0000,-0.0000,-0.0000,-0.0000,0.00,0,0,0,-0.00,-21.943050,-48.954090,10,0,-50
2026-08-31 01:24:34,#11,12,103,-0.00,15.00,0.00,1013.25,-0.0000,-0.0000,0.0000,-0.0000,-0.0000,-0.0000,-0.0000,0.00,0,0,0,-0.00,-21.943050,-48.954090,10,0,-50
2026-08-31 01:24:34,#11,12,104,-0.00,15.00,0.00,1013.25,-0.0000,-0.0000,0.0000,-0.0000,-0.0000,-0.0000,-0.0000,0.00,0,0,0,-0.00,-21.943050,-48.954090,10,0,-50
2026-08-31 01:24:35,#11,12,105,-0.00,15.00,0.00,1013.25,-0.0000,-0.0000,0.0000,-0.0000,-0.0000,-0.0000,-0.0000,0.00,0,0,0,-0.00,-21.943050,-48.954090,10,0,-50
2026-08-31 01:24:35,#11,12,106,-0.00,15.00,0.00,1013.25,-0.0000,-0.0000,0.0000,-0.0000,-0.0000,-0.0000,-0.0000,0.00,0,0,0,-0.00,-21.943050,-48.954090,10,0,-50
2026-08-31 01:24:36,#11,12,107,-0.00,15.00,0.00,1013.25,-0.0000,-0.0000,0.0000,-0.0000,-0.0000,-0.0000,-0.0000,0.00,0,0,0,-0.00,-21.943050,-48.954090,10,0,-50
2026-08-31 01:24:36,#11,12,108,-0.00,15.00,0.00,1013.25,-0.0000,-0.0000,0.0000,-0.0000,-0.0000,-0.0000,-0.0000,0.00,0,0,0,-0.00,-21.943050,-48.954090,10,0,-50
2026-08-31 01:24:37,#11,12,109,-0.00,15.00,0.00,1013.25,-0.0000,-0.0000,0.0000,-0.0000,-0.0000,-0.0000,-0.0000,0.00,0,0,0,-0.00,-21.943050,-48.954090,10,0,-50
2026-08-31 01:24:37,#11,13,110,-0.00,15.00,0.00,1013.25,-0.0000,-0.0000,0.0000,-0.0000,-0.0000,-0.0000,-0.0000,0.00,0,0,0,-0.00,-21.943050,-48.954090,10,0,-50
2026-08-31 01:24:38,#11,13,111,-0.00,15.00,0.00,1013.25,-0.0000,-0.0000,0.0000,-0.0000,-0.0000,-0.0000,-0.0000,0.00,0,0,0,-0.00,-21.943050,-48.954090,10,0,-50
2026-08-31 01:24:38,#11,13,112,-0.00,15.00,0.00,1013.25,-0.0000,-0.0000,0.0000,-0.0000,-0.0000,-0.0000,-0.0000,0.00,0,0,0,-0.00,-21.943050,-48.954090,10,0,-50
2026-08-31 01:24:39,#11,13,113,-0.00,15.00,0.00,1013.25,-0.0000,-0.0000,0.0000,-0.0000,-0.0000,-0.0000,-0.0000,0.00,0,0,0,-0.00,-21.943050,-48.954090,10,0,-50
2026-08-31 01:24:39,#11,13,114,-0.00,15.00,0.00,1013.25,-0.0000,-0.0000,0.0000,-0.0000,-0.0000,-0.0000,-0.0000,0.00,0,0,0,-0.00,-21.943050,-48.954090,10,0,-50
2026-08-31 01:24:40,#11,13,115,-0.00,15.00,0.00,1013.25,-0.0000,-0.0000,0.0000,-0.0000,-0.0000,-0.0000,-0.0000,0.00,0,0,0,-0.00,-21.943050,-48.954090,10,0,-50
2026-08-31 01:24:40,#11,13,116,-0.00,15.00,0.00,1013.25,-0.0000,-0.0000,0.0000,-0.0000,-0.0000,-0.0000,-0.0000,0.00,0,0,0,-0.00,-21.943050,-48.954090,10,0,-50
2026-08-31 01:24:41,#11,13,117,-0.00,15.00,0.00,1013.25,-0.0000,-0.0000,0.0000,-0.0000,-0.0000,-0.0000,-0.0000,0.00,0,0,0,-0.00,-21.943050,-48.954090,10,0,-50
2026-08-31 01:24:41,#11,13,118,-0.00,15.00,0.00,1013.25,-0.0000,-0.0000,0.0000,-0.0000,-0.0000,-0.0000,-0.0000,0.00,0,0,0,-0.00,-21.943050,-48.954090,10,0,-50
2026-08-31 01:24:42,#11,13,119,-0.00,15.00,0.00,1013.25,-0.0000,-0.0000,0.0000,-0.0000,-0.0000,-0.0000,-0.0000,0.00,0,0,0,-0.00,-21.943050,-48.954090,10,0,-50
2026-08-31 01:24:42,#11,13,120,-0.00,15.00,0.00,1013.25,-0.0000,-0.0000,0.0000,-0.0000,-0.0000,-0.0000,-0.0000,0.00,0,0,0,-0.00,-21.943050,-48.954090,10,0,-50
2026-08-31 01:24:43,#11,13,121,-0.00,15.00,0.00,1013.25,-0.0000,-0.0000,0.0000,-0.0000,-0.0000,-0.0000,-0.0000,0.00,0,0,0,-0.00,-21.943050,-48.954090,10,0,-50
2026-08-31 01:24:43,#11,13,122,-0.00,15.00,0.00,1013.25,-0.0000,-0.0000,0.0000,-0.0000,-0.0000,-0.0000,-0.0000,0.00,0,0,0,-0.00,-21.943050,-48.954090,10,0,-50
2026-08-31 01:24:44,#11,13,123,-0.00,15.00,0.00,1013.25,-0.0000,-0.0000,0.0000,-0.0000,-0.0000,-0.0000,-0.0000,0.00,0,0,0,-0.00,-21.943050,-48.954090,10,0,-50
2026-08-31 01:24:44,#11,13,124,-0.00,15.00,0.00,1013.25,-0.0000,-0.0000,0.0000,-0.0000,-0.0000,-0.0000,-0.0000,0.00,0,0,0,-0.00,-21.943050,-48.954090,10,0,-50
2026-08-31 01:24:45,#11,13,125,-0.00,15.00,0.00,1013.25,-0.0000,-0.0000,0.0000,-0.0000,-0.0000,-0.0000,-0.0000,0.00,0,0,0,-0.00,-21.943050,-48.954090,10,0,-50
2026-08-31 01:24:45,#11,13,126,-0.00,15.00,0.00,1013.25,-0.0000,-0.0000,0.0000,-0.0000,-0.0000,-0.0000,-0.0000,0.00,0,0,0,-0.00,-21.943050,-48.954090,10,0,-50
2026-08-31 01:24:46,#11,13,127,-0.00,15.00,0.00,1013.25,-0.0000,-0.0000,0.0000,-0.0000,-0.0000,-0.0000,-0.0000,0.00,0,0,0,-0.00,-21.943050,-48.954090,10,0,-50
2026-08-31 01:24:46,#11,13,128,-0.00,15.00,0.00,1013.25,-0.0000,-0.0000,0.0000,-0.0000,-0.0000,-0.0000,-0.0000,0.00,0,0,0,-0.00,-21.943050,-48.954090,10,0,-50
2026-08-31 01:24:47,#11,13,129,-0.00,15.00,0.00,1013.25,-0.0000,-0.0000,0.0000,-0.0000,-0.0000,-0.0000,-0.0000,0.00,0,0,0,-0.00,-21.943050,-48.954090,10,0,-50
2026-08-31 01:24:47,#11,13,130,-0.00,15.00,0.00,1013.25,-0.0000,-0.0000,0.0000,-0.0000,-0.0000,-0.0000,-0.0000,0.00,0,0,0,-0.00,-21.943050,-48.954090,10,0,-50
2026-08-31 01:24:48,#11,15,131,-0.00,15.00,0.00,1013.25,-0.0000,-0.0000,0.0000,-0.0000,-0.0000,-0.0000,-0.0000,0.00,0,0,0,-0.00,-21.943050,-48.954090,10,0,-50
2026-08-31 01:24:48,#11,15,132,-0.00,15.00,0.00,1013.25,-0.0000,-0.0000,0.0000,-0.0000,-0.0000,-0.0000,-0.0000,0.00,0,0,0,-0.00,-21.943050,-48.954090,10,0,-50
2026-08-31 01:24:49,#11,15,133,-0.00,15.00,0.00,1013.25,-0.0000,-0.0000,0.0000,-0.0000,-0.0000,-0.0000,-0.0000,0.00,0,0,0,-0.00,-21.943050,-48.954090,10,0,-50
2026-08-31 01:24:49,#11,15,134,-0.00,15.00,0.00,1013.25,-0.0000,-0.0000,0.0000,-0.0000,-0.0000,-0.0000,-0.0000,0.00,0,0,0,-0.00,-21.943050,-48.954090,10,0,-50
2026-08-31 01:24:50,#11,15,135,-0.00,15.00,0.00,1013.25,-0.0000,-0.0000,0.0000,-0.0000,-0.0000,-0.0000,-0.0000,0.00,0,0,0,-0.00,-21.943050,-48.954090,10,0,-50
2026-08-31 01:24:50,#11,15,136,-0.00,15.00,0.00,1013.25,-0.0000,-0.0000,0.0000,-0.0000,-0.0000,-0.0000,-0.0000,0.00,0,0,0,-0.00,-21.943050,-48.954090,10,0,-50
2026-08-31 01:24:51,#11,15,137,-0.00,15.00,0.00,1013.25,-0.0000,-0.0000,0.0000,-0.0000,-0.0000,-0.0000,-0.0000,0.00,0,0,0,-0.00,-21.943050,-48.954090,10,0,-50
2026-08-31 01:24:51,#11,15,138,-0.00,15.00,0.00,1013.25,-0.0000,-0.0000,0.0000,-0.0000,-0.0000,-0.0000,-0.0000,0.00,0,0,0,-0.00,-21.943050,-48.954090,10,0,-50
2026-08-31 01:24:52,#11,16,139,-0.00,15.00,0.00,1013.25,-0.0000,-0.0000,0.0000,-0.0000,-0.0000,-0.0000,-0.0000,0.00,0,0,0,-0.00,-21.943050,-48.954090,10,0,-50
2026-08-31 01:24:52,#11,16,140,-0.00,15.00,0.00,1013.25,-0.0000,-0.0000,0.0000,-0.0000,-0.0000,-0.0000,-0.0000,0.00,0,0,0,-0.00,-21.943050,-48.954090,10,0,-50
2026-08-31 01:24:53,#11,16,141,-0.00,15.00,0.00,1013.25,-0.0000,-0.0000,0.0000,-0.0000,-0.0000,-0.0000,-0.0000,0.00,0,0,0,-0.00,-21.943050,-48.954090,10,0,-50
2026-08-31 01:24:53,#11,17,142,-0.00,15.00,0.00,1013.25,-0.0000,-0.0000,0.0000,-0.0000,-0.0000,-0.0000,-0.0000,0.00,0,0,0,-0.00,-21.943050,-48.954090,10,0,-50
2026-08-31 01:24:54,#11,17,143,-0.00,15.00,0.00,1013.25,-0.0000,-0.0000,0.0000,-0.0000,-0.0000,-0.0000,-0.0000,0.00,0,0,0,-0.00,-21.943050,-48.954090,10,0,-50
2026-08-31 01:24:54,#11,17,144,-0.00,15.00,0.00,1013.25,-0.0000,-0.0000,0.0000,-0.0000,-0.0000,-0.0000,-0.0000,0.00,0,0,0,-0.00,-21.943050,-48.954090,10,0,-50
2026-08-31 01:24:55,#11,17,145,-0.00,15.00,0.00,1013.25,-0.0000,-0.0000,0.0000,-0.0000,-0.0000,-0.0000,-0.0000,0.00,0,0,0,-0.00,-21.943050,-48.954090,10,0,-50
2026-08-31 01:24:55,#11,18,146,0.00,15.00,0.00,1013.25,0.0000,0.0000,-0.0000,0.0000,0.0000,0.0000,0.0000,0.00,0,0,0,0.00,-21.943050,-48.954090,10,0,-50
2026-08-31 01:24:56,#11,18,147,0.00,15.00,0.00,1013.25,0.0000,0.0000,-0.0000,0.0000,0.0000,0.0000,0.0000,0.00,0,0,0,0.00,-21.943050,-48.954090,10,0,-50
2026-08-31 01:24:56,#11,18,148,0.00,15.00,0.00,1013.25,0.0000,0.0000,-0.0000,0.0000,0.0000,0.0000,0.0000,0.00,0,0,0,0.00,-21.943050,-48.954090,10,0,-50
2026-08-31 01:24:57,#11,18,149,0.00,15.00,0.00,1013.25,0.0000,0.0000,-0.0000,0.0000,0.0000,0.0000,0.0000,0.00,0,0,0,0.00,-21.943050,-48.954090,10,0,-50
2026-08-31 01:24:57,#11,18,150,0.00,15.00,0.00,1013.25,0.0000,0.0000,-0.0000,0.0000,0.0000,0.0000,0.0000,0.00,0,0,0,0.00,-21.943050,-48.954090,10,0,-50
2026-08-31 01:24:58,#11,18,151,0.00,15.00,0.00,1013.25,0.0000,0.0000,-0.0000,0.0000,0.0000,0.0000,0.0000,0.00,0,0,0,0.00,-21.943050,-48.954090,10,0,-50
2026-08-31 01:24:58,#11,18,152,0.00,15.00,0.00,1013.25,0.0000,0.0000,-0.0000,0.0000,0.0000,0.0000,0.0000,0.00,0,0,0,0.00,-21.943050,-48.954090,10,0,-50
2026-08-31 01:24:59,#11,18,153,0.00,15.00,0.00,1013.25,0.0000,0.0000,-0.0000,0.0000,0.0000,0.0000,0.0000,0.00,0,0,0,0.00,-21.943050,-48.954090,10,0,-50
2026-08-31 01:24:59,#11,19,154,0.00,15.00,0.00,1013.25,0.0000,0.0000,-0.0000,0.0000,0.0000,0.0000,0.0000,0.00,0,0,0,0.00,-21.943050,-48.954090,10,0,-50
2026-08-31 01:25:00,#11,19,155,0.00,15.00,0.00,1013.25,0.0000,0.0000,-0.0000,0.0000,0.0000,0.0000,0.0000,0.00,0,0,0,0.00,-21.943050,-48.954090,10,0,-50
2026-08-31 01:25:00,#11,19,156,0.00,15.00,0.00,1013.25,0.0000,0.0000,-0.0000,0.0000,0.0000,0.0000,0.0000,0.00,0,0,0,0.00,-21.943050,-48.954090,10,0,-50
2026-08-31 01:25:01,#11,19,157,0.00,15.00,0.00,1013.25,0.0000,0.0000,-0.0000,0.0000,0.0000,0.0000,0.0000,0.00,0,0,0,0.00,-21.943050,-48.954090,10,0,-50
2026-08-31 01:25:01,#11,19,158,0.00,15.00,0.00,1013.25,0.0000,0.0000,-0.0000,0.0000,0.0000,0.0000,0.0000,0.00,0,0,0,0.00,-21.943050,-48.954090,10,0,-50
2026-08-31 01:25:02,#11,19,159,0.00,15.00,0.00,1013.25,0.0000,0.0000,-0.0000,0.0000,0.0000,0.0000,0.0000,0.00,0,0,0,0.00,-21.943050,-48.954090,10,0,-50
2026-08-31 01:25:02,#11,19,160,0.00,15.00,0.00,1013.25,0.0000,0.0000,-0.0000,0.0000,0.0000,0.0000,0.0000,0.00,0,0,0,0.00,-21.943050,-48.954090,10,0,-50
2026-08-31 01:25:03,#11,19,161,0.00,15.00,0.00,1013.25,0.0000,0.0000,-0.0000,0.0000,0.0000,0.0000,0.0000,0.00,0,0,0,0.00,-21.943050,-48.954090,10,0,-50
2026-08-31 01:25:03,#11,20,162,0.00,15.00,0.00,1013.25,0.0000,0.0000,-0.0000,0.0000,0.0000,0.0000,0.0000,0.00,0,0,0,0.00,-21.943050,-48.954090,10,0,-50
2026-08-31 01:25:04,#11,20,163,0.00,15.00,0.00,1013.25,0.0000,0.0000,-0.0000,0.0000,0.0000,0.0000,0.0000,0.00,0,0,0,0.00,-21.943050,-48.954090,10,0,-50
2026-08-31 01:25:04,#11,20,164,0.00,15.00,0.00,1013.25,0.0000,0.0000,-0.0000,0.0000,0.0000,0.0000,0.0000,0.00,0,0,0,0.00,-21.943050,-48.954090,10,0,-50
2026-08-31 01:25:05,#11,20,165,0.00,15.00,0.00,1013.25,0.0000,0.0000,-0.0000,0.0000,0.0000,0.0000,0.0000,0.00,0,0,0,0.00,-21.943050,-48.954090,10,0,-50
2026-08-31 01:25:05,#11,20,166,0.00,15.00,0.00,1013.25,0.0000,0.0000,-0.0000,0.0000,0.0000,0.0000,0.0000,0.00,0,0,0,0.00,-21.943050,-48.954090,10,0,-50
2026-08-31 01:25:06,#11,21,167,0.00,15.00,0.00,1013.25,0.0000,0.0000,-0.0000,0.0000,0.0000,0.0000,0.0000,0.00,0,0,0,0.00,-21.943050,-48.954090,10,0,-50
2026-08-31 01:25:06,#11,21,168,0.00,15.00,0.00,1013.25,0.0000,0.0000,-0.0000,0.0000,0.0000,0.0000,0.0000,0.00,0,0,0,0.00,-21.943050,-48.954090,10,0,-50
2026-08-31 01:25:07,#11,21,169,0.00,15.00,0.00,1013.25,0.0000,0.0000,-0.0000,0.0000,0.0000,0.0000,0.0000,0.00,0,0,0,0.00,-21.943050,-48.954090,10,0,-50
2026-08-31 01:25:07,#11,21,170,0.00,15.00,0.00,1013.25,0.0000,0.0000,-0.0000,0.0000,0.0000,0.0000,0.0000,0.00,0,0,0,0.00,-21.943050,-48.954090,10,0,-50
2026-08-31 01:25:08,#11,21,171,0.00,15.00,0.00,1013.25,0.0000,0.0000,-0.0000,0.0000,0.0000,0.0000,0.0000,0.00,0,0,0,0.00,-21.943050,-48.954090,10,0,-50
2026-08-31 01:25:08,#11,21,172,0.00,15.00,0.00,1013.25,0.0000,0.0000,-0.0000,0.0000,0.0000,0.0000,0.0000,0.00,0,0,0,0.00,-21.943050,-48.954090,10,0,-50
2026-08-31 01:25:09,#11,23,173,0.00,15.00,0.00,1013.25,0.0000,0.0000,-0.0000,0.0000,0.0000,0.0000,0.0000,0.00,0,0,0,0.00,-21.943050,-48.954090,10,0,-50
2026-08-31 01:25:09,#11,23,174,0.00,15.00,0.00,1013.25,0.0000,0.0000,-0.0000,0.0000,0.0000,0.0000,0.0000,0.00,0,0,0,0.00,-21.943050,-48.954090,10,0,-50
2026-08-31 01:25:10,#11,23,175,0.00,15.00,0.00,1013.25,0.0000,0.0000,-0.0000,0.0000,0.0000,0.0000,0.0000,0.00,0,0,0,0.00,-21.943050,-48.954090,10,0,-50
2026-08-31 01:25:10,#11,23,176,0.00,15.00,0.00,1013.25,0.0000,0.0000,-0.0000,0.0000,0.0000,0.0000,0.0000,0.00,0,0,0,0.00,-21.943050,-48.954090,10,0,-50
2026-08-31 01:25:11,#11,23,177,0.00,15.00,0.00,1013.25,0.0000,0.0000,-0.0000,0.0000,0.0000,0.0000,0.0000,0.00,0,0,0,0.00,-21.943050,-48.954090,10,0,-50
2026-08-31 01:25:11,#11,23,178,0.00,15.00,0.00,1013.25,0.0000,0.0000,-0.0000,0.0000,0.0000,0.0000,0.0000,0.00,0,0,0,0.00,-21.943050,-48.954090,10,0,-50
2026-08-31 01:25:12,#11,23,179,0.00,15.00,0.00,1013.25,0.0000,0.0000,-0.0000,0.0000,0.0000,0.0000,0.0000,0.00,0,0,0,0.00,-21.943050,-48.954090,10,0,-50
2026-08-31 01:25:12,#11,23,180,0.00,15.00,0.00,1013.25,0.0000,0.0000,-0.0000,0.0000,0.0000,0.0000,0.0000,0.00,0,0,0,0.00,-21.943050,-48.954090,10,0,-50
2026-08-31 01:25:13,#11,23,181,0.00,15.00,0.00,1013.25,0.0000,0.0000,-0.0000,0.0000,0.0000,0.0000,0.0000,0.00,0,0,0,0.00,-21.943050,-48.954090,10,0,-50
2026-08-31 01:25:13,#11,24,182,-0.00,15.00,0.00,1013.25,-0.0000,-0.0000,0.0000,-0.0000,-0.0000,-0.0000,-0.0000,0.00,0,0,0,-0.00,-21.943050,-48.954090,10,0,-50
2026-08-31 01:25:14,#11,24,183,-0.00,15.00,0.00,1013.25,-0.0000,-0.0000,0.0000,-0.0000,-0.0000,-0.0000,-0.0000,0.00,0,0,0,-0.00,-21.943050,-48.954090,10,0,-50
2026-08-31 01:25:14,#11,25,184,-0.00,15.00,0.00,1013.25,-0.0000,-0.0000,0.0000,-0.0000,-0.0000,-0.0000,-0.0000,0.00,0,0,0,-0.00,-21.943050,-48.954090,10,0,-50
2026-08-31 01:25:15,#11,25,185,-0.00,15.00,0.00,1013.25,-0.0000,-0.0000,0.0000,-0.0000,-0.0000,-0.0000,-0.0000,0.00,0,0,0,-0.00,-21.943050,-48.954090,10,0,-50
2026-08-31 01:25:15,#11,25,186,-0.00,15.00,0.00,1013.25,-0.0000,-0.0000,0.0000,-0.0000,-0.0000,-0.0000,-0.0000,0.00,0,0,0,-0.00,-21.943050,-48.954090,10,0,-50
2026-08-31 01:25:16,#11,25,187,-0.00,15.00,0.00,1013.25,-0.0000,-0.0000,0.0000,-0.0000,-0.0000,-0.0000,-0.0000,0.00,0,0,0,-0.00,-21.943050,-48.954090,10,0,-50
2026-08-31 01:25:16,#11,25,188,-0.00,15.00,0.00,1013.25,-0.0000,-0.0000,0.0000,-0.0000,-0.0000,-0.0000,-0.0000,0.00,0,0,0,-0.00,-21.943050,-48.954090,10,0,-50
2026-08-31 01:25:17,#11,25,189,-0.00,15.00,0.00,1013.25,-0.0000,-0.0000,0.0000,-0.0000,-0.0000,-0.0000,-0.0000,0.00,0,0,0,-0.00,-21.943050,-48.954090,10,0,-50
2026-08-31 01:25:17,#11,27,190,-0.00,15.00,0.00,1013.25,-0.0000,-0.0000,0.0000,-0.0000,-0.0000,-0.0000,-0.0000,0.00,0,0,0,-0.00,-21.943050,-48.954090,10,0,-50
2026-08-31 01:25:18,#11,27,191,-0.00,15.00,0.00,1013.25,-0.0000,-0.0000,0.0000,-0.0000,-0.0000,-0.0000,-0.0000,0.00,0,0,0,-0.00,-21.943050,-48.954090,10,0,-50
2026-08-31 01:25:18,#11,27,192,-0.00,15.00,0.00,1013.25,-0.0000,-0.0000,0.0000,-0.0000,-0.0000,-0.0000,-0.0000,0.00,0,0,0,-0.00,-21.943050,-48.954090,10,0,-50
2026-08-31 01:25:19,#11,27,193,-0.00,15.00,0.00,1013.25,-0.0000,-0.0000,0.0000,-0.0000,-0.0000,-0.0000,-0.0000,0.00,0,0,0,-0.00,-21.943050,-48.954090,10,0,-50
2026-08-31 01:25:19,#11,27,194,0.00,15.00,0.00,1013.25,0.0000,0.0000,-0.0000,0.0000,0.0000,0.0000,0.0000,0.00,0,0,0,0.00,-21.943050,-48.954090,10,0,-50
2026-08-31 01:25:20,#11,27,195,0.00,15.00,0.00,1013.25,0.0000,0.0000,-0.0000,0.0000,0.0000,0.0000,0.0000,0.00,0,0,0,0.00,-21.943050,-48.954090,10,0,-50
2026-08-31 01:25:20,#11,27,196,0.00,15.00,0.00,1013.25,0.0000,0.0000,-0.0000,0.0000,0.0000,0.0000,0.0000,0.00,0,0,0,0.00,-21.943050,-48.954090,10,0,-50
2026-08-31 01:25:21,#11,28,197,0.00,15.00,0.00,1013.25,0.0000,0.0000,-0.0000,0.0000,0.0000,0.0000,0.0000,0.00,0,0,0,0.00,-21.943050,-48.954090,10,0,-50
2026-08-31 01:25:21,#11,28,198,0.00,15.00,0.00,1013.25,0.0000,0.0000,-0.0000,0.0000,0.0000,0.0000,0.0000,0.00,0,0,0,0.00,-21.943050,-48.954090,10,0,-50
2026-08-31 01:25:22,#11,28,199,0.00,15.00,0.00,1013.25,0.0000,0.0000,-0.0000,0.0000,0.0000,0.0000,0.0000,0.00,0,0,0,0.00,-21.943050,-48.954090,10,0,-50
2026-08-31 01:25:22,#11,29,200,0.00,15.00,0.00,1013.25,0.0000,0.0000,-0.0000,0.0000,0.0000,0.0000,0.0000,0.00,0,0,0,0.00,-21.943050,-48.954090,10,0,-50
2026-08-31 01:25:23,#11,29,201,0.00,15.00,0.00,1013.25,0.0000,0.0000,-0.0000,0.0000,0.0000,0.0000,0.0000,0.00,0,0,0,0.00,-21.943050,-48.954090,10,0,-50
2026-08-31 01:25:23,#11,30,202,0.00,15.00,0.00,1013.25,0.0000,0.0000,-0.0000,0.0000,0.0000,0.0000,0.0000,0.00,0,0,0,0.00,-21.943050,-48.954090,10,0,-50
2026-08-31 01:25:24,#11,30,203,0.00,15.00,0.00,1013.25,0.0000,0.0000,-0.0000,0.0000,0.0000,0.0000,0.0000,0.00,0,0,0,0.00,-21.943050,-48.954090,10,0,-50
2026-08-31 01:25:24,#11,30,204,0.00,15.00,0.00,1013.25,0.0000,0.0000,-0.0000,0.0000,0.0000,0.0000,0.0000,0.00,0,0,0,0.00,-21.943050,-48.954090,10,0,-50
2026-08-31 01:25:25,#11,30,205,0.00,15.00,0.00,1013.25,0.0000,0.0000,-0.0000,0.0000,0.0000,0.0000,0.0000,0.00,0,0,0,0.00,-21.943050,-48.954090,10,0,-50
2026-08-31 01:25:25,#11,30,206,0.00,15.00,0.00,1013.25,0.0000,0.0000,-0.0000,0.0000,0.0000,0.0000,0.0000,0.00,0,0,0,0.00,-21.943050,-48.954090,10,0,-50
2026-08-31 01:25:26,#11,30,207,0.00,15.00,0.00,1013.25,0.0000,0.0000,-0.0000,0.0000,0.0000,0.0000,0.0000,0.00,0,0,0,0.00,-21.943050,-48.954090,10,0,-50
2026-08-31 01:25:26,#11,30,208,0.00,15.00,0.00,1013.25,0.0000,0.0000,-0.0000,0.0000,0.0000,0.0000,0.0000,0.00,0,0,0,0.00,-21.943050,-48.954090,10,0,-50
2026-08-31 01:25:27,#11,30,209,0.00,15.00,0.00,1013.25,0.0000,0.0000,-0.0000,0.0000,0.0000,0.0000,0.0000,0.00,0,0,0,0.00,-21.943050,-48.954090,10,0,-50
2026-08-31 01:25:27,#11,30,210,0.00,15.00,0.00,1013.25,0.0000,0.0000,-0.0000,0.0000,0.0000,0.0000,0.0000,0.00,0,0,0,0.00,-21.943050,-48.954090,10,0,-50
2026-08-31 01:25:28,#11,31,211,-0.00,15.00,0.00,1013.25,-0.0000,-0.0000,0.0000,-0.0000,-0.0000,-0.0000,-0.0000,0.00,0,0,0,-0.00,-21.943050,-48.954090,10,0,-50
2026-08-31 01:25:28,#11,32,212,-0.00,15.00,0.00,1013.25,-0.0000,-0.0000,0.0000,-0.0000,-0.0000,-0.0000,-0.0000,0.00,0,0,0,-0.00,-21.943050,-48.954090,10,0,-50
2026-08-31 01:25:29,#11,32,213,-0.00,15.00,0.00,1013.25,-0.0000,-0.0000,0.0000,-0.0000,-0.0000,-0.0000,-0.0000,0.00,0,0,0,-0.00,-21.943050,-48.954090,10,0,-50
2026-08-31 01:25:29,#11,32,214,-0.00,15.00,0.00,1013.25,-0.0000,-0.0000,0.0000,-0.0000,-0.0000,-0.0000,-0.0000,0.00,0,0,0,-0.00,-21.943050,-48.954090,10,0,-50
2026-08-31 01:25:30,#11,32,215,-0.00,15.00,0.00,1013.25,-0.0000,-0.0000,0.0000,-0.0000,-0.0000,-0.0000,-0.0000,0.00,0,0,0,-0.00,-21.943050,-48.954090,10,0,-50
2026-08-31 01:25:30,#11,32,216,-0.00,15.00,0.00,1013.25,-0.0000,-0.0000,0.0000,-0.0000,-0.0000,-0.0000,-0.0000,0.00,0,0,0,-0.00,-21.943050,-48.954090,10,0,-50
2026-08-31 01:25:31,#11,32,217,-0.00,15.00,0.00,1013.25,-0.0000,-0.0000,0.0000,-0.0000,-0.0000,-0.0000,-0.0000,0.00,0,0,0,-0.00,-21.943050,-48.954090,10,0,-50
2026-08-31 01:25:31,#11,35,218,-0.00,15.00,0.00,1013.25,-0.0000,-0.0000,0.0000,-0.0000,-0.0000,-0.0000,-0.0000,0.00,0,0,0,-0.00,-21.943050,-48.954090,10,0,-50
2026-08-31 01:25:32,#11,37,219,-0.00,15.00,0.00,1013.25,-0.0000,-0.0000,0.0000,-0.0000,-0.0000,-0.0000,-0.0000,0.00,0,0,0,-0.00,-21.943050,-48.954090,10,0,-50
2026-08-31 01:25:32,#11,37,220,-0.00,15.00,0.00,1013.25,-0.0000,-0.0000,0.0000,-0.0000,-0.0000,-0.0000,-0.0000,0.00,0,0,0,-0.00,-21.943050,-48.954090,10,0,-50
2026-08-31 01:25:33,#11,37,221,-0.00,15.00,0.00,1013.25,-0.0000,-0.0000,0.0000,-0.0000,-0.0000,-0.0000,-0.0000,0.00,0,0,0,-0.00,-21.943050,-48.954090,10,0,-50
2026-08-31 01:25:33,#11,37,222,-0.00,15.00,0.00,1013.25,-0.0000,-0.0000,0.0000,-0.0000,-0.0000,-0.0000,-0.0000,0.00,0,0,0,-0.00,-21.943050,-48.954090,10,0,-50
2026-08-31 01:25:34,#11,39,223,0.00,15.00,0.00,1013.25,0.0000,0.0000,-0.0000,0.0000,0.0000,0.0000,0.0000,0.00,0,0,0,0.00,-21.943050,-48.954090,10,0,-50
2026-08-31 01:25:34,#11,40,224,0.00,15.00,0.00,1013.25,0.0000,0.0000,-0.0000,0.0000,0.0000,0.0001,0.0000,0.00,0,0,0,0.00,-21.943050,-48.954090,10,0,-50
2026-08-31 01:25:35,#11,40,225,0.00,15.00,0.00,1013.25,0.0000,0.0000,-0.0000,0.0000,0.0000,0.0001,0.0000,0.00,0,0,0,0.00,-21.943050,-48.954090,10,0,-50
2026-08-31 01:25:35,#11,40,226,0.00,15.00,0.00,1013.25,0.0000,0.0000,-0.0000,0.0000,0.0000,0.0001,0.0000,0.00,0,0,0,0.00,-21.943050,-48.954090,10,0,-50
2026-08-31 01:25:36,#11,40,227,0.00,15.00,0.00,1013.25,0.0000,0.0000,-0.0000,0.0000,0.0000,0.0001,0.0000,0.00,0,0,0,0.00,-21.943050,-48.954090,10,0,-50
2026-08-31 01:25:36,#11,43,228,0.00,15.00,0.00,1013.24,0.0000,0.0000,-0.0000,0.0000,0.0000,0.0002,0.0000,0.00,0,0,0,0.00,-21.943050,-48.954090,10,0,-50
2026-08-31 01:25:37,#11,43,229,0.00,15.00,0.00,1013.24,0.0000,0.0000,-0.0000,0.0000,0.0000,0.0002,0.0000,0.00,0,0,0,0.00,-21.943050,-48.954090,10,0,-50
2026-08-31 01:25:37,#11,43,230,0.00,15.00,0.00,1013.24,0.0000,0.0000,-0.0000,0.0000,0.0000,0.0002,0.0000,0.00,0,0,0,0.00,-21.943050,-48.954090,10,0,-50
2026-08-31 01:25:38,#11,43,231,0.00,15.00,0.00,1013.24,0.0000,0.0000,-0.0000,0.0000,0.0000,0.0002,0.0000,0.00,0,0,0,0.00,-21.943050,-48.954090,10,0,-50
2026-08-31 01:25:38,#11,43,232,0.00,15.00,0.00,1013.24,0.0000,0.0000,-0.0000,0.0000,0.0000,0.0002,0.0000,0.00,0,0,0,0.00,-21.943050,-48.954090,10,0,-50
2026-08-31 01:25:39,#11,43,233,0.00,15.00,0.00,1013.24,0.0000,0.0000,-0.0000,0.0000,0.0000,0.0002,0.0000,0.00,0,0,0,0.00,-21.943050,-48.954090,10,0,-50
2026-08-31 01:25:39,#11,48,234,-0.00,15.00,0.00,1013.24,-0.0000,-0.0000,0.0000,-0.0000,-0.0000,-0.0004,-0.0000,0.00,0,0,0,-0.00,-21.943050,-48.954090,10,0,-50
2026-08-31 01:25:40,#11,48,235,-0.00,15.00,0.00,1013.24,-0.0000,-0.0000,0.0000,-0.0000,-0.0000,-0.0004,-0.0000,0.00,0,0,0,-0.00,-21.943050,-48.954090,10,0,-50
2026-08-31 01:25:40,#11,48,236,-0.00,15.00,0.00,1013.24,-0.0000,-0.0000,0.0000,-0.0000,-0.0000,-0.0004,-0.0000,0.00,0,0,0,-0.00,-21.943050,-48.954090,10,0,-50
2026-08-31 01:25:41,#11,48,237,-0.00,15.00,0.00,1013.24,-0.0000,-0.0000,0.0000,-0.0000,-0.0000,-0.0004,-0.0000,0.00,0,0,0,-0.00,-21.943050,-48.954090,10,0,-50
2026-08-31 01:25:41,#11,55,238,0.00,15.00,0.00,1013.24,0.0000,0.0000,-0.0000,0.0000,0.0000,0.0004,0.0000,0.00,0,0,0,0.00,-21.943050,-48.954090,10,0,-50
2026-08-31 01:25:42,#11,55,239,0.00,15.00,0.00,1013.24,0.0000,0.0000,-0.0000,0.0000,0.0000,0.0004,0.0000,0.00,0,0,0,0.00,-21.943050,-48.954090,10,0,-50
2026-08-31 01:25:42,#11,55,240,0.00,15.00,0.00,1013.24,0.0000,0.0000,-0.0000,0.0000,0.0000,0.0004,0.0000,0.00,0,0,0,0.00,-21.943050,-48.954090,10,0,-50
2026-08-31 01:25:43,#11,56,241,-0.00,15.00,0.00,1013.24,-0.0000,-0.0000,0.0000,-0.0000,-0.0001,-0.0009,-0.0000,0.00,0,0,0,-0.00,-21.943050,-48.954090,10,0,-50
2026-08-31 01:25:43,#11,56,242,-0.00,15.00,0.00,1013.24,-0.0000,-0.0000,0.0000,-0.0000,-0.0001,-0.0009,-0.0000,0.00,0,0,0,-0.00,-21.943050,-48.954090,10,0,-50
2026-08-31 01:25:44,#11,56,243,-0.00,15.00,0.00,1013.24,-0.0000,-0.0000,0.0000,-0.0000,-0.0001,-0.0009,-0.0000,0.00,0,0,0,-0.00,-21.943050,-48.954090,10,0,-50
2026-08-31 01:25:44,#11,56,244,-0.00,15.00,0.00,1013.24,-0.0000,-0.0000,0.0000,-0.0000,-0.0001,-0.0009,-0.0000,0.00,0,0,0,-0.00,-21.943050,-48.954090,10,0,-50
2026-08-31 01:25:45,#11,57,245,-0.00,15.00,0.00,1013.24,-0.0000,-0.0000,0.0000,-0.0000,-0.0001,-0.0017,-0.0000,0.00,0,0,0,-0.00,-21.943050,-48.954090,10,0,-50
2026-08-31 01:25:45,#11,57,246,-0.00,15.00,0.00,1013.24,-0.0000,-0.0000,0.0000,-0.0000,-0.0001,-0.0017,-0.0000,0.00,0,0,0,-0.00,-21.943050,-48.954090,10,0,-50
2026-08-31 01:25:46,#11,57,247,-0.00,15.00,0.00,1013.24,-0.0000,-0.0000,0.0000,-0.0000,-0.0001,-0.0017,-0.0000,0.00,0,0,0,-0.00,-21.943050,-48.954090,10,0,-50
2026-08-31 01:25:46,#11,57,248,-0.00,15.00,0.00,1013.24,-0.0000,-0.0000,0.0000,-0.0000,-0.0001,-0.0017,-0.0000,0.00,0,0,0,-0.00,-21.943050,-48.954090,10,0,-50
2026-08-31 01:25:47,#11,57,249,-0.00,15.00,0.00,1013.24,-0.0000,-0.0000,0.0000,-0.0000,-0.0001,-0.0017,-0.0000,0.00,0,0,0,-0.00,-21.943050,-48.954090,10,0,-50
2026-08-31 01:25:47,#11,57,250,-0.00,15.00,0.00,1013.24,-0.0000,-0.0000,0.0000,-0.0000,-0.0001,-0.0017,-0.0000,0.00,0,0,0,-0.00,-21.943050,-48.954090,10,0,-50
2026-08-31 01:25:48,#11,57,251,-0.00,15.00,0.00,1013.24,-0.0000,-0.0000,0.0000,-0.0000,-0.0001,-0.0017,-0.0000,0.00,0,0,0,-0.00,-21.943050,-48.954090,10,0,-50
2026-08-31 01:25:48,#11,57,252,-0.00,15.00,0.00,1013.24,-0.0000,-0.0000,0.0000,-0.0000,-0.0001,-0.0017,-0.0000,0.00,0,0,0,-0.00,-21.943050,-48.954090,10,0,-50
2026-08-31 01:25:49,#11,60,253,0.00,15.00,0.00,1013.24,0.0000,0.0000,-0.0000,0.0000,0.0015,0.0174,0.0000,0.00,0,0,0,0.00,-21.943050,-48.954090,10,0,-50
2026-08-31 01:25:49,#11,60,254,0.00,15.00,0.00,1013.24,0.0000,0.0000,-0.0000,0.0000,0.0016,0.0179,0.0000,0.00,0,0,0,0.00,-21.943050,-48.954090,10,0,-50
2026-08-31 01:25:50,#11,60,255,0.00,15.00,0.00,1013.24,0.0000,0.0000,-0.0000,0.0000,0.0016,0.0179,0.0000,0.00,0,0,0,0.00,-21.943050,-48.954090,10,0,-50
2026-08-31 01:25:50,#11,60,256,0.00,15.00,0.00,1013.24,0.0000,0.0000,-0.0000,0.0000,0.0016,0.0179,0.0000,0.00,0,0,0,0.00,-21.943050,-48.954090,10,0,-50
2026-08-31 01:25:51,#11,60,257,0.00,15.00,0.00,1013.24,0.0000,0.0000,-0.0000,0.0000,0.0016,0.0179,0.0000,0.00,0,0,0,0.00,-21.943050,-48.954090,10,0,-50
2026-08-31 01:25:51,#11,60,258,0.00,15.00,0.00,1013.24,0.0000,0.0000,-0.0000,0.0000,0.0016,0.0179,0.0000,0.00,0,0,0,0.00,-21.943050,-48.954090,10,0,-50
2026-08-31 01:25:52,#11,64,259,-0.00,15.00,0.00,1013.24,-0.0000,-0.0000,0.0000,-0.0000,-0.0048,-0.0547,-0.0001,0.00,0,0,0,-0.00,-21.943050,-48.954090,10,0,-50
2026-08-31 01:25:52,#11,64,260,-0.00,15.00,0.00,1013.24,-0.0000,-0.0000,0.0000,-0.0000,-0.0048,-0.0547,-0.0001,0.00,0,0,0,-0.00,-21.943050,-48.954090,10,0,-50
2026-08-31 01:25:53,#11,64,261,-0.00,15.00,0.00,1013.24,-0.0000,-0.0000,0.0000,-0.0000,-0.0048,-0.0547,-0.0001,0.00,0,0,0,-0.00,-21.943050,-48.954090,10,0,-50
2026-08-31 01:25:53,#11,64,262,-0.00,15.00,0.00,1013.24,-0.0000,-0.0000,0.0000,-0.0000,-0.0048,-0.0547,-0.0001,0.00,0,0,0,-0.00,-21.943050,-48.954090,10,0,-50
2026-08-31 01:25:54,#11,64,263,-0.00,15.00,0.00,1013.24,-0.0000,-0.0000,0.0000,-0.0000,-0.0048,-0.0547,-0.0001,0.00,0,0,0,-0.00,-21.943050,-48.954090,10,0,-50
2026-08-31 01:25:54,#11,68,264,0.00,15.00,0.00,1013.24,0.0000,0.0000,-0.0000,0.0000,0.0235,0.2685,0.0004,0.00,0,0,0,0.00,-21.943050,-48.954090,10,0,-50
2026-08-31 01:25:55,#11,68,265,0.00,15.00,0.00,1013.24,0.0000,0.0000,-0.0000,0.0000,0.0235,0.2685,0.0004,0.00,0,0,0,0.00,-21.943050,-48.954090,10,0,-50
2026-08-31 01:25:55,#11,68,266,0.00,15.00,0.00,1013.24,0.0000,0.0000,-0.0000,0.0000,0.0235,0.2685,0.0004,0.00,0,0,0,0.00,-21.943050,-48.954090,10,0,-50
2026-08-31 01:25:56,#11,68,267,0.00,15.00,0.00,1013.24,0.0000,0.0000,-0.0000,0.0000,0.0235,0.2685,0.0004,0.00,0,0,0,0.00,-21.943050,-48.954090,10,0,-50
2026-08-31 01:25:56,#11,68,268,0.00,15.00,0.00,1013.24,0.0000,0.0000,-0.0000,0.0000,0.0235,0.2685,0.0004,0.00,0,0,0,0.00,-21.943050,-48.954090,10,0,-50
2026-08-31 01:25:57,#11,72,269,0.00,15.00,0.00,1013.24,-0.0000,-0.0000,0.0000,0.0000,0.1223,1.3974,0.0034,0.00,0,0,0,0.00,-21.943050,-48.954090,10,0,-50
2026-08-31 01:25:57,#11,72,270,0.00,15.00,0.00,1013.24,-0.0000,-0.0000,0.0000,0.0000,0.1320,1.5085,0.0038,0.00,0,0,0,0.00,-21.943050,-48.954090,10,0,-50
2026-08-31 01:25:58,#11,77,271,0.00,15.00,0.00,1013.24,0.0000,0.0000,-0.0000,0.0000,0.3426,3.9163,0.0180,0.00,0,0,0,0.00,-21.943050,-48.954090,10,0,-50
2026-08-31 01:25:58,#11,77,272,0.00,15.00,0.00,1013.24,0.0000,0.0000,-0.0000,0.0000,0.3426,3.9163,0.0180,0.00,0,0,0,0.00,-21.943050,-48.954090,10,0,-50
2026-08-31 01:25:59,#11,77,273,0.00,15.00,0.00,1013.24,0.0000,0.0000,-0.0000,0.0000,0.3426,3.9163,0.0180,0.00,0,0,0,0.00,-21.943050,-48.954090,10,0,-50
2026-08-31 01:25:59,#11,77,274,0.00,15.00,0.00,1013.24,0.0000,0.0000,-0.0000,0.0000,0.3426,3.9163,0.0180,0.00,0,0,0,0.00,-21.943050,-48.954090,10,0,-50
2026-08-31 01:26:00,#11,77,275,0.00,15.00,0.00,1013.24,0.0000,0.0000,-0.0000,0.0000,0.3426,3.9163,0.0180,0.00,0,0,0,0.00,-21.943050,-48.954090,10,0,-50
2026-08-31 01:26:00,#11,85,276,0.00,15.00,0.00,1013.24,-0.0000,-0.0000,0.0000,0.0000,0.6240,7.1323,0.0613,0.00,0,0,0,0.00,-21.943050,-48.954090,10,0,-50
2026-08-31 01:26:01,#11,91,277,0.00,15.00,0.00,1013.24,0.0000,0.0000,-0.0000,0.0000,0.8318,9.5076,0.1121,0.00,0,0,0,0.00,-21.943050,-48.954090,10,0,-50
2026-08-31 01:26:01,#11,91,278,0.00,15.00,0.00,1013.24,0.0000,0.0000,-0.0000,0.0000,0.8318,9.5076,0.1121,0.00,0,0,0,0.00,-21.943050,-48.954090,10,0,-50
2026-08-31 01:26:02,#11,91,279,0.00,15.00,0.00,1013.24,0.0000,0.0000,-0.0000,0.0000,0.8318,9.5076,0.1121,0.00,0,0,0,0.00,-21.943050,-48.954090,10,0,-50
2026-08-31 01:26:02,#11,97,280,0.00,15.00,0.00,1013.24,-0.0000,-0.0000,0.0000,0.0000,1.0471,11.9684,0.1788,0.00,0,0,0,0.00,-21.943050,-48.954090,10,0,-50
2026-08-31 01:26:03,#11,97,281,0.00,15.00,0.00,1013.24,-0.0000,-0.0000,0.0000,0.0000,1.0471,11.9684,0.1788,0.00,0,0,0,0.00,-21.943050,-48.954090,10,0,-50
2026-08-31 01:26:03,#11,97,282,0.00,15.00,0.00,1013.24,-0.0000,-0.0000,0.0000,0.0000,1.0471,11.9684,0.1788,0.00,0,0,0,0.00,-21.943050,-48.954090,10,0,-50
2026-08-31 01:26:04,#11,97,283,0.00,15.00,0.00,1013.24,-0.0000,-0.0000,0.0000,0.0000,1.0471,11.9684,0.1788,0.00,0,0,0,0.00,-21.943050,-48.954090,10,0,-50
2026-08-31 01:26:04,#11,98,284,0.00,15.00,0.00,1013.24,-0.0000,-0.0000,0.0000,0.0000,1.0821,12.3686,0.1909,0.00,0,0,0,0.00,-21.943050,-48.954090,10,0,-50
2026-08-31 01:26:05,#11,98,285,0.00,15.00,0.00,1013.24,-0.0000,-0.0000,0.0000,0.0000,1.0821,12.3686,0.1909,0.00,0,0,0,0.00,-21.943050,-48.954090,10,0,-50
2026-08-31 01:26:05,#11,98,286,0.00,15.00,0.00,1013.24,-0.0000,-0.0000,0.0000,0.0000,1.0821,12.3686,0.1909,0.00,0,0,0,0.00,-21.943050,-48.954090,10,0,-50
2026-08-31 01:26:06,#11,98,287,0.00,15.00,0.00,1013.24,-0.0000,-0.0000,0.0000,0.0000,1.0821,12.3686,0.1909,0.00,0,0,0,0.00,-21.943050,-48.954090,10,0,-50
2026-08-31 01:26:06,#11,98,288,0.00,15.00,0.00,1013.24,-0.0000,-0.0000,0.0000,0.0000,1.0821,12.3686,0.1909,0.00,0,0,0,0.00,-21.943050,-48.954090,10,0,-50
2026-08-31 01:26:07,#11,101,289,0.00,15.00,0.00,1013.24,-0.0000,-0.0000,0.0000,0.0000,1.1733,13.4106,0.2244,0.00,0,0,0,0.00,-21.943050,-48.954090,10,0,-50
2026-08-31 01:26:07,#11,101,290,0.00,15.00,0.00,1013.24,-0.0000,-0.0000,0.0000,0.0000,1.1733,13.4106,0.2244,0.00,0,0,0,0.00,-21.943050,-48.954090,10,0,-50
2026-08-31 01:26:08,#11,101,291,0.00,15.00,0.00,1013.24,-0.0000,-0.0000,0.0000,0.0000,1.1733,13.4106,0.2244,0.00,0,0,0,0.00,-21.943050,-48.954090,10,0,-50
2026-08-31 01:26:08,#11,101,292,0.00,15.00,0.00,1013.24,-0.0000,-0.0000,0.0000,0.0000,1.1733,13.4106,0.2244,0.00,0,0,0,0.00,-21.943050,-48.954090,10,0,-50
2026-08-31 01:26:09,#11,105,293,0.00,15.00,0.00,1013.24,0.0000,0.0000,-0.0000,0.0000,1.3264,15.1605,0.2859,0.00,0,0,0,0.00,-21.943050,-48.954090,10,0,-50
2026-08-31 01:26:09,#11,105,294,0.00,15.00,0.00,1013.24,0.0000,0.0000,-0.0000,0.0000,1.3264,15.1605,0.2859,0.00,0,0,0,0.00,-21.943050,-48.954090,10,0,-50
2026-08-31 01:26:10,#11,105,295,0.00,15.00,0.00,1013.24,0.0000,0.0000,-0.0000,0.0000,1.3264,15.1605,0.2859,0.00,0,0,0,0.00,-21.943050,-48.954090,10,0,-50
2026-08-31 01:26:10,#11,105,296,0.00,15.00,0.00,1013.24,0.0000,0.0000,-0.0000,0.0000,1.3264,15.1605,0.2859,0.00,0,0,0,0.00,-21.943050,-48.954090,10,0,-50
2026-08-31 01:26:11,#11,105,297,0.00,15.00,0.00,1013.24,0.0000,0.0000,-0.0000,0.0000,1.3264,15.1605,0.2859,0.00,0,0,0,0.00,-21.943050,-48.954090,10,0,-50
2026-08-31 01:26:11,#11,105,298,0.00,15.00,0.00,1013.24,0.0000,0.0000,-0.0000,0.0000,1.3264,15.1605,0.2859,0.00,0,0,0,0.00,-21.943050,-48.954090,10,0,-50
2026-08-31 01:26:12,#11,105,299,0.00,15.00,0.00,1013.24,0.0000,0.0000,-0.0000,0.0000,1.3264,15.1605,0.2859,0.00,0,0,0,0.00,-21.943050,-48.954090,10,0,-50
2026-08-31 01:26:12,#11,105,300,0.00,15.00,0.00,1013.24,0.0000,0.0000,-0.0000,0.0000,1.3264,15.1605,0.2859,0.00,0,0,0,0.00,-21.943050,-48.954090,10,0,-50
2026-08-31 01:26:13,#11,109,301,0.00,15.00,0.00,1013.24,0.0000,0.0000,-0.0000,0.0000,1.4612,16.7011,0.3459,0.00,0,0,0,0.00,-21.943050,-48.954090,10,0,-50
2026-08-31 01:26:13,#11,109,302,0.00,15.00,0.00,1013.24,0.0000,0.0000,-0.0000,0.0000,1.4612,16.7011,0.3459,0.00,0,0,0,0.00,-21.943050,-48.954090,10,0,-50
2026-08-31 01:26:14,#11,109,303,0.00,15.00,0.00,1013.24,0.0000,0.0000,-0.0000,0.0000,1.4612,16.7011,0.3459,0.00,0,0,0,0.00,-21.943050,-48.954090,10,0,-50
2026-08-31 01:26:14,#11,109,304,0.00,15.00,0.00,1013.24,0.0000,0.0000,-0.0000,0.0000,1.4612,16.7011,0.3459,0.00,0,0,0,0.00,-21.943050,-48.954090,10,0,-50
2026-08-31 01:26:15,#11,109,305,0.00,15.00,0.00,1013.24,0.0000,0.0000,-0.0000,0.0000,1.4612,16.7011,0.3459,0.00,0,0,0,0.00,-21.943050,-48.954090,10,0,-50
2026-08-31 01:26:15,#11,109,306,0.00,15.00,0.00,1013.24,0.0000,0.0000,-0.0000,0.0000,1.4612,16.7011,0.3459,0.00,0,0,0,0.00,-21.943050,-48.954090,10,0,-50
2026-08-31 01:26:16,#11,118,307,0.01,15.00,0.00,1013.24,-0.0000,-0.0000,0.0000,0.0000,1.7744,20.2814,0.5177,0.01,1,0,0,0.01,-21.943050,-48.954090,10,0,-50
2026-08-31 01:26:16,#11,118,308,0.01,15.00,0.00,1013.24,-0.0000,-0.0000,0.0000,0.0000,1.7744,20.2814,0.5177,0.01,1,0,0,0.01,-21.943050,-48.954090,10,0,-50
2026-08-31 01:26:17,#11,118,309,0.01,15.00,0.00,1013.24,-0.0000,-0.0000,0.0000,0.0000,1.7744,20.2814,0.5177,0.01,1,0,0,0.01,-21.943050,-48.954090,10,0,-50
2026-08-31 01:26:17,#11,118,310,0.01,15.00,0.00,1013.24,-0.0000,-0.0000,0.0000,0.0000,1.7744,20.2814,0.5177,0.01,1,0,0,0.01,-21.943050,-48.954090,10,0,-50
2026-08-31 01:26:18,#11,118,311,0.01,15.00,0.00,1013.24,-0.0000,-0.0000,0.0000,0.0000,1.7744,20.2814,0.5177,0.01,1,0,0,0.01,-21.943050,-48.954090,10,0,-50
2026-08-31 01:26:18,#11,118,312,0.01,15.00,0.00,1013.24,-0.0000,-0.0000,0.0000,0.0000,1.7744,20.2814,0.5177,0.01,1,0,0,0.01,-21.943050,-48.954090,10,0,-50
2026-08-31 01:26:19,#11,139,313,0.02,15.00,0.00,1013.23,0.0000,0.0000,-0.0000,0.0000,2.0943,23.9384,0.9910,0.02,1,0,0,0.02,-21.943050,-48.954090,10,0,-50
2026-08-31 01:26:19,#11,145,314,0.03,15.00,0.00,1013.23,-0.0000,-0.0000,0.0000,0.0000,2.1483,24.5553,1.1216,0.03,1,0,0,0.03,-21.943050,-48.954090,10,0,-50
2026-08-31 01:26:20,#11,145,315,0.03,15.00,0.00,1013.23,-0.0000,-0.0000,0.0000,0.0000,2.1483,24.5553,1.1216,0.03,1,0,0,0.03,-21.943050,-48.954090,10,0,-50
2026-08-31 01:26:20,#11,145,316,0.03,15.00,0.00,1013.23,-0.0000,-0.0000,0.0000,0.0000,2.1483,24.5553,1.1216,0.03,1,0,0,0.03,-21.943050,-48.954090,10,0,-50
2026-08-31 01:26:21,#11,145,317,0.03,15.00,0.00,1013.23,-0.0000,-0.0000,0.0000,0.0000,2.1485,24.5575,1.1222,0.03,1,0,0,0.03,-21.943050,-48.954090,10,0,-50
2026-08-31 01:26:21,#11,145,318,0.03,15.00,0.00,1013.23,-0.0000,-0.0000,0.0000,0.0000,2.1485,24.5575,1.1222,0.03,1,0,0,0.03,-21.943050,-48.954090,10,0,-50
2026-08-31 01:26:22,#11,145,319,0.03,15.00,0.00,1013.23,-0.0000,-0.0000,0.0000,0.0000,2.1485,24.5575,1.1222,0.03,1,0,0,0.03,-21.943050,-48.954090,10,0,-50
2026-08-31 01:26:22,#11,145,320,0.03,15.00,0.00,1013.23,-0.0000,-0.0000,0.0000,0.0000,2.1485,24.5575,1.1222,0.03,1,0,0,0.03,-21.943050,-48.954090,10,0,-50
2026-08-31 01:26:23,#11,146,321,0.03,15.00,0.00,1013.23,-0.0000,-0.0000,0.0000,0.0000,2.1557,24.6394,1.1440,0.03,1,0,0,0.03,-21.943050,-48.954090,10,0,-50
2026-08-31 01:26:23,#11,146,322,0.03,15.00,0.00,1013.23,-0.0000,-0.0000,0.0000,0.0000,2.1557,24.6394,1.1440,0.03,1,0,0,0.03,-21.943050,-48.954090,10,0,-50
2026-08-31 01:26:24,#11,146,323,0.03,15.00,0.00,1013.23,-0.0000,-0.0000,0.0000,0.0000,2.1557,24.6394,1.1440,0.03,1,0,0,0.03,-21.943050,-48.954090,10,0,-50
2026-08-31 01:26:24,#11,146,324,0.03,15.00,0.00,1013.23,-0.0000,-0.0000,0.0000,0.0000,2.1557,24.6394,1.1440,0.03,1,0,0,0.03,-21.943050,-48.954090,10,0,-50
2026-08-31 01:26:25,#11,164,325,0.06,15.00,0.00,1013.23,0.0000,0.0000,-0.0000,0.0000,2.2584,25.8140,1.5990,0.06,1,0,0,0.06,-21.943050,-48.954090,10,0,-50
2026-08-31 01:26:25,#11,164,326,0.06,15.00,0.00,1013.23,0.0000,0.0000,-0.0000,0.0000,2.2584,25.8140,1.5990,0.06,1,0,0,0.06,-21.943050,-48.954090,10,0,-50
2026-08-31 01:26:26,#11,164,327,0.06,15.00,0.00,1013.23,0.0000,0.0000,-0.0000,0.0000,2.2584,25.8140,1.5990,0.06,1,0,0,0.06,-21.943050,-48.954090,10,0,-50
2026-08-31 01:26:26,#11,164,328,0.06,15.00,0.00,1013.23,0.0000,0.0000,-0.0000,0.0000,2.2584,25.8140,1.5990,0.06,1,0,0,0.06,-21.943050,-48.954090,10,0,-50
2026-08-31 01:26:27,#11,174,329,0.07,15.00,0.00,1013.23,-0.0000,-0.0000,0.0000,0.0000,2.3042,26.3376,1.8652,0.07,1,0,0,0.07,-21.943050,-48.954090,10,0,-50
2026-08-31 01:26:27,#11,174,330,0.07,15.00,0.00,1013.23,-0.0000,-0.0000,0.0000,0.0000,2.3042,26.3376,1.8652,0.07,1,0,0,0.07,-21.943050,-48.954090,10,0,-50
2026-08-31 01:26:28,#11,174,331,0.07,15.00,0.00,1013.23,-0.0000,-0.0000,0.0000,0.0000,2.3042,26.3376,1.8652,0.07,1,0,0,0.07,-21.943050,-48.954090,10,0,-50
2026-08-31 01:26:28,#11,174,332,0.07,15.00,0.00,1013.23,-0.0000,-0.0000,0.0000,0.0000,2.3042,26.3376,1.8652,0.07,1,0,0,0.07,-21.943050,-48.954090,10,0,-50
2026-08-31 01:26:29,#11,174,333,0.07,15.00,0.00,1013.23,-0.0000,-0.0000,0.0000,0.0000,2.3042,26.3376,1.8652,0.07,1,0,0,0.07,-21.943050,-48.954090,10,0,-50
2026-08-31 01:26:29,#11,174,334,0.07,15.00,0.00,1013.23,-0.0000,-0.0000,0.0000,0.0000,2.3057,26.3548,1.8752,0.07,1,0,0,0.07,-21.943050,-48.954090,10,0,-50
2026-08-31 01:26:30,#11,174,335,0.07,15.00,0.00,1013.23,-0.0000,-0.0000,0.0000,0.0000,2.3057,26.3548,1.8752,0.07,1,0,0,0.07,-21.943050,-48.954090,10,0,-50
2026-08-31 01:26:30,#11,174,336,0.07,15.00,0.00,1013.23,-0.0000,-0.0000,0.0000,0.0000,2.3057,26.3548,1.8752,0.07,1,0,0,0.07,-21.943050,-48.954090,10,0,-50
2026-08-31 01:26:31,#11,174,337,0.07,15.00,0.00,1013.23,-0.0000,-0.0000,0.0000,0.0000,2.3057,26.3548,1.8752,0.07,1,0,0,0.07,-21.943050,-48.954090,10,0,-50
2026-08-31 01:26:31,#11,174,338,0.07,15.00,0.00,1013.23,-0.0000,-0.0000,0.0000,0.0000,2.3057,26.3548,1.8752,0.07,1,0,0,0.07,-21.943050,-48.954090,10,0,-50
2026-08-31 01:26:32,#11,177,339,0.08,15.00,0.00,1013.23,-0.0000,-0.0000,0.0000,0.0000,2.3184,26.4989,1.9586,0.08,1,0,0,0.08,-21.943050,-48.954090,10,0,-50
2026-08-31 01:26:32,#11,177,340,0.08,15.00,0.00,1013.23,-0.0000,-0.0000,0.0000,0.0000,2.3184,26.4989,1.9586,0.08,1,0,0,0.08,-21.943050,-48.954090,10,0,-50
2026-08-31 01:26:33,#11,177,341,0.08,15.00,0.00,1013.23,-0.0000,-0.0000,0.0000,0.0000,2.3184,26.4989,1.9586,0.08,1,0,0,0.08,-21.943050,-48.954090,10,0,-50
2026-08-31 01:26:33,#11,177,342,0.08,15.00,0.00,1013.23,-0.0000,-0.0000,0.0000,0.0000,2.3184,26.4989,1.9586,0.08,1,0,0,0.08,-21.943050,-48.954090,10,0,-50
2026-08-31 01:26:34,#11,177,343,0.08,15.00,0.00,1013.23,-0.0000,-0.0000,0.0000,0.0000,2.3184,26.4989,1.9586,0.08,1,0,0,0.08,-21.943050,-48.954090,10,0,-50
2026-08-31 01:26:34,#11,177,344,0.08,15.00,0.00,1013.23,-0.0000,-0.0000,0.0000,0.0000,2.3184,26.4989,1.9586,0.08,1,0,0,0.08,-21.943050,-48.954090,10,0,-50
2026-08-31 01:26:35,#11,177,345,0.08,15.00,0.00,1013.23,-0.0000,-0.0000,0.0000,0.0000,2.3184,26.4989,1.9586,0.08,1,0,0,0.08,-21.943050,-48.954090,10,0,-50
2026-08-31 01:26:35,#11,177,346,0.08,15.00,0.00,1013.23,-0.0000,-0.0000,0.0000,0.0000,2.3184,26.4989,1.9586,0.08,1,0,0,0.08,-21.943050,-48.954090,10,0,-50
2026-08-31 01:26:36,#11,184,347,0.09,15.00,0.00,1013.23,0.0000,0.0000,-0.0000,0.0000,2.3491,26.8506,2.1348,0.09,1,0,0,0.09,-21.943050,-48.954090,10,0,-50
2026-08-31 01:26:36,#11,212,348,0.17,15.00,0.00,1013.23,-0.0000,-0.0000,0.0000,0.0000,2.5627,29.2913,2.9222,0.17,1,0,0,0.17,-21.943050,-48.954090,10,0,-50
2026-08-31 01:26:37,#11,212,349,0.17,15.00,0.00,1013.23,-0.0000,-0.0000,0.0000,0.0000,2.5627,29.2913,2.9222,0.17,1,0,0,0.17,-21.943050,-48.954090,10,0,-50
2026-08-31 01:26:37,#11,212,350,0.17,15.00,0.00,1013.23,-0.0000,-0.0000,0.0000,0.0000,2.5627,29.2913,2.9222,0.17,1,0,0,0.17,-21.943050,-48.954090,10,0,-50
2026-08-31 01:26:38,#11,212,351,0.17,15.00,0.00,1013.23,-0.0000,-0.0000,0.0000,0.0000,2.5627,29.2913,2.9222,0.17,1,0,0,0.17,-21.943050,-48.954090,10,0,-50
2026-08-31 01:26:38,#11,212,352,0.17,15.00,0.00,1013.23,-0.0000,-0.0000,0.0000,0.0000,2.5627,29.2913,2.9222,0.17,1,0,0,0.17,-21.943050,-48.954090,10,0,-50
2026-08-31 01:26:39,#11,215,353,0.17,15.00,0.00,1013.22,-0.0000,-0.0000,0.0000,0.0000,2.5932,29.6407,3.0128,0.17,1,0,0,0.17,-21.943050,-48.954090,10,0,-50
2026-08-31 01:26:39,#11,252,354,0.31,15.00,0.00,1013.22,0.0000,0.0000,-0.0000,0.0000,3.0553,34.9223,4.1928,0.31,1,0,0,0.31,-21.943050,-48.954090,10,0,-50
2026-08-31 01:26:40,#11,252,355,0.31,15.00,0.00,1013.22,0.0000,0.0000,-0.0000,0.0000,3.0553,34.9223,4.1928,0.31,1,0,0,0.31,-21.943050,-48.954090,10,0,-50
2026-08-31 01:26:40,#11,252,356,0.31,15.00,0.00,1013.22,0.0000,0.0000,-0.0000,0.0000,3.0553,34.9223,4.1928,0.31,1,0,0,0.31,-21.943050,-48.954090,10,0,-50
2026-08-31 01:26:41,#11,252,357,0.31,15.00,0.00,1013.22,0.0000,0.0000,-0.0000,0.0000,3.0553,34.9223,4.1928,0.31,1,0,0,0.31,-21.943050,-48.954090,10,0,-50
2026-08-31 01:26:41,#11,266,358,0.37,15.00,0.00,1013.22,-0.0000,-0.0000,0.0000,0.0000,3.1726,36.2633,4.7168,0.37,1,0,0,0.37,-21.943050,-48.954090,10,0,-50
2026-08-31 01:26:42,#11,266,359,0.37,15.00,0.00,1013.22,-0.0000,-0.0000,0.0000,0.0000,3.1726,36.2633,4.7168,0.37,1,0,0,0.37,-21.943050,-48.954090,10,0,-50
2026-08-31 01:26:42,#11,266,360,0.37,15.00,0.00,1013.22,-0.0000,-0.0000,0.0000,0.0000,3.1726,36.2633,4.7168,0.37,1,0,0,0.37,-21.943050,-48.954090,10,0,-50
2026-08-31 01:26:43,#11,266,361,0.37,15.00,0.00,1013.22,-0.0000,-0.0000,0.0000,0.0000,3.1726,36.2633,4.7168,0.37,1,0,0,0.37,-21.943050,-48.954090,10,0,-50
2026-08-31 01:26:43,#11,281,362,0.44,15.00,0.00,1013.22,0.0000,0.0000,-0.0000,0.0000,3.2715,37.3936,5.2564,0.44,1,0,0,0.44,-21.943050,-48.954090,10,0,-50
2026-08-31 01:26:44,#11,281,363,0.44,15.00,0.00,1013.22,0.0000,0.0000,-0.0000,0.0000,3.2715,37.3936,5.2564,0.44,1,0,0,0.44,-21.943050,-48.954090,10,0,-50
2026-08-31 01:26:44,#11,493,364,2.62,15.00,0.00,1013.19,0.0000,0.0000,-0.0000,0.0037,4.5004,66.3873,16.2415,2.62,1,0,0,2.62,-21.943048,-48.954090,10,0,-50
2026-08-31 01:26:45,#11,493,365,2.62,15.00,0.00,1013.19,0.0000,0.0000,-0.0000,0.0037,4.5004,66.3873,16.2415,2.62,1,0,0,2.62,-21.943048,-48.954090,10,0,-50
2026-08-31 01:26:45,#11,493,366,2.62,15.00,0.00,1013.19,0.0000,0.0000,-0.0000,0.0037,4.5004,66.3873,16.2415,2.62,1,0,0,2.62,-21.943048,-48.954090,10,0,-50
2026-08-31 01:26:46,#11,493,367,2.62,15.00,0.00,1013.19,0.0000,0.0000,-0.0000,0.0037,4.5004,66.3873,16.2415,2.62,1,0,0,2.62,-21.943048,-48.954090,10,0,-50
2026-08-31 01:26:46,#11,534,368,3.34,15.00,0.00,1013.19,-0.0001,-0.0001,-0.0000,-0.0028,7.1840,72.3738,19.0728,3.34,1,0,0,3.34,-21.943047,-48.954090,10,0,-50
2026-08-31 01:26:47,#11,534,369,3.34,15.00,0.00,1013.19,-0.0001,-0.0001,-0.0000,-0.0028,7.1840,72.3738,19.0728,3.34,1,0,0,3.34,-21.943047,-48.954090,10,0,-50
2026-08-31 01:26:47,#11,534,370,3.34,15.00,0.00,1013.19,-0.0001,-0.0001,-0.0000,-0.0028,7.1840,72.3738,19.0728,3.34,1,0,0,3.34,-21.943047,-48.954090,10,0,-50
2026-08-31 01:26:48,#11,559,371,3.84,15.00,0.00,1013.18,-0.0002,-0.0002,-0.0000,-0.0030,7.4228,75.1357,20.9218,3.84,1,0,0,3.84,-21.943047,-48.954090,10,0,-50
2026-08-31 01:26:48,#11,559,372,3.84,15.00,0.00,1013.18,-0.0002,-0.0002,-0.0000,-0.0030,7.4228,75.1357,20.9218,3.84,1,0,0,3.84,-21.943047,-48.954090,10,0,-50
2026-08-31 01:26:49,#11,559,373,3.84,15.00,0.00,1013.18,-0.0002,-0.0002,-0.0000,-0.0030,7.4228,75.1357,20.9218,3.84,1,0,0,3.84,-21.943047,-48.954090,10,0,-50
2026-08-31 01:26:49,#11,560,374,3.86,15.00,0.00,1013.18,-0.0002,-0.0002,-0.0000,-0.0030,7.4310,75.2294,20.9652,3.86,1,0,0,3.86,-21.943047,-48.954090,10,0,-50
2026-08-31 01:26:50,#11,560,375,3.86,15.00,0.00,1013.18,-0.0002,-0.0002,-0.0000,-0.0030,7.4310,75.2294,20.9652,3.86,1,0,0,3.86,-21.943047,-48.954090,10,0,-50
2026-08-31 01:26:50,#11,560,376,3.86,15.00,0.00,1013.18,-0.0002,-0.0002,-0.0000,-0.0030,7.4310,75.2294,20.9652,3.86,1,0,0,3.86,-21.943047,-48.954090,10,0,-50
2026-08-31 01:26:51,#11,2109,377,148.66,14.99,0.00,1013.00,-0.0065,-0.0067,-0.0000,-0.0229,1.4701,4.9056,140.0893,148.66,1,0,0,148.66,-21.942916,-48.954090,10,0,-50
2026-08-31 01:26:51,#11,2109,378,148.66,14.99,0.00,1013.00,-0.0065,-0.0067,-0.0000,-0.0229,1.4701,4.9056,140.0893,148.66,1,0,0,148.66,-21.942916,-48.954090,10,0,-50
2026-08-31 01:26:52,#11,2109,379,148.66,14.99,0.00,1013.00,-0.0065,-0.0067,-0.0000,-0.0229,1.4701,4.9056,140.0893,148.66,1,0,0,148.66,-21.942916,-48.954090,10,0,-50
2026-08-31 01:26:52,#11,5260,380,531.89,14.97,0.00,1012.63,-0.0090,-0.0093,-0.0000,-0.0109,-0.5577,-13.7664,98.4480,531.89,1,0,0,531.89,-21.942511,-48.954092,10,0,-50
2026-08-31 01:26:53,#11,5260,381,531.89,14.97,0.00,1012.63,-0.0090,-0.0093,-0.0000,-0.0109,-0.5577,-13.7664,98.4480,531.89,1,0,0,531.89,-21.942511,-48.954092,10,0,-50
2026-08-31 01:26:53,#11,5260,382,531.89,14.97,0.00,1012.63,-0.0090,-0.0093,-0.0000,-0.0109,-0.5577,-13.7664,98.4480,531.89,1,0,0,531.89,-21.942511,-48.954092,10,0,-50
2026-08-31 01:26:54,#11,11211,383,903.56,14.93,0.00,1011.93,-0.0661,-0.0676,-0.0000,-0.0022,-0.2066,-10.1236,29.9654,903.56,1,0,0,903.56,-21.941861,-48.954097,10,0,-50
2026-08-31 01:26:54,#11,11593,384,914.28,14.92,0.00,1011.89,-0.0803,-0.0821,-0.0000,-0.0017,-0.2018,-10.0313,26.1102,914.28,1,0,0,914.28,-21.941823,-48.954098,10,0,-50
2026-08-31 01:26:55,#11,11593,385,914.28,14.92,0.00,1011.89,-0.0803,-0.0821,-0.0000,-0.0017,-0.2018,-10.0313,26.1102,914.28,1,0,0,914.28,-21.941823,-48.954098,10,0,-50
2026-08-31 01:26:55,#11,11593,386,914.28,14.92,0.00,1011.89,-0.0803,-0.0821,-0.0000,-0.0017,-0.2018,-10.0313,26.1102,914.28,1,0,0,914.28,-21.941823,-48.954098,10,0,-50
2026-08-31 01:26:56,#11,11593,387,914.28,14.92,0.00,1011.89,-0.0803,-0.0821,-0.0000,-0.0017,-0.2018,-10.0313,26.1102,914.28,1,0,0,914.28,-21.941823,-48.954098,10,0,-50
2026-08-31 01:26:56,#11,17481,388,922.72,14.89,0.00,1011.20,-0.7704,-0.7896,-0.0019,0.0137,-1.2592,-0.0660,-8.7958,922.72,5,0,0,922.72,-21.941362,-48.954103,10,1,-50
2026-08-31 01:26:57,#11,2,1,0.00,15.00,0.00,1013.25,0.0000,0.0000,-0.0000,0.0000,0.0000,0.0000,0.0000,0.00,0,0,0,0.00,-21.943050,-48.954090,10,0,-50
2026-08-31 01:26:57,#11,2,2,0.00,15.00,0.00,1013.25,0.0000,0.0000,-0.0000,0.0000,0.0000,0.0000,0.0000,0.00,0,0,0,0.00,-21.943050,-48.954090,10,0,-50
2026-08-31 01:26:58,#11,2,3,0.00,15.00,0.00,1013.25,0.0000,0.0000,-0.0000,0.0000,0.0000,0.0000,0.0000,0.00,0,0,0,0.00,-21.943050,-48.954090,10,0,-50
2026-08-31 01:26:58,#11,2,4,0.00,15.00,0.00,1013.25,0.0000,0.0000,-0.0000,0.0000,0.0000,0.0000,0.0000,0.00,0,0,0,0.00,-21.943050,-48.954090,10,0,-50
2026-08-31 01:26:59,#11,2,5,0.00,15.00,0.00,1013.25,0.0000,0.0000,-0.0000,0.0000,0.0000,0.0000,0.0000,0.00,0,0,0,0.00,-21.943050,-48.954090,10,0,-50
2026-08-31 01:26:59,#11,3,6,0.00,15.00,0.00,1013.25,0.0000,0.0000,0.0000,0.0000,0.0000,0.0000,0.0000,0.00,0,0,0,0.00,-21.943050,-48.954090,10,0,-50
2026-08-31 01:27:00,#11,3,7,0.00,15.00,0.00,1013.25,0.0000,0.0000,0.0000,0.0000,0.0000,0.0000,0.0000,0.00,0,0,0,0.00,-21.943050,-48.954090,10,0,-50
2026-08-31 01:27:00,#11,3,8,-0.00,15.00,0.00,1013.25,-0.0000,-0.0000,0.0000,-0.0000,-0.0000,-0.0000,-0.0000,0.00,0,0,0,-0.00,-21.943050,-48.954090,10,0,-50
2026-08-31 01:27:01,#11,3,9,-0.00,15.00,0.00,1013.25,-0.0000,-0.0000,0.0000,-0.0000,-0.0000,-0.0000,-0.0000,0.00,0,0,0,-0.00,-21.943050,-48.954090,10,0,-50
2026-08-31 01:27:01,#11,3,10,-0.00,15.00,0.00,1013.25,-0.0000,-0.0000,0.0000,-0.0000,-0.0000,-0.0000,-0.0000,0.00,0,0,0,-0.00,-21.943050,-48.954090,10,0,-50
2026-08-31 01:27:02,#11,3,11,-0.00,15.00,0.00,1013.25,-0.0000,-0.0000,0.0000,-0.0000,-0.0000,-0.0000,-0.0000,0.00,0,0,0,-0.00,-21.943050,-48.954090,10,0,-50
2026-08-31 01:27:02,#11,3,12,-0.00,15.00,0.00,1013.25,-0.0000,-0.0000,0.0000,-0.0000,-0.0000,-0.0000,-0.0000,0.00,0,0,0,-0.00,-21.943050,-48.954090,10,0,-50
2026-08-31 01:27:03,#11,3,13,-0.00,15.00,0.00,1013.25,-0.0000,-0.0000,0.0000,-0.0000,-0.0000,-0.0000,-0.0000,0.00,0,0,0,-0.00,-21.943050,-48.954090,10,0,-50
2026-08-31 01:27:03,#11,4,14,-0.00,15.00,0.00,1013.25,-0.0000,-0.0000,0.0000,-0.0000,-0.0000,-0.0000,-0.0000,0.00,0,0,0,-0.00,-21.943050,-48.954090,10,0,-50
2026-08-31 01:27:04,#11,4,15,-0.00,15.00,0.00,1013.25,-0.0000,-0.0000,0.0000,-0.0000,-0.0000,-0.0000,-0.0000,0.00,0,0,0,-0.00,-21.943050,-48.954090,10,0,-50
2026-08-31 01:27:04,#11,4,16,-0.00,15.00,0.00,1013.25,-0.0000,-0.0000,0.0000,-0.0000,-0.0000,-0.0000,-0.0000,0.00,0,0,0,-0.00,-21.943050,-48.954090,10,0,-50
2026-08-31 01:27:05,#11,4,17,-0.00,15.00,0.00,1013.25,-0.0000,-0.0000,0.0000,-0.0000,-0.0000,-0.0000,-0.0000,0.00,0,0,0,-0.00,-21.943050,-48.954090,10,0,-50
2026-08-31 01:27:05,#11,4,18,-0.00,15.00,0.00,1013.25,-0.0000,-0.0000,0.0000,-0.0000,-0.0000,-0.0000,-0.0000,0.00,0,0,0,-0.00,-21.943050,-48.954090,10,0,-50
2026-08-31 01:27:06,#11,4,19,-0.00,15.00,0.00,1013.25,-0.0000,-0.0000,0.0000,-0.0000,-0.0000,-0.0000,-0.0000,0.00,0,0,0,-0.00,-21.943050,-48.954090,10,0,-50
2026-08-31 01:27:06,#11,4,20,-0.00,15.00,0.00,1013.25,-0.0000,-0.0000,0.0000,-0.0000,-0.0000,-0.0000,-0.0000,0.00,0,0,0,-0.00,-21.943050,-48.954090,10,0,-50
2026-08-31 01:27:07,#11,4,21,-0.00,15.00,0.00,1013.25,-0.0000,-0.0000,0.0000,-0.0000,-0.0000,-0.0000,-0.0000,0.00,0,0,0,-0.00,-21.943050,-48.954090,10,0,-50
2026-08-31 01:27:07,#11,4,22,-0.00,15.00,0.00,1013.25,-0.0000,-0.0000,0.0000,-0.0000,-0.0000,-0.0000,-0.0000,0.00,0,0,0,-0.00,-21.943050,-48.954090,10,0,-50
2026-08-31 01:27:08,#11,5,23,-0.00,15.00,0.00,1013.25,-0.0000,-0.0000,0.0000,-0.0000,-0.0000,-0.0000,-0.0000,0.00,0,0,0,-0.00,-21.943050,-48.954090,10,0,-50
2026-08-31 01:27:08,#11,5,24,-0.00,15.00,0.00,1013.25,-0.0000,-0.0000,0.0000,-0.0000,-0.0000,-0.0000,-0.0000,0.00,0,0,0,-0.00,-21.943050,-48.954090,10,0,-50
2026-08-31 01:27:09,#11,5,25,-0.00,15.00,0.00,1013.25,-0.0000,-0.0000,0.0000,-0.0000,-0.0000,-0.0000,-0.0000,0.00,0,0,0,-0.00,-21.943050,-48.954090,10,0,-50
2026-08-31 01:27:09,#11,5,26,-0.00,15.00,0.00,1013.25,-0.0000,-0.0000,0.0000,-0.0000,-0.0000,-0.0000,-0.0000,0.00,0,0,0,-0.00,-21.943050,-48.954090,10,0,-50
2026-08-31 01:27:10,#11,5,27,-0.00,15.00,0.00,1013.25,-0.0000,-0.0000,0.0000,-0.0000,-0.0000,-0.0000,-0.0000,0.00,0,0,0,-0.00,-21.943050,-48.954090,10,0,-50
2026-08-31 01:27:10,#11,5,28,-0.00,15.00,0.00,1013.25,-0.0000,-0.0000,0.0000,-0.0000,-0.0000,-0.0000,-0.0000,0.00,0,0,0,-0.00,-21.943050,-48.954090,10,0,-50
2026-08-31 01:27:11,#11,5,29,-0.00,15.00,0.00,1013.25,-0.0000,-0.0000,0.0000,-0.0000,-0.0000,-0.0000,-0.0000,0.00,0,0,0,-0.00,-21.943050,-48.954090,10,0,-50
2026-08-31 01:27:11,#11,5,30,-0.00,15.00,0.00,1013.25,-0.0000,-0.0000,0.0000,-0.0000,-0.0000,-0.0000,-0.0000,0.00,0,0,0,-0.00,-21.943050,-48.954090,10,0,-50
2026-08-31 01:27:12,#11,5,31,-0.00,15.00,0.00,1013.25,-0.0000,-0.0000,0.0000,-0.0000,-0.0000,-0.0000,-0.0000,0.00,0,0,0,-0.00,-21.943050,-48.954090,10,0,-50
2026-08-31 01:27:12,#11,5,32,-0.00,15.00,0.00,1013.25,-0.0000,-0.0000,0.0000,-0.0000,-0.0000,-0.0000,-0.0000,0.00,0,0,0,-0.00,-21.943050,-48.954090,10,0,-50
2026-08-31 01:27:13,#11,5,33,-0.00,15.00,0.00,1013.25,-0.0000,-0.0000,0.0000,-0.0000,-0.0000,-0.0000,-0.0000,0.00,0,0,0,-0.00,-21.943050,-48.954090,10,0,-50
2026-08-31 01:27:13,#11,5,34,-0.00,15.00,0.00,1013.25,-0.0000,-0.0000,0.0000,-0.0000,-0.0000,-0.0000,-0.0000,0.00,0,0,0,-0.00,-21.943050,-48.954090,10,0,-50
2026-08-31 01:27:14,#11,5,35,-0.00,15.00,0.00,1013.25,-0.0000,-0.0000,0.0000,-0.0000,-0.0000,-0.0000,-0.0000,0.00,0,0,0,-0.00,-21.943050,-48.954090,10,0,-50
2026-08-31 01:27:14,#11,5,36,-0.00,15.00,0.00,1013.25,-0.0000,-0.0000,0.0000,-0.0000,-0.0000,-0.0000,-0.0000,0.00,0,0,0,-0.00,-21.943050,-48.954090,10,0,-50
2026-08-31 01:27:15,#11,5,37,-0.00,15.00,0.00,1013.25,-0.0000,-0.0000,0.0000,-0.0000,-0.0000,-0.0000,-0.0000,0.00,0,0,0,-0.00,-21.943050,-48.954090,10,0,-50
2026-08-31 01:27:15,#11,5,38,-0.00,15.00,0.00,1013.25,-0.0000,-0.0000,0.0000,-0.0000,-0.0000,-0.0000,-0.0000,0.00,0,0,0,-0.00,-21.943050,-48.954090,10,0,-50
2026-08-31 01:27:16,#11,6,39,-0.00,15.00,0.00,1013.25,-0.0000,-0.0000,0.0000,-0.0000,-0.0000,-0.0000,-0.0000,0.00,0,0,0,-0.00,-21.943050,-48.954090,10,0,-50
2026-08-31 01:27:16,#11,6,40,-0.00,15.00,0.00,1013.25,-0.0000,-0.0000,0.0000,-0.0000,-0.0000,-0.0000,-0.0000,0.00,0,0,0,-0.00,-21.943050,-48.954090,10,0,-50
2026-08-31 01:27:17,#11,6,41,-0.00,15.00,0.00,1013.25,-0.0000,-0.0000,0.0000,-0.0000,-0.0000,-0.0000,-0.0000,0.00,0,0,0,-0.00,-21.943050,-48.954090,10,0,-50
2026-08-31 01:27:17,#11,6,42,-0.00,15.00,0.00,1013.25,-0.0000,-0.0000,0.0000,-0.0000,-0.0000,-0.0000,-0.0000,0.00,0,0,0,-0.00,-21.943050,-48.954090,10,0,-50
2026-08-31 01:27:18,#11,6,43,0.00,15.00,0.00,1013.25,0.0000,-0.0000,0.0000,0.0000,0.0000,0.0000,0.0000,0.00,0,0,0,0.00,-21.943050,-48.954090,10,0,-50
2026-08-31 01:27:18,#11,6,44,0.00,15.00,0.00,1013.25,0.0000,0.0000,-0.0000,0.0000,0.0000,0.0000,0.0000,0.00,0,0,0,0.00,-21.943050,-48.954090,10,0,-50
2026-08-31 01:27:19,#11,6,45,0.00,15.00,0.00,1013.25,0.0000,0.0000,-0.0000,0.0000,0.0000,0.0000,0.0000,0.00,0,0,0,0.00,-21.943050,-48.954090,10,0,-50
2026-08-31 01:27:19,#11,6,46,0.00,15.00,0.00,1013.25,0.0000,0.0000,-0.0000,0.0000,0.0000,0.0000,0.0000,0.00,0,0,0,0.00,-21.943050,-48.954090,10,0,-50
2026-08-31 01:27:20,#11,6,47,0.00,15.00,0.00,1013.25,0.0000,0.0000,-0.0000,0.0000,0.0000,0.0000,0.0000,0.00,0,0,0,0.00,-21.943050,-48.954090,10,0,-50
2026-08-31 01:27:20,#11,6,48,0.00,15.00,0.00,1013.25,0.0000,0.0000,-0.0000,0.0000,0.0000,0.0000,0.0000,0.00,0,0,0,0.00,-21.943050,-48.954090,10,0,-50
2026-08-31 01:27:21,#11,6,49,0.00,15.00,0.00,1013.25,0.0000,0.0000,-0.0000,0.0000,0.0000,0.0000,0.0000,0.00,0,0,0,0.00,-21.943050,-48.954090,10,0,-50
2026-08-31 01:27:21,#11,6,50,0.00,15.00,0.00,1013.25,0.0000,0.0000,-0.0000,0.0000,0.0000,0.0000,0.0000,0.00,0,0,0,0.00,-21.943050,-48.954090,10,0,-50
2026-08-31 01:27:22,#11,7,51,0.00,15.00,0.00,1013.25,0.0000,0.0000,-0.0000,0.0000,0.0000,0.0000,0.0000,0.00,0,0,0,0.00,-21.943050,-48.954090,10,0,-50
2026-08-31 01:27:22,#11,7,52,0.00,15.00,0.00,1013.25,0.0000,0.0000,-0.0000,0.0000,0.0000,0.0000,0.0000,0.00,0,0,0,0.00,-21.943050,-48.954090,10,0,-50
2026-08-31 01:27:23,#11,7,53,0.00,15.00,0.00,1013.25,0.0000,0.0000,-0.0000,0.0000,0.0000,0.0000,0.0000,0.00,0,0,0,0.00,-21.943050,-48.954090,10,0,-50
2026-08-31 01:27:23,#11,7,54,0.00,15.00,0.00,1013.25,0.0000,0.0000,-0.0000,0.0000,0.0000,0.0000,0.0000,0.00,0,0,0,0.00,-21.943050,-48.954090,10,0,-50
2026-08-31 01:27:24,#11,7,55,0.00,15.00,0.00,1013.25,0.0000,0.0000,-0.0000,0.0000,0.0000,0.0000,0.0000,0.00,0,0,0,0.00,-21.943050,-48.954090,10,0,-50
2026-08-31 01:27:24,#11,7,56,0.00,15.00,0.00,1013.25,0.0000,0.0000,-0.0000,0.0000,0.0000,0.0000,0.0000,0.00,0,0,0,0.00,-21.943050,-48.954090,10,0,-50
2026-08-31 01:27:25,#11,7,57,0.00,15.00,0.00,1013.25,0.0000,0.0000,-0.0000,0.0000,0.0000,0.0000,0.0000,0.00,0,0,0,0.00,-21.943050,-48.954090,10,0,-50
2026-08-31 01:27:25,#11,7,58,0.00,15.00,0.00,1013.25,0.0000,0.0000,-0.0000,0.0000,0.0000,0.0000,0.0000,0.00,0,0,0,0.00,-21.943050,-48.954090,10,0,-50
2026-08-31 01:27:26,#11,7,59,0.00,15.00,0.00,1013.25,0.0000,0.0000,-0.0000,0.0000,0.0000,0.0000,0.0000,0.00,0,0,0,0.00,-21.943050,-48.954090,10,0,-50
2026-08-31 01:27:26,#11,8,60,0.00,15.00,0.00,1013.25,0.0000,0.0000,-0.0000,0.0000,0.0000,0.0000,0.0000,0.00,0,0,0,0.00,-21.943050,-48.954090,10,0,-50
2026-08-31 01:27:27,#11,8,61,0.00,15.00,0.00,1013.25,0.0000,0.0000,-0.0000,0.0000,0.0000,0.0000,0.0000,0.00,0,0,0,0.00,-21.943050,-48.954090,10,0,-50
2026-08-31 01:27:27,#11,8,62,0.00,15.00,0.00,1013.25,0.0000,0.0000,-0.0000,0.0000,0.0000,0.0000,0.0000,0.00,0,0,0,0.00,-21.943050,-48.954090,10,0,-50
2026-08-31 01:27:28,#11,9,63,0.00,15.00,0.00,1013.25,0.0000,0.0000,-0.0000,0.0000,0.0000,0.0000,0.0000,0.00,0,0,0,0.00,-21.943050,-48.954090,10,0,-50
2026-08-31 01:27:28,#11,9,64,0.00,15.00,0.00,1013.25,0.0000,0.0000,-0.0000,0.0000,0.0000,0.0000,0.0000,0.00,0,0,0,0.00,-21.943050,-48.954090,10,0,-50
2026-08-31 01:27:29,#11,9,65,0.00,15.00,0.00,1013.25,0.0000,0.0000,-0.0000,0.0000,0.0000,0.0000,0.0000,0.00,0,0,0,0.00,-21.943050,-48.954090,10,0,-50
2026-08-31 01:27:30,#11,9,66,0.00,15.00,0.00,1013.25,0.0000,0.0000,-0.0000,0.0000,0.0000,0.0000,0.0000,0.00,0,0,0,0.00,-21.943050,-48.954090,10,0,-50
2026-08-31 01:27:30,#11,9,67,0.00,15.00,0.00,1013.25,0.0000,0.0000,-0.0000,0.0000,0.0000,0.0000,0.0000,0.00,0,0,0,0.00,-21.943050,-48.954090,10,0,-50
2026-08-31 01:27:31,#11,9,68,0.00,15.00,0.00,1013.25,0.0000,0.0000,-0.0000,0.0000,0.0000,0.0000,0.0000,0.00,0,0,0,0.00,-21.943050,-48.954090,10,0,-50
2026-08-31 01:27:31,#11,9,69,0.00,15.00,0.00,1013.25,0.0000,0.0000,-0.0000,0.0000,0.0000,0.0000,0.0000,0.00,0,0,0,0.00,-21.943050,-48.954090,10,0,-50
2026-08-31 01:27:32,#11,9,70,0.00,15.00,0.00,1013.25,0.0000,0.0000,-0.0000,0.0000,0.0000,0.0000,0.0000,0.00,0,0,0,0.00,-21.943050,-48.954090,10,0,-50
2026-08-31 01:27:32,#11,9,71,0.00,15.00,0.00,1013.25,0.0000,0.0000,-0.0000,0.0000,0.0000,0.0000,0.0000,0.00,0,0,0,0.00,-21.943050,-48.954090,10,0,-50
2026-08-31 01:27:33,#11,9,72,0.00,15.00,0.00,1013.25,0.0000,0.0000,-0.0000,0.0000,0.0000,0.0000,0.0000,0.00,0,0,0,0.00,-21.943050,-48.954090,10,0,-50
2026-08-31 01:27:33,#11,9,73,0.00,15.00,0.00,1013.25,0.0000,0.0000,-0.0000,0.0000,0.0000,0.0000,0.0000,0.00,0,0,0,0.00,-21.943050,-48.954090,10,0,-50
2026-08-31 01:27:34,#11,9,74,0.00,15.00,0.00,1013.25,0.0000,0.0000,-0.0000,0.0000,0.0000,0.0000,0.0000,0.00,0,0,0,0.00,-21.943050,-48.954090,10,0,-50
2026-08-31 01:27:34,#11,9,75,0.00,15.00,0.00,1013.25,0.0000,0.0000,-0.0000,0.0000,0.0000,0.0000,0.0000,0.00,0,0,0,0.00,-21.943050,-48.954090,10,0,-50
2026-08-31 01:27:35,#11,9,76,0.00,15.00,0.00,1013.25,0.0000,0.0000,-0.0000,0.0000,0.0000,0.0000,0.0000,0.00,0,0,0,0.00,-21.943050,-48.954090,10,0,-50
2026-08-31 01:27:35,#11,9,77,0.00,15.00,0.00,1013.25,0.0000,0.0000,-0.0000,0.0000,0.0000,0.0000,0.0000,0.00,0,0,0,0.00,-21.943050,-48.954090,10,0,-50
2026-08-31 01:27:36,#11,9,78,0.00,15.00,0.00,1013.25,0.0000,0.0000,-0.0000,0.0000,0.0000,0.0000,0.0000,0.00,0,0,0,0.00,-21.943050,-48.954090,10,0,-50
2026-08-31 01:27:36,#11,9,79,0.00,15.00,0.00,1013.25,0.0000,0.0000,-0.0000,0.0000,0.0000,0.0000,0.0000,0.00,0,0,0,0.00,-21.943050,-48.954090,10,0,-50
2026-08-31 01:27:37,#11,10,80,0.00,15.00,0.00,1013.25,0.0000,0.0000,-0.0000,0.0000,0.0000,0.0000,0.0000,0.00,0,0,0,0.00,-21.943050,-48.954090,10,0,-50
2026-08-31 01:27:37,#11,10,81,0.00,15.00,0.00,1013.25,0.0000,0.0000,-0.0000,0.0000,0.0000,0.0000,0.0000,0.00,0,0,0,0.00,-21.943050,-48.954090,10,0,-50
2026-08-31 01:27:38,#11,10,82,0.00,15.00,0.00,1013.25,0.0000,0.0000,-0.0000,0.0000,0.0000,0.0000,0.0000,0.00,0,0,0,0.00,-21.943050,-48.954090,10,0,-50
2026-08-31 01:27:38,#11,10,83,0.00,15.00,0.00,1013.25,0.0000,0.0000,-0.0000,0.0000,0.0000,0.0000,0.0000,0.00,0,0,0,0.00,-21.943050,-48.954090,10,0,-50
2026-08-31 01:27:39,#11,10,84,0.00,15.00,0.00,1013.25,0.0000,0.0000,-0.0000,0.0000,0.0000,0.0000,0.0000,0.00,0,0,0,0.00,-21.943050,-48.954090,10,0,-50
2026-08-31 01:27:39,#11,10,85,0.00,15.00,0.00,1013.25,0.0000,0.0000,-0.0000,0.0000,0.0000,0.0000,0.0000,0.00,0,0,0,0.00,-21.943050,-48.954090,10,0,-50
2026-08-31 01:27:40,#11,11,86,0.00,15.00,0.00,1013.25,0.0000,0.0000,-0.0000,0.0000,0.0000,0.0000,0.0000,0.00,0,0,0,0.00,-21.943050,-48.954090,10,0,-50
2026-08-31 01:27:40,#11,11,87,0.00,15.00,0.00,1013.25,0.0000,0.0000,-0.0000,0.0000,0.0000,0.0000,0.0000,0.00,0,0,0,0.00,-21.943050,-48.954090,10,0,-50
2026-08-31 01:27:41,#11,11,88,0.00,15.00,0.00,1013.25,0.0000,0.0000,-0.0000,0.0000,0.0000,0.0000,0.0000,0.00,0,0,0,0.00,-21.943050,-48.954090,10,0,-50
2026-08-31 01:27:41,#11,11,89,0.00,15.00,0.00,1013.25,0.0000,0.0000,-0.0000,0.0000,0.0000,0.0000,0.0000,0.00,0,0,0,0.00,-21.943050,-48.954090,10,0,-50
2026-08-31 01:27:42,#11,11,90,0.00,15.00,0.00,1013.25,0.0000,0.0000,-0.0000,0.0000,0.0000,0.0000,0.0000,0.00,0,0,0,0.00,-21.943050,-48.954090,10,0,-50
2026-08-31 01:27:42,#11,11,91,0.00,15.00,0.00,1013.25,0.0000,0.0000,-0.0000,0.0000,0.0000,0.0000,0.0000,0.00,0,0,0,0.00,-21.943050,-48.954090,10,0,-50
2026-08-31 01:27:43,#11,11,92,0.00,15.00,0.00,1013.25,0.0000,0.0000,-0.0000,0.0000,0.0000,0.0000,0.0000,0.00,0,0,0,0.00,-21.943050,-48.954090,10,0,-50
2026-08-31 01:27:43,#11,11,93,0.00,15.00,0.00,1013.25,0.0000,0.0000,-0.0000,0.0000,0.0000,0.0000,0.0000,0.00,0,0,0,0.00,-21.943050,-48.954090,10,0,-50
2026-08-31 01:27:44,#11,11,94,0.00,15.00,0.00,1013.25,0.0000,0.0000,-0.0000,0.0000,0.0000,0.0000,0.0000,0.00,0,0,0,0.00,-21.943050,-48.954090,10,0,-50
2026-08-31 01:27:44,#11,11,95,0.00,15.00,0.00,1013.25,0.0000,0.0000,-0.0000,0.0000,0.0000,0.0000,0.0000,0.00,0,0,0,0.00,-21.943050,-48.954090,10,0,-50
2026-08-31 01:27:45,#11,11,96,0.00,15.00,0.00,1013.25,0.0000,0.0000,-0.0000,0.0000,0.0000,0.0000,0.0000,0.00,0,0,0,0.00,-21.943050,-48.954090,10,0,-50
2026-08-31 01:27:45,#11,11,97,0.00,15.00,0.00,1013.25,0.0000,0.0000,-0.0000,0.0000,0.0000,0.0000,0.0000,0.00,0,0,0,0.00,-21.943050,-48.954090,10,0,-50
2026-08-31 01:27:46,#11,12,98,-0.00,15.00,0.00,1013.25,-0.0000,-0.0000,0.0000,-0.0000,-0.0000,-0.0000,-0.0000,0.00,0,0,0,-0.00,-21.943050,-48.954090,10,0,-50
2026-08-31 01:27:46,#11,12,99,-0.00,15.00,0.00,1013.25,-0.0000,-0.0000,0.0000,-0.0000,-0.0000,-0.0000,-0.0000,0.00,0,0,0,-0.00,-21.943050,-48.954090,10,0,-50
2026-08-31 01:27:47,#11,12,100,-0.00,15.00,0.00,1013.25,-0.0000,-0.0000,0.0000,-0.0000,-0.0000,-0.0000,-0.0000,0.00,0,0,0,-0.00,-21.943050,-48.954090,10,0,-50
2026-08-31 01:27:47,#11,12,101,-0.00,15.00,0.00,1013.25,-0.0000,-0.0000,0.0000,-0.0000,-0.0000,-0.0000,-0.0000,0.00,0,0,0,-0.00,-21.943050,-48.954090,10,0,-50
2026-08-31 01:27:48,#11,12,102,-0.00,15.00,0.00,1013.25,-0.0000,-0.0000,0.0000,-0.0000,-0.0000,-0.0000,-0.0000,0.00,0,0,0,-0.00,-21.943050,-48.954090,10,0,-50
2026-08-31 01:27:48,#11,12,103,-0.00,15.00,0.00,1013.25,-0.0000,-0.0000,0.0000,-0.0000,-0.0000,-0.0000,-0.0000,0.00,0,0,0,-0.00,-21.943050,-48.954090,10,0,-50
2026-08-31 01:27:49,#11,12,104,-0.00,15.00,0.00,1013.25,-0.0000,-0.0000,0.0000,-0.0000,-0.0000,-0.0000,-0.0000,0.00,0,0,0,-0.00,-21.943050,-48.954090,10,0,-50
2026-08-31 01:27:49,#11,12,105,-0.00,15.00,0.00,1013.25,-0.0000,-0.0000,0.0000,-0.0000,-0.0000,-0.0000,-0.0000,0.00,0,0,0,-0.00,-21.943050,-48.954090,10,0,-50
2026-08-31 01:27:50,#11,12,106,-0.00,15.00,0.00,1013.25,-0.0000,-0.0000,0.0000,-0.0000,-0.0000,-0.0000,-0.0000,0.00,0,0,0,-0.00,-21.943050,-48.954090,10,0,-50
2026-08-31 01:27:50,#11,12,107,-0.00,15.00,0.00,1013.25,-0.0000,-0.0000,0.0000,-0.0000,-0.0000,-0.0000,-0.0000,0.00,0,0,0,-0.00,-21.943050,-48.954090,10,0,-50
2026-08-31 01:27:51,#11,12,108,-0.00,15.00,0.00,1013.25,-0.0000,-0.0000,0.0000,-0.0000,-0.0000,-0.0000,-0.0000,0.00,0,0,0,-0.00,-21.943050,-48.954090,10,0,-50
2026-08-31 01:27:51,#11,12,109,-0.00,15.00,0.00,1013.25,-0.0000,-0.0000,0.0000,-0.0000,-0.0000,-0.0000,-0.0000,0.00,0,0,0,-0.00,-21.943050,-48.954090,10,0,-50
2026-08-31 01:27:52,#11,13,110,-0.00,15.00,0.00,1013.25,-0.0000,-0.0000,0.0000,-0.0000,-0.0000,-0.0000,-0.0000,0.00,0,0,0,-0.00,-21.943050,-48.954090,10,0,-50
2026-08-31 01:27:52,#11,13,111,-0.00,15.00,0.00,1013.25,-0.0000,-0.0000,0.0000,-0.0000,-0.0000,-0.0000,-0.0000,0.00,0,0,0,-0.00,-21.943050,-48.954090,10,0,-50
2026-08-31 01:27:53,#11,13,112,-0.00,15.00,0.00,1013.25,-0.0000,-0.0000,0.0000,-0.0000,-0.0000,-0.0000,-0.0000,0.00,0,0,0,-0.00,-21.943050,-48.954090,10,0,-50
2026-08-31 01:27:53,#11,13,113,-0.00,15.00,0.00,1013.25,-0.0000,-0.0000,0.0000,-0.0000,-0.0000,-0.0000,-0.0000,0.00,0,0,0,-0.00,-21.943050,-48.954090,10,0,-50
2026-08-31 01:27:54,#11,13,114,-0.00,15.00,0.00,1013.25,-0.0000,-0.0000,0.0000,-0.0000,-0.0000,-0.0000,-0.0000,0.00,0,0,0,-0.00,-21.943050,-48.954090,10,0,-50
2026-08-31 01:27:54,#11,13,115,-0.00,15.00,0.00,1013.25,-0.0000,-0.0000,0.0000,-0.0000,-0.0000,-0.0000,-0.0000,0.00,0,0,0,-0.00,-21.943050,-48.954090,10,0,-50
2026-08-31 01:27:55,#11,13,116,-0.00,15.00,0.00,1013.25,-0.0000,-0.0000,0.0000,-0.0000,-0.0000,-0.0000,-0.0000,0.00,0,0,0,-0.00,-21.943050,-48.954090,10,0,-50
2026-08-31 01:27:55,#11,13,117,-0.00,15.00,0.00,1013.25,-0.0000,-0.0000,0.0000,-0.0000,-0.0000,-0.0000,-0.0000,0.00,0,0,0,-0.00,-21.943050,-48.954090,10,0,-50
2026-08-31 01:27:56,#11,13,118,-0.00,15.00,0.00,1013.25,-0.0000,-0.0000,0.0000,-0.0000,-0.0000,-0.0000,-0.0000,0.00,0,0,0,-0.00,-21.943050,-48.954090,10,0,-50
2026-08-31 01:27:56,#11,13,119,-0.00,15.00,0.00,1013.25,-0.0000,-0.0000,0.0000,-0.0000,-0.0000,-0.0000,-0.0000,0.00,0,0,0,-0.00,-21.943050,-48.954090,10,0,-50
2026-08-31 01:27:57,#11,13,120,-0.00,15.00,0.00,1013.25,-0.0000,-0.0000,0.0000,-0.0000,-0.0000,-0.0000,-0.0000,0.00,0,0,0,-0.00,-21.943050,-48.954090,10,0,-50
2026-08-31 01:27:57,#11,13,121,-0.00,15.00,0.00,1013.25,-0.0000,-0.0000,0.0000,-0.0000,-0.0000,-0.0000,-0.0000,0.00,0,0,0,-0.00,-21.943050,-48.954090,10,0,-50
2026-08-31 01:27:58,#11,13,122,-0.00,15.00,0.00,1013.25,-0.0000,-0.0000,0.0000,-0.0000,-0.0000,-0.0000,-0.0000,0.00,0,0,0,-0.00,-21.943050,-48.954090,10,0,-50
2026-08-31 01:27:58,#11,13,123,-0.00,15.00,0.00,1013.25,-0.0000,-0.0000,0.0000,-0.0000,-0.0000,-0.0000,-0.0000,0.00,0,0,0,-0.00,-21.943050,-48.954090,10,0,-50
2026-08-31 01:27:59,#11,13,124,-0.00,15.00,0.00,1013.25,-0.0000,-0.0000,0.0000,-0.0000,-0.0000,-0.0000,-0.0000,0.00,0,0,0,-0.00,-21.943050,-48.954090,10,0,-50
2026-08-31 01:27:59,#11,13,125,-0.00,15.00,0.00,1013.25,-0.0000,-0.0000,0.0000,-0.0000,-0.0000,-0.0000,-0.0000,0.00,0,0,0,-0.00,-21.943050,-48.954090,10,0,-50
2026-08-31 01:28:00,#11,13,126,-0.00,15.00,0.00,1013.25,-0.0000,-0.0000,0.0000,-0.0000,-0.0000,-0.0000,-0.0000,0.00,0,0,0,-0.00,-21.943050,-48.954090,10,0,-50
2026-08-31 01:28:00,#11,13,127,-0.00,15.00,0.00,1013.25,-0.0000,-0.0000,0.0000,-0.0000,-0.0000,-0.0000,-0.0000,0.00,0,0,0,-0.00,-21.943050,-48.954090,10,0,-50
2026-08-31 01:28:01,#11,13,128,-0.00,15.00,0.00,1013.25,-0.0000,-0.0000,0.0000,-0.0000,-0.0000,-0.0000,-0.0000,0.00,0,0,0,-0.00,-21.943050,-48.954090,10,0,-50
2026-08-31 01:28:01,#11,13,129,-0.00,15.00,0.00,1013.25,-0.0000,-0.0000,0.0000,-0.0000,-0.0000,-0.0000,-0.0000,0.00,0,0,0,-0.00,-21.943050,-48.954090,10,0,-50
2026-08-31 01:28:02,#11,13,130,-0.00,15.00,0.00,1013.25,-0.0000,-0.0000,0.0000,-0.0000,-0.0000,-0.0000,-0.0000,0.00,0,0,0,-0.00,-21.943050,-48.954090,10,0,-50
2026-08-31 01:28:02,#11,15,131,-0.00,15.00,0.00,1013.25,-0.0000,-0.0000,0.0000,-0.0000,-0.0000,-0.0000,-0.0000,0.00,0,0,0,-0.00,-21.943050,-48.954090,10,0,-50
2026-08-31 01:28:03,#11,15,132,-0.00,15.00,0.00,1013.25,-0.0000,-0.0000,0.0000,-0.0000,-0.0000,-0.0000,-0.0000,0.00,0,0,0,-0.00,-21.943050,-48.954090,10,0,-50
2026-08-31 01:28:03,#11,15,133,-0.00,15.00,0.00,1013.25,-0.0000,-0.0000,0.0000,-0.0000,-0.0000,-0.0000,-0.0000,0.00,0,0,0,-0.00,-21.943050,-48.954090,10,0,-50
2026-08-31 01:28:04,#11,15,134,-0.00,15.00,0.00,1013.25,-0.0000,-0.0000,0.0000,-0.0000,-0.0000,-0.0000,-0.0000,0.00,0,0,0,-0.00,-21.943050,-48.954090,10,0,-50
2026-08-31 01:28:04,#11,15,135,-0.00,15.00,0.00,1013.25,-0.0000,-0.0000,0.0000,-0.0000,-0.0000,-0.0000,-0.0000,0.00,0,0,0,-0.00,-21.943050,-48.954090,10,0,-50
2026-08-31 01:28:05,#11,15,136,-0.00,15.00,0.00,1013.25,-0.0000,-0.0000,0.0000,-0.0000,-0.0000,-0.0000,-0.0000,0.00,0,0,0,-0.00,-21.943050,-48.954090,10,0,-50
2026-08-31 01:28:05,#11,15,137,-0.00,15.00,0.00,1013.25,-0.0000,-0.0000,0.0000,-0.0000,-0.0000,-0.0000,-0.0000,0.00,0,0,0,-0.00,-21.943050,-48.954090,10,0,-50
2026-08-31 01:28:06,#11,15,138,-0.00,15.00,0.00,1013.25,-0.0000,-0.0000,0.0000,-0.0000,-0.0000,-0.0000,-0.0000,0.00,0,0,0,-0.00,-21.943050,-48.954090,10,0,-50
2026-08-31 01:28:06,#11,16,139,-0.00,15.00,0.00,1013.25,-0.0000,-0.0000,0.0000,-0.0000,-0.0000,-0.0000,-0.0000,0.00,0,0,0,-0.00,-21.943050,-48.954090,10,0,-50
2026-08-31 01:28:07,#11,16,140,-0.00,15.00,0.00,1013.25,-0.0000,-0.0000,0.0000,-0.0000,-0.0000,-0.0000,-0.0000,0.00,0,0,0,-0.00,-21.943050,-48.954090,10,0,-50
2026-08-31 01:28:07,#11,16,141,-0.00,15.00,0.00,1013.25,-0.0000,-0.0000,0.0000,-0.0000,-0.0000,-0.0000,-0.0000,0.00,0,0,0,-0.00,-21.943050,-48.954090,10,0,-50
2026-08-31 01:28:08,#11,17,142,-0.00,15.00,0.00,1013.25,-0.0000,-0.0000,0.0000,-0.0000,-0.0000,-0.0000,-0.0000,0.00,0,0,0,-0.00,-21.943050,-48.954090,10,0,-50
2026-08-31 01:28:08,#11,17,143,-0.00,15.00,0.00,1013.25,-0.0000,-0.0000,0.0000,-0.0000,-0.0000,-0.0000,-0.0000,0.00,0,0,0,-0.00,-21.943050,-48.954090,10,0,-50
2026-08-31 01:28:09,#11,17,144,-0.00,15.00,0.00,1013.25,-0.0000,-0.0000,0.0000,-0.0000,-0.0000,-0.0000,-0.0000,0.00,0,0,0,-0.00,-21.943050,-48.954090,10,0,-50
2026-08-31 01:28:09,#11,17,145,-0.00,15.00,0.00,1013.25,-0.0000,-0.0000,0.0000,-0.0000,-0.0000,-0.0000,-0.0000,0.00,0,0,0,-0.00,-21.943050,-48.954090,10,0,-50
2026-08-31 01:28:10,#11,18,146,0.00,15.00,0.00,1013.25,0.0000,0.0000,-0.0000,0.0000,0.0000,0.0000,0.0000,0.00,0,0,0,0.00,-21.943050,-48.954090,10,0,-50
2026-08-31 01:28:10,#11,18,147,0.00,15.00,0.00,1013.25,0.0000,0.0000,-0.0000,0.0000,0.0000,0.0000,0.0000,0.00,0,0,0,0.00,-21.943050,-48.954090,10,0,-50
2026-08-31 01:28:11,#11,18,148,0.00,15.00,0.00,1013.25,0.0000,0.0000,-0.0000,0.0000,0.0000,0.0000,0.0000,0.00,0,0,0,0.00,-21.943050,-48.954090,10,0,-50
2026-08-31 01:28:11,#11,18,149,0.00,15.00,0.00,1013.25,0.0000,0.0000,-0.0000,0.0000,0.0000,0.0000,0.0000,0.00,0,0,0,0.00,-21.943050,-48.954090,10,0,-50
2026-08-31 01:28:12,#11,18,150,0.00,15.00,0.00,1013.25,0.0000,0.0000,-0.0000,0.0000,0.0000,0.0000,0.0000,0.00,0,0,0,0.00,-21.943050,-48.954090,10,0,-50
2026-08-31 01:28:12,#11,18,151,0.00,15.00,0.00,1013.25,0.0000,0.0000,-0.0000,0.0000,0.0000,0.0000,0.0000,0.00,0,0,0,0.00,-21.943050,-48.954090,10,0,-50
2026-08-31 01:28:13,#11,18,152,0.00,15.00,0.00,1013.25,0.0000,0.0000,-0.0000,0.0000,0.0000,0.0000,0.0000,0.00,0,0,0,0.00,-21.943050,-48.954090,10,0,-50
2026-08-31 01:28:13,#11,18,153,0.00,15.00,0.00,1013.25,0.0000,0.0000,-0.0000,0.0000,0.0000,0.0000,0.0000,0.00,0,0,0,0.00,-21.943050,-48.954090,10,0,-50
2026-08-31 01:28:14,#11,19,154,0.00,15.00,0.00,1013.25,0.0000,0.0000,-0.0000,0.0000,0.0000,0.0000,0.0000,0.00,0,0,0,0.00,-21.943050,-48.954090,10,0,-50
2026-08-31 01:28:14,#11,19,155,0.00,15.00,0.00,1013.25,0.0000,0.0000,-0.0000,0.0000,0.0000,0.0000,0.0000,0.00,0,0,0,0.00,-21.943050,-48.954090,10,0,-50
2026-08-31 01:28:15,#11,19,156,0.00,15.00,0.00,1013.25,0.0000,0.0000,-0.0000,0.0000,0.0000,0.0000,0.0000,0.00,0,0,0,0.00,-21.943050,-48.954090,10,0,-50
2026-08-31 01:28:15,#11,19,157,0.00,15.00,0.00,1013.25,0.0000,0.0000,-0.0000,0.0000,0.0000,0.0000,0.0000,0.00,0,0,0,0.00,-21.943050,-48.954090,10,0,-50
2026-08-31 01:28:16,#11,19,158,0.00,15.00,0.00,1013.25,0.0000,0.0000,-0.0000,0.0000,0.0000,0.0000,0.0000,0.00,0,0,0,0.00,-21.943050,-48.954090,10,0,-50
2026-08-31 01:28:16,#11,19,159,0.00,15.00,0.00,1013.25,0.0000,0.0000,-0.0000,0.0000,0.0000,0.0000,0.0000,0.00,0,0,0,0.00,-21.943050,-48.954090,10,0,-50
2026-08-31 01:28:17,#11,19,160,0.00,15.00,0.00,1013.25,0.0000,0.0000,-0.0000,0.0000,0.0000,0.0000,0.0000,0.00,0,0,0,0.00,-21.943050,-48.954090,10,0,-50
2026-08-31 01:28:17,#11,19,161,0.00,15.00,0.00,1013.25,0.0000,0.0000,-0.0000,0.0000,0.0000,0.0000,0.0000,0.00,0,0,0,0.00,-21.943050,-48.954090,10,0,-50
2026-08-31 01:28:18,#11,20,162,0.00,15.00,0.00,1013.25,0.0000,0.0000,-0.0000,0.0000,0.0000,0.0000,0.0000,0.00,0,0,0,0.00,-21.943050,-48.954090,10,0,-50
2026-08-31 01:28:18,#11,20,163,0.00,15.00,0.00,1013.25,0.0000,0.0000,-0.0000,0.0000,0.0000,0.0000,0.0000,0.00,0,0,0,0.00,-21.943050,-48.954090,10,0,-50
2026-08-31 01:28:19,#11,20,164,0.00,15.00,0.00,1013.25,0.0000,0.0000,-0.0000,0.0000,0.0000,0.0000,0.0000,0.00,0,0,0,0.00,-21.943050,-48.954090,10,0,-50
2026-08-31 01:28:19,#11,20,165,0.00,15.00,0.00,1013.25,0.0000,0.0000,-0.0000,0.0000,0.0000,0.0000,0.0000,0.00,0,0,0,0.00,-21.943050,-48.954090,10,0,-50
2026-08-31 01:28:20,#11,20,166,0.00,15.00,0.00,1013.25,0.0000,0.0000,-0.0000,0.0000,0.0000,0.0000,0.0000,0.00,0,0,0,0.00,-21.943050,-48.954090,10,0,-50
2026-08-31 01:28:20,#11,21,167,0.00,15.00,0.00,1013.25,0.0000,0.0000,-0.0000,0.0000,0.0000,0.0000,0.0000,0.00,0,0,0,0.00,-21.943050,-48.954090,10,0,-50
2026-08-31 01:28:21,#11,21,168,0.00,15.00,0.00,1013.25,0.0000,0.0000,-0.0000,0.0000,0.0000,0.0000,0.0000,0.00,0,0,0,0.00,-21.943050,-48.954090,10,0,-50
2026-08-31 01:28:21,#11,21,169,0.00,15.00,0.00,1013.25,0.0000,0.0000,-0.0000,0.0000,0.0000,0.0000,0.0000,0.00,0,0,0,0.00,-21.943050,-48.954090,10,0,-50
2026-08-31 01:28:22,#11,21,170,0.00,15.00,0.00,1013.25,0.0000,0.0000,-0.0000,0.0000,0.0000,0.0000,0.0000,0.00,0,0,0,0.00,-21.943050,-48.954090,10,0,-50
2026-08-31 01:28:22,#11,21,171,0.00,15.00,0.00,1013.25,0.0000,0.0000,-0.0000,0.0000,0.0000,0.0000,0.0000,0.00,0,0,0,0.00,-21.943050,-48.954090,10,0,-50
2026-08-31 01:28:23,#11,21,172,0.00,15.00,0.00,1013.25,0.0000,0.0000,-0.0000,0.0000,0.0000,0.0000,0.0000,0.00,0,0,0,0.00,-21.943050,-48.954090,10,0,-50
2026-08-31 01:28:23,#11,23,173,0.00,15.00,0.00,1013.25,0.0000,0.0000,-0.0000,0.0000,0.0000,0.0000,0.0000,0.00,0,0,0,0.00,-21.943050,-48.954090,10,0,-50
2026-08-31 01:28:24,#11,23,174,0.00,15.00,0.00,1013.25,0.0000,0.0000,-0.0000,0.0000,0.0000,0.0000,0.0000,0.00,0,0,0,0.00,-21.943050,-48.954090,10,0,-50
2026-08-31 01:28:24,#11,23,175,0.00,15.00,0.00,1013.25,0.0000,0.0000,-0.0000,0.0000,0.0000,0.0000,0.0000,0.00,0,0,0,0.00,-21.943050,-48.954090,10,0,-50
2026-08-31 01:28:25,#11,23,176,0.00,15.00,0.00,1013.25,0.0000,0.0000,-0.0000,0.0000,0.0000,0.0000,0.0000,0.00,0,0,0,0.00,-21.943050,-48.954090,10,0,-50
2026-08-31 01:28:25,#11,23,177,0.00,15.00,0.00,1013.25,0.0000,0.0000,-0.0000,0.0000,0.0000,0.0000,0.0000,0.00,0,0,0,0.00,-21.943050,-48.954090,10,0,-50
2026-08-31 01:28:26,#11,23,178,0.00,15.00,0.00,1013.25,0.0000,0.0000,-0.0000,0.0000,0.0000,0.0000,0.0000,0.00,0,0,0,0.00,-21.943050,-48.954090,10,0,-50
2026-08-31 01:28:26,#11,23,179,0.00,15.00,0.00,1013.25,0.0000,0.0000,-0.0000,0.0000,0.0000,0.0000,0.0000,0.00,0,0,0,0.00,-21.943050,-48.954090,10,0,-50
2026-08-31 01:28:27,#11,23,180,0.00,15.00,0.00,1013.25,0.0000,0.0000,-0.0000,0.0000,0.0000,0.0000,0.0000,0.00,0,0,0,0.00,-21.943050,-48.954090,10,0,-50
2026-08-31 01:28:27,#11,23,181,0.00,15.00,0.00,1013.25,0.0000,0.0000,-0.0000,0.0000,0.0000,0.0000,0.0000,0.00,0,0,0,0.00,-21.943050,-48.954090,10,0,-50
2026-08-31 01:28:28,#11,24,182,-0.00,15.00,0.00,1013.25,-0.0000,-0.0000,0.0000,-0.0000,-0.0000,-0.0000,-0.0000,0.00,0,0,0,-0.00,-21.943050,-48.954090,10,0,-50
2026-08-31 01:28:28,#11,24,183,-0.00,15.00,0.00,1013.25,-0.0000,-0.0000,0.0000,-0.0000,-0.0000,-0.0000,-0.0000,0.00,0,0,0,-0.00,-21.943050,-48.954090,10,0,-50
2026-08-31 01:28:29,#11,25,184,-0.00,15.00,0.00,1013.25,-0.0000,-0.0000,0.0000,-0.0000,-0.0000,-0.0000,-0.0000,0.00,0,0,0,-0.00,-21.943050,-48.954090,10,0,-50
2026-08-31 01:28:29,#11,25,185,-0.00,15.00,0.00,1013.25,-0.0000,-0.0000,0.0000,-0.0000,-0.0000,-0.0000,-0.0000,0.00,0,0,0,-0.00,-21.943050,-48.954090,10,0,-50
2026-08-31 01:28:30,#11,25,186,-0.00,15.00,0.00,1013.25,-0.0000,-0.0000,0.0000,-0.0000,-0.0000,-0.0000,-0.0000,0.00,0,0,0,-0.00,-21.943050,-48.954090,10,0,-50
2026-08-31 01:28:30,#11,25,187,-0.00,15.00,0.00,1013.25,-0.0000,-0.0000,0.0000,-0.0000,-0.0000,-0.0000,-0.0000,0.00,0,0,0,-0.00,-21.943050,-48.954090,10,0,-50
2026-08-31 01:28:31,#11,25,188,-0.00,15.00,0.00,1013.25,-0.0000,-0.0000,0.0000,-0.0000,-0.0000,-0.0000,-0.0000,0.00,0,0,0,-0.00,-21.943050,-48.954090,10,0,-50
2026-08-31 01:28:31,#11,25,189,-0.00,15.00,0.00,1013.25,-0.0000,-0.0000,0.0000,-0.0000,-0.0000,-0.0000,-0.0000,0.00,0,0,0,-0.00,-21.943050,-48.954090,10,0,-50
2026-08-31 01:28:32,#11,27,190,-0.00,15.00,0.00,1013.25,-0.0000,-0.0000,0.0000,-0.0000,-0.0000,-0.0000,-0.0000,0.00,0,0,0,-0.00,-21.943050,-48.954090,10,0,-50
2026-08-31 01:28:32,#11,27,191,-0.00,15.00,0.00,1013.25,-0.0000,-0.0000,0.0000,-0.0000,-0.0000,-0.0000,-0.0000,0.00,0,0,0,-0.00,-21.943050,-48.954090,10,0,-50
2026-08-31 01:28:33,#11,27,192,-0.00,15.00,0.00,1013.25,-0.0000,-0.0000,0.0000,-0.0000,-0.0000,-0.0000,-0.0000,0.00,0,0,0,-0.00,-21.943050,-48.954090,10,0,-50
2026-08-31 01:28:33,#11,27,193,-0.00,15.00,0.00,1013.25,-0.0000,-0.0000,0.0000,-0.0000,-0.0000,-0.0000,-0.0000,0.00,0,0,0,-0.00,-21.943050,-48.954090,10,0,-50
2026-08-31 01:28:34,#11,27,194,0.00,15.00,0.00,1013.25,0.0000,0.0000,-0.0000,0.0000,0.0000,0.0000,0.0000,0.00,0,0,0,0.00,-21.943050,-48.954090,10,0,-50
2026-08-31 01:28:34,#11,27,195,0.00,15.00,0.00,1013.25,0.0000,0.0000,-0.0000,0.0000,0.0000,0.0000,0.0000,0.00,0,0,0,0.00,-21.943050,-48.954090,10,0,-50
2026-08-31 01:28:35,#11,27,196,0.00,15.00,0.00,1013.25,0.0000,0.0000,-0.0000,0.0000,0.0000,0.0000,0.0000,0.00,0,0,0,0.00,-21.943050,-48.954090,10,0,-50
2026-08-31 01:28:35,#11,28,197,0.00,15.00,0.00,1013.25,0.0000,0.0000,-0.0000,0.0000,0.0000,0.0000,0.0000,0.00,0,0,0,0.00,-21.943050,-48.954090,10,0,-50
2026-08-31 01:28:36,#11,28,198,0.00,15.00,0.00,1013.25,0.0000,0.0000,-0.0000,0.0000,0.0000,0.0000,0.0000,0.00,0,0,0,0.00,-21.943050,-48.954090,10,0,-50
2026-08-31 01:28:36,#11,28,199,0.00,15.00,0.00,1013.25,0.0000,0.0000,-0.0000,0.0000,0.0000,0.0000,0.0000,0.00,0,0,0,0.00,-21.943050,-48.954090,10,0,-50
2026-08-31 01:28:37,#11,29,200,0.00,15.00,0.00,1013.25,0.0000,0.0000,-0.0000,0.0000,0.0000,0.0000,0.0000,0.00,0,0,0,0.00,-21.943050,-48.954090,10,0,-50
2026-08-31 01:28:37,#11,29,201,0.00,15.00,0.00,1013.25,0.0000,0.0000,-0.0000,0.0000,0.0000,0.0000,0.0000,0.00,0,0,0,0.00,-21.943050,-48.954090,10,0,-50
2026-08-31 01:28:38,#11,30,202,0.00,15.00,0.00,1013.25,0.0000,0.0000,-0.0000,0.0000,0.0000,0.0000,0.0000,0.00,0,0,0,0.00,-21.943050,-48.954090,10,0,-50
2026-08-31 01:28:38,#11,30,203,0.00,15.00,0.00,1013.25,0.0000,0.0000,-0.0000,0.0000,0.0000,0.0000,0.0000,0.00,0,0,0,0.00,-21.943050,-48.954090,10,0,-50
2026-08-31 01:28:39,#11,30,204,0.00,15.00,0.00,1013.25,0.0000,0.0000,-0.0000,0.0000,0.0000,0.0000,0.0000,0.00,0,0,0,0.00,-21.943050,-48.954090,10,0,-50
2026-08-31 01:28:39,#11,30,205,0.00,15.00,0.00,1013.25,0.0000,0.0000,-0.0000,0.0000,0.0000,0.0000,0.0000,0.00,0,0,0,0.00,-21.943050,-48.954090,10,0,-50
2026-08-31 01:28:40,#11,30,206,0.00,15.00,0.00,1013.25,0.0000,0.0000,-0.0000,0.0000,0.0000,0.0000,0.0000,0.00,0,0,0,0.00,-21.943050,-48.954090,10,0,-50
2026-08-31 01:28:40,#11,30,207,0.00,15.00,0.00,1013.25,0.0000,0.0000,-0.0000,0.0000,0.0000,0.0000,0.0000,0.00,0,0,0,0.00,-21.943050,-48.954090,10,0,-50
2026-08-31 01:28:41,#11,30,208,0.00,15.00,0.00,1013.25,0.0000,0.0000,-0.0000,0.0000,0.0000,0.0000,0.0000,0.00,0,0,0,0.00,-21.943050,-48.954090,10,0,-50
2026-08-31 01:28:41,#11,30,209,0.00,15.00,0.00,1013.25,0.0000,0.0000,-0.0000,0.0000,0.0000,0.0000,0.0000,0.00,0,0,0,0.00,-21.943050,-48.954090,10,0,-50
2026-08-31 01:28:42,#11,30,210,0.00,15.00,0.00,1013.25,0.0000,0.0000,-0.0000,0.0000,0.0000,0.0000,0.0000,0.00,0,0,0,0.00,-21.943050,-48.954090,10,0,-50
2026-08-31 01:28:42,#11,31,211,-0.00,15.00,0.00,1013.25,-0.0000,-0.0000,0.0000,-0.0000,-0.0000,-0.0000,-0.0000,0.00,0,0,0,-0.00,-21.943050,-48.954090,10,0,-50
2026-08-31 01:28:43,#11,32,212,-0.00,15.00,0.00,1013.25,-0.0000,-0.0000,0.0000,-0.0000,-0.0000,-0.0000,-0.0000,0.00,0,0,0,-0.00,-21.943050,-48.954090,10,0,-50
2026-08-31 01:28:43,#11,32,213,-0.00,15.00,0.00,1013.25,-0.0000,-0.0000,0.0000,-0.0000,-0.0000,-0.0000,-0.0000,0.00,0,0,0,-0.00,-21.943050,-48.954090,10,0,-50
2026-08-31 01:28:44,#11,32,214,-0.00,15.00,0.00,1013.25,-0.0000,-0.0000,0.0000,-0.0000,-0.0000,-0.0000,-0.0000,0.00,0,0,0,-0.00,-21.943050,-48.954090,10,0,-50
2026-08-31 01:28:44,#11,32,215,-0.00,15.00,0.00,1013.25,-0.0000,-0.0000,0.0000,-0.0000,-0.0000,-0.0000,-0.0000,0.00,0,0,0,-0.00,-21.943050,-48.954090,10,0,-50
2026-08-31 01:28:45,#11,32,216,-0.00,15.00,0.00,1013.25,-0.0000,-0.0000,0.0000,-0.0000,-0.0000,-0.0000,-0.0000,0.00,0,0,0,-0.00,-21.943050,-48.954090,10,0,-50
2026-08-31 01:28:45,#11,32,217,-0.00,15.00,0.00,1013.25,-0.0000,-0.0000,0.0000,-0.0000,-0.0000,-0.0000,-0.0000,0.00,0,0,0,-0.00,-21.943050,-48.954090,10,0,-50
2026-08-31 01:28:46,#11,35,218,-0.00,15.00,0.00,1013.25,-0.0000,-0.0000,0.0000,-0.0000,-0.0000,-0.0000,-0.0000,0.00,0,0,0,-0.00,-21.943050,-48.954090,10,0,-50
2026-08-31 01:28:46,#11,37,219,-0.00,15.00,0.00,1013.25,-0.0000,-0.0000,0.0000,-0.0000,-0.0000,-0.0000,-0.0000,0.00,0,0,0,-0.00,-21.943050,-48.954090,10,0,-50
2026-08-31 01:28:47,#11,37,220,-0.00,15.00,0.00,1013.25,-0.0000,-0.0000,0.0000,-0.0000,-0.0000,-0.0000,-0.0000,0.00,0,0,0,-0.00,-21.943050,-48.954090,10,0,-50
2026-08-31 01:28:47,#11,37,221,-0.00,15.00,0.00,1013.25,-0.0000,-0.0000,0.0000,-0.0000,-0.0000,-0.0000,-0.0000,0.00,0,0,0,-0.00,-21.943050,-48.954090,10,0,-50
2026-08-31 01:28:48,#11,37,222,-0.00,15.00,0.00,1013.25,-0.0000,-0.0000,0.0000,-0.0000,-0.0000,-0.0000,-0.0000,0.00,0,0,0,-0.00,-21.943050,-48.954090,10,0,-50
2026-08-31 01:28:48,#11,39,223,0.00,15.00,0.00,1013.25,0.0000,0.0000,-0.0000,0.0000,0.0000,0.0000,0.0000,0.00,0,0,0,0.00,-21.943050,-48.954090,10,0,-50
2026-08-31 01:28:49,#11,40,224,0.00,15.00,0.00,1013.25,0.0000,0.0000,-0.0000,0.0000,0.0000,0.0001,0.0000,0.00,0,0,0,0.00,-21.943050,-48.954090,10,0,-50
2026-08-31 01:28:49,#11,40,225,0.00,15.00,0.00,1013.25,0.0000,0.0000,-0.0000,0.0000,0.0000,0.0001,0.0000,0.00,0,0,0,0.00,-21.943050,-48.954090,10,0,-50
2026-08-31 01:28:50,#11,40,226,0.00,15.00,0.00,1013.25,0.0000,0.0000,-0.0000,0.0000,0.0000,0.0001,0.0000,0.00,0,0,0,0.00,-21.943050,-48.954090,10,0,-50
2026-08-31 01:28:50,#11,40,227,0.00,15.00,0.00,1013.25,0.0000,0.0000,-0.0000,0.0000,0.0000,0.0001,0.0000,0.00,0,0,0,0.00,-21.943050,-48.954090,10,0,-50
2026-08-31 01:28:51,#11,43,228,0.00,15.00,0.00,1013.24,0.0000,0.0000,-0.0000,0.0000,0.0000,0.0002,0.0000,0.00,0,0,0,0.00,-21.943050,-48.954090,10,0,-50
2026-08-31 01:28:51,#11,43,229,0.00,15.00,0.00,1013.24,0.0000,0.0000,-0.0000,0.0000,0.0000,0.0002,0.0000,0.00,0,0,0,0.00,-21.943050,-48.954090,10,0,-50
2026-08-31 01:28:52,#11,43,230,0.00,15.00,0.00,1013.24,0.0000,0.0000,-0.0000,0.0000,0.0000,0.0002,0.0000,0.00,0,0,0,0.00,-21.943050,-48.954090,10,0,-50
2026-08-31 01:28:52,#11,43,231,0.00,15.00,0.00,1013.24,0.0000,0.0000,-0.0000,0.0000,0.0000,0.0002,0.0000,0.00,0,0,0,0.00,-21.943050,-48.954090,10,0,-50
2026-08-31 01:28:53,#11,43,232,0.00,15.00,0.00,1013.24,0.0000,0.0000,-0.0000,0.0000,0.0000,0.0002,0.0000,0.00,0,0,0,0.00,-21.943050,-48.954090,10,0,-50
2026-08-31 01:28:53,#11,43,233,0.00,15.00,0.00,1013.24,0.0000,0.0000,-0.0000,0.0000,0.0000,0.0002,0.0000,0.00,0,0,0,0.00,-21.943050,-48.954090,10,0,-50
2026-08-31 01:28:54,#11,48,234,-0.00,15.00,0.00,1013.24,-0.0000,-0.0000,0.0000,-0.0000,-0.0000,-0.0004,-0.0000,0.00,0,0,0,-0.00,-21.943050,-48.954090,10,0,-50
2026-08-31 01:28:54,#11,48,235,-0.00,15.00,0.00,1013.24,-0.0000,-0.0000,0.0000,-0.0000,-0.0000,-0.0004,-0.0000,0.00,0,0,0,-0.00,-21.943050,-48.954090,10,0,-50
2026-08-31 01:28:55,#11,48,236,-0.00,15.00,0.00,1013.24,-0.0000,-0.0000,0.0000,-0.0000,-0.0000,-0.0004,-0.0000,0.00,0,0,0,-0.00,-21.943050,-48.954090,10,0,-50
2026-08-31 01:28:55,#11,48,237,-0.00,15.00,0.00,1013.24,-0.0000,-0.0000,0.0000,-0.0000,-0.0000,-0.0004,-0.0000,0.00,0,0,0,-0.00,-21.943050,-48.954090,10,0,-50
2026-08-31 01:28:56,#11,55,238,0.00,15.00,0.00,1013.24,0.0000,0.0000,-0.0000,0.0000,0.0000,0.0004,0.0000,0.00,0,0,0,0.00,-21.943050,-48.954090,10,0,-50
2026-08-31 01:28:56,#11,55,239,0.00,15.00,0.00,1013.24,0.0000,0.0000,-0.0000,0.0000,0.0000,0.0004,0.0000,0.00,0,0,0,0.00,-21.943050,-48.954090,10,0,-50
2026-08-31 01:28:57,#11,55,240,0.00,15.00,0.00,1013.24,0.0000,0.0000,-0.0000,0.0000,0.0000,0.0004,0.0000,0.00,0,0,0,0.00,-21.943050,-48.954090,10,0,-50
2026-08-31 01:28:57,#11,56,241,-0.00,15.00,0.00,1013.24,-0.0000,-0.0000,0.0000,-0.0000,-0.0001,-0.0009,-0.0000,0.00,0,0,0,-0.00,-21.943050,-48.954090,10,0,-50
2026-08-31 01:28:58,#11,56,242,-0.00,15.00,0.00,1013.24,-0.0000,-0.0000,0.0000,-0.0000,-0.0001,-0.0009,-0.0000,0.00,0,0,0,-0.00,-21.943050,-48.954090,10,0,-50
2026-08-31 01:28:58,#11,56,243,-0.00,15.00,0.00,1013.24,-0.0000,-0.0000,0.0000,-0.0000,-0.0001,-0.0009,-0.0000,0.00,0,0,0,-0.00,-21.943050,-48.954090,10,0,-50
2026-08-31 01:28:59,#11,56,244,-0.00,15.00,0.00,1013.24,-0.0000,-0.0000,0.0000,-0.0000,-0.0001,-0.0009,-0.0000,0.00,0,0,0,-0.00,-21.943050,-48.954090,10,0,-50
2026-08-31 01:28:59,#11,57,245,-0.00,15.00,0.00,1013.24,-0.0000,-0.0000,0.0000,-0.0000,-0.0001,-0.0017,-0.0000,0.00,0,0,0,-0.00,-21.943050,-48.954090,10,0,-50
2026-08-31 01:29:00,#11,57,246,-0.00,15.00,0.00,1013.24,-0.0000,-0.0000,0.0000,-0.0000,-0.0001,-0.0017,-0.0000,0.00,0,0,0,-0.00,-21.943050,-48.954090,10,0,-50
2026-08-31 01:29:00,#11,57,247,-0.00,15.00,0.00,1013.24,-0.0000,-0.0000,0.0000,-0.0000,-0.0001,-0.0017,-0.0000,0.00,0,0,0,-0.00,-21.943050,-48.954090,10,0,-50
2026-08-31 01:29:01,#11,57,248,-0.00,15.00,0.00,1013.24,-0.0000,-0.0000,0.0000,-0.0000,-0.0001,-0.0017,-0.0000,0.00,0,0,0,-0.00,-21.943050,-48.954090,10,0,-50
2026-08-31 01:29:01,#11,57,249,-0.00,15.00,0.00,1013.24,-0.0000,-0.0000,0.0000,-0.0000,-0.0001,-0.0017,-0.0000,0.00,0,0,0,-0.00,-21.943050,-48.954090,10,0,-50
2026-08-31 01:29:02,#11,57,250,-0.00,15.00,0.00,1013.24,-0.0000,-0.0000,0.0000,-0.0000,-0.0001,-0.0017,-0.0000,0.00,0,0,0,-0.00,-21.943050,-48.954090,10,0,-50
2026-08-31 01:29:02,#11,57,251,-0.00,15.00,0.00,1013.24,-0.0000,-0.0000,0.0000,-0.0000,-0.0001,-0.0017,-0.0000,0.00,0,0,0,-0.00,-21.943050,-48.954090,10,0,-50
2026-08-31 01:29:03,#11,57,252,-0.00,15.00,0.00,1013.24,-0.0000,-0.0000,0.0000,-0.0000,-0.0001,-0.0017,-0.0000,0.00,0,0,0,-0.00,-21.943050,-48.954090,10,0,-50
2026-08-31 01:29:03,#11,60,253,0.00,15.00,0.00,1013.24,0.0000,0.0000,-0.0000,0.0000,0.0015,0.0174,0.0000,0.00,0,0,0,0.00,-21.943050,-48.954090,10,0,-50
2026-08-31 01:29:04,#11,60,254,0.00,15.00,0.00,1013.24,0.0000,0.0000,-0.0000,0.0000,0.0016,0.0179,0.0000,0.00,0,0,0,0.00,-21.943050,-48.954090,10,0,-50
2026-08-31 01:29:04,#11,60,255,0.00,15.00,0.00,1013.24,0.0000,0.0000,-0.0000,0.0000,0.0016,0.0179,0.0000,0.00,0,0,0,0.00,-21.943050,-48.954090,10,0,-50
2026-08-31 01:29:05,#11,60,256,0.00,15.00,0.00,1013.24,0.0000,0.0000,-0.0000,0.0000,0.0016,0.0179,0.0000,0.00,0,0,0,0.00,-21.943050,-48.954090,10,0,-50
2026-08-31 01:29:05,#11,60,257,0.00,15.00,0.00,1013.24,0.0000,0.0000,-0.0000,0.0000,0.0016,0.0179,0.0000,0.00,0,0,0,0.00,-21.943050,-48.954090,10,0,-50
2026-08-31 01:29:06,#11,60,258,0.00,15.00,0.00,1013.24,0.0000,0.0000,-0.0000,0.0000,0.0016,0.0179,0.0000,0.00,0,0,0,0.00,-21.943050,-48.954090,10,0,-50
2026-08-31 01:29:06,#11,64,259,-0.00,15.00,0.00,1013.24,-0.0000,-0.0000,0.0000,-0.0000,-0.0048,-0.0547,-0.0001,0.00,0,0,0,-0.00,-21.943050,-48.954090,10,0,-50
2026-08-31 01:29:07,#11,64,260,-0.00,15.00,0.00,1013.24,-0.0000,-0.0000,0.0000,-0.0000,-0.0048,-0.0547,-0.0001,0.00,0,0,0,-0.00,-21.943050,-48.954090,10,0,-50
2026-08-31 01:29:07,#11,64,261,-0.00,15.00,0.00,1013.24,-0.0000,-0.0000,0.0000,-0.0000,-0.0048,-0.0547,-0.0001,0.00,0,0,0,-0.00,-21.943050,-48.954090,10,0,-50
2026-08-31 01:29:08,#11,64,262,-0.00,15.00,0.00,1013.24,-0.0000,-0.0000,0.0000,-0.0000,-0.0048,-0.0547,-0.0001,0.00,0,0,0,-0.00,-21.943050,-48.954090,10,0,-50
2026-08-31 01:29:08,#11,64,263,-0.00,15.00,0.00,1013.24,-0.0000,-0.0000,0.0000,-0.0000,-0.0048,-0.0547,-0.0001,0.00,0,0,0,-0.00,-21.943050,-48.954090,10,0,-50
2026-08-31 01:29:09,#11,68,264,0.00,15.00,0.00,1013.24,0.0000,0.0000,-0.0000,0.0000,0.0235,0.2685,0.0004,0.00,0,0,0,0.00,-21.943050,-48.954090,10,0,-50
2026-08-31 01:29:09,#11,68,265,0.00,15.00,0.00,1013.24,0.0000,0.0000,-0.0000,0.0000,0.0235,0.2685,0.0004,0.00,0,0,0,0.00,-21.943050,-48.954090,10,0,-50
2026-08-31 01:29:10,#11,68,266,0.00,15.00,0.00,1013.24,0.0000,0.0000,-0.0000,0.0000,0.0235,0.2685,0.0004,0.00,0,0,0,0.00,-21.943050,-48.954090,10,0,-50
2026-08-31 01:29:10,#11,68,267,0.00,15.00,0.00,1013.24,0.0000,0.0000,-0.0000,0.0000,0.0235,0.2685,0.0004,0.00,0,0,0,0.00,-21.943050,-48.954090,10,0,-50
2026-08-31 01:29:11,#11,68,268,0.00,15.00,0.00,1013.24,0.0000,0.0000,-0.0000,0.0000,0.0235,0.2685,0.0004,0.00,0,0,0,0.00,-21.943050,-48.954090,10,0,-50
2026-08-31 01:29:11,#11,72,269,0.00,15.00,0.00,1013.24,-0.0000,-0.0000,0.0000,0.0000,0.1223,1.3974,0.0034,0.00,0,0,0,0.00,-21.943050,-48.954090,10,0,-50
2026-08-31 01:29:12,#11,72,270,0.00,15.00,0.00,1013.24,-0.0000,-0.0000,0.0000,0.0000,0.1320,1.5085,0.0038,0.00,0,0,0,0.00,-21.943050,-48.954090,10,0,-50
2026-08-31 01:29:12,#11,77,271,0.00,15.00,0.00,1013.24,0.0000,0.0000,-0.0000,0.0000,0.3426,3.9163,0.0180,0.00,0,0,0,0.00,-21.943050,-48.954090,10,0,-50
2026-08-31 01:29:13,#11,77,272,0.00,15.00,0.00,1013.24,0.0000,0.0000,-0.0000,0.0000,0.3426,3.9163,0.0180,0.00,0,0,0,0.00,-21.943050,-48.954090,10,0,-50
2026-08-31 01:29:13,#11,77,273,0.00,15.00,0.00,1013.24,0.0000,0.0000,-0.0000,0.0000,0.3426,3.9163,0.0180,0.00,0,0,0,0.00,-21.943050,-48.954090,10,0,-50
2026-08-31 01:29:14,#11,77,274,0.00,15.00,0.00,1013.24,0.0000,0.0000,-0.0000,0.0000,0.3426,3.9163,0.0180,0.00,0,0,0,0.00,-21.943050,-48.954090,10,0,-50
2026-08-31 01:29:14,#11,77,275,0.00,15.00,0.00,1013.24,0.0000,0.0000,-0.0000,0.0000,0.3426,3.9163,0.0180,0.00,0,0,0,0.00,-21.943050,-48.954090,10,0,-50
2026-08-31 01:29:15,#11,85,276,0.00,15.00,0.00,1013.24,-0.0000,-0.0000,0.0000,0.0000,0.6240,7.1323,0.0613,0.00,0,0,0,0.00,-21.943050,-48.954090,10,0,-50
2026-08-31 01:29:15,#11,91,277,0.00,15.00,0.00,1013.24,0.0000,0.0000,-0.0000,0.0000,0.8318,9.5076,0.1121,0.00,0,0,0,0.00,-21.943050,-48.954090,10,0,-50
2026-08-31 01:29:16,#11,91,278,0.00,15.00,0.00,1013.24,0.0000,0.0000,-0.0000,0.0000,0.8318,9.5076,0.1121,0.00,0,0,0,0.00,-21.943050,-48.954090,10,0,-50
2026-08-31 01:29:16,#11,91,279,0.00,15.00,0.00,1013.24,0.0000,0.0000,-0.0000,0.0000,0.8318,9.5076,0.1121,0.00,0,0,0,0.00,-21.943050,-48.954090,10,0,-50
2026-08-31 01:29:17,#11,97,280,0.00,15.00,0.00,1013.24,-0.0000,-0.0000,0.0000,0.0000,1.0471,11.9684,0.1788,0.00,0,0,0,0.00,-21.943050,-48.954090,10,0,-50
2026-08-31 01:29:17,#11,97,281,0.00,15.00,0.00,1013.24,-0.0000,-0.0000,0.0000,0.0000,1.0471,11.9684,0.1788,0.00,0,0,0,0.00,-21.943050,-48.954090,10,0,-50
2026-08-31 01:29:18,#11,97,282,0.00,15.00,0.00,1013.24,-0.0000,-0.0000,0.0000,0.0000,1.0471,11.9684,0.1788,0.00,0,0,0,0.00,-21.943050,-48.954090,10,0,-50
2026-08-31 01:29:18,#11,97,283,0.00,15.00,0.00,1013.24,-0.0000,-0.0000,0.0000,0.0000,1.0471,11.9684,0.1788,0.00,0,0,0,0.00,-21.943050,-48.954090,10,0,-50
2026-08-31 01:29:19,#11,98,284,0.00,15.00,0.00,1013.24,-0.0000,-0.0000,0.0000,0.0000,1.0821,12.3686,0.1909,0.00,0,0,0,0.00,-21.943050,-48.954090,10,0,-50
2026-08-31 01:29:19,#11,98,285,0.00,15.00,0.00,1013.24,-0.0000,-0.0000,0.0000,0.0000,1.0821,12.3686,0.1909,0.00,0,0,0,0.00,-21.943050,-48.954090,10,0,-50
2026-08-31 01:29:20,#11,98,286,0.00,15.00,0.00,1013.24,-0.0000,-0.0000,0.0000,0.0000,1.0821,12.3686,0.1909,0.00,0,0,0,0.00,-21.943050,-48.954090,10,0,-50
2026-08-31 01:29:20,#11,98,287,0.00,15.00,0.00,1013.24,-0.0000,-0.0000,0.0000,0.0000,1.0821,12.3686,0.1909,0.00,0,0,0,0.00,-21.943050,-48.954090,10,0,-50
2026-08-31 01:29:21,#11,98,288,0.00,15.00,0.00,1013.24,-0.0000,-0.0000,0.0000,0.0000,1.0821,12.3686,0.1909,0.00,0,0,0,0.00,-21.943050,-48.954090,10,0,-50
2026-08-31 01:29:21,#11,101,289,0.00,15.00,0.00,1013.24,-0.0000,-0.0000,0.0000,0.0000,1.1733,13.4106,0.2244,0.00,0,0,0,0.00,-21.943050,-48.954090,10,0,-50
2026-08-31 01:29:22,#11,101,290,0.00,15.00,0.00,1013.24,-0.0000,-0.0000,0.0000,0.0000,1.1733,13.4106,0.2244,0.00,0,0,0,0.00,-21.943050,-48.954090,10,0,-50
2026-08-31 01:29:22,#11,101,291,0.00,15.00,0.00,1013.24,-0.0000,-0.0000,0.0000,0.0000,1.1733,13.4106,0.2244,0.00,0,0,0,0.00,-21.943050,-48.954090,10,0,-50
2026-08-31 01:29:23,#11,101,292,0.00,15.00,0.00,1013.24,-0.0000,-0.0000,0.0000,0.0000,1.1733,13.4106,0.2244,0.00,0,0,0,0.00,-21.943050,-48.954090,10,0,-50
2026-08-31 01:29:23,#11,105,293,0.00,15.00,0.00,1013.24,0.0000,0.0000,-0.0000,0.0000,1.3264,15.1605,0.2859,0.00,0,0,0,0.00,-21.943050,-48.954090,10,0,-50
2026-08-31 01:29:24,#11,105,294,0.00,15.00,0.00,1013.24,0.0000,0.0000,-0.0000,0.0000,1.3264,15.1605,0.2859,0.00,0,0,0,0.00,-21.943050,-48.954090,10,0,-50
2026-08-31 01:29:24,#11,105,295,0.00,15.00,0.00,1013.24,0.0000,0.0000,-0.0000,0.0000,1.3264,15.1605,0.2859,0.00,0,0,0,0.00,-21.943050,-48.954090,10,0,-50
2026-08-31 01:29:25,#11,105,296,0.00,15.00,0.00,1013.24,0.0000,0.0000,-0.0000,0.0000,1.3264,15.1605,0.2859,0.00,0,0,0,0.00,-21.943050,-48.954090,10,0,-50
2026-08-31 01:29:25,#11,105,297,0.00,15.00,0.00,1013.24,0.0000,0.0000,-0.0000,0.0000,1.3264,15.1605,0.2859,0.00,0,0,0,0.00,-21.943050,-48.954090,10,0,-50
2026-08-31 01:29:26,#11,105,298,0.00,15.00,0.00,1013.24,0.0000,0.0000,-0.0000,0.0000,1.3264,15.1605,0.2859,0.00,0,0,0,0.00,-21.943050,-48.954090,10,0,-50
2026-08-31 01:29:26,#11,105,299,0.00,15.00,0.00,1013.24,0.0000,0.0000,-0.0000,0.0000,1.3264,15.1605,0.2859,0.00,0,0,0,0.00,-21.943050,-48.954090,10,0,-50
2026-08-31 01:29:27,#11,105,300,0.00,15.00,0.00,1013.24,0.0000,0.0000,-0.0000,0.0000,1.3264,15.1605,0.2859,0.00,0,0,0,0.00,-21.943050,-48.954090,10,0,-50
2026-08-31 01:29:27,#11,109,301,0.00,15.00,0.00,1013.24,0.0000,0.0000,-0.0000,0.0000,1.4612,16.7011,0.3459,0.00,0,0,0,0.00,-21.943050,-48.954090,10,0,-50
2026-08-31 01:29:28,#11,109,302,0.00,15.00,0.00,1013.24,0.0000,0.0000,-0.0000,0.0000,1.4612,16.7011,0.3459,0.00,0,0,0,0.00,-21.943050,-48.954090,10,0,-50
2026-08-31 01:29:28,#11,109,303,0.00,15.00,0.00,1013.24,0.0000,0.0000,-0.0000,0.0000,1.4612,16.7011,0.3459,0.00,0,0,0,0.00,-21.943050,-48.954090,10,0,-50
2026-08-31 01:29:29,#11,109,304,0.00,15.00,0.00,1013.24,0.0000,0.0000,-0.0000,0.0000,1.4612,16.7011,0.3459,0.00,0,0,0,0.00,-21.943050,-48.954090,10,0,-50
2026-08-31 01:29:29,#11,109,305,0.00,15.00,0.00,1013.24,0.0000,0.0000,-0.0000,0.0000,1.4612,16.7011,0.3459,0.00,0,0,0,0.00,-21.943050,-48.954090,10,0,-50
2026-08-31 01:29:30,#11,109,306,0.00,15.00,0.00,1013.24,0.0000,0.0000,-0.0000,0.0000,1.4612,16.7011,0.3459,0.00,0,0,0,0.00,-21.943050,-48.954090,10,0,-50
2026-08-31 01:29:30,#11,118,307,0.01,15.00,0.00,1013.24,-0.0000,-0.0000,0.0000,0.0000,1.7744,20.2814,0.5177,0.01,1,0,0,0.01,-21.943050,-48.954090,10,0,-50
2026-08-31 01:29:31,#11,118,308,0.01,15.00,0.00,1013.24,-0.0000,-0.0000,0.0000,0.0000,1.7744,20.2814,0.5177,0.01,1,0,0,0.01,-21.943050,-48.954090,10,0,-50
2026-08-31 01:29:31,#11,118,309,0.01,15.00,0.00,1013.24,-0.0000,-0.0000,0.0000,0.0000,1.7744,20.2814,0.5177,0.01,1,0,0,0.01,-21.943050,-48.954090,10,0,-50
2026-08-31 01:29:32,#11,118,310,0.01,15.00,0.00,1013.24,-0.0000,-0.0000,0.0000,0.0000,1.7744,20.2814,0.5177,0.01,1,0,0,0.01,-21.943050,-48.954090,10,0,-50
2026-08-31 01:29:32,#11,118,311,0.01,15.00,0.00,1013.24,-0.0000,-0.0000,0.0000,0.0000,1.7744,20.2814,0.5177,0.01,1,0,0,0.01,-21.943050,-48.954090,10,0,-50
2026-08-31 01:29:33,#11,118,312,0.01,15.00,0.00,1013.24,-0.0000,-0.0000,0.0000,0.0000,1.7744,20.2814,0.5177,0.01,1,0,0,0.01,-21.943050,-48.954090,10,0,-50
2026-08-31 01:29:33,#11,139,313,0.02,15.00,0.00,1013.23,0.0000,0.0000,-0.0000,0.0000,2.0943,23.9384,0.9910,0.02,1,0,0,0.02,-21.943050,-48.954090,10,0,-50
2026-08-31 01:29:34,#11,145,314,0.03,15.00,0.00,1013.23,-0.0000,-0.0000,0.0000,0.0000,2.1483,24.5553,1.1216,0.03,1,0,0,0.03,-21.943050,-48.954090,10,0,-50
2026-08-31 01:29:34,#11,145,315,0.03,15.00,0.00,1013.23,-0.0000,-0.0000,0.0000,0.0000,2.1483,24.5553,1.1216,0.03,1,0,0,0.03,-21.943050,-48.954090,10,0,-50
2026-08-31 01:29:35,#11,145,316,0.03,15.00,0.00,1013.23,-0.0000,-0.0000,0.0000,0.0000,2.1483,24.5553,1.1216,0.03,1,0,0,0.03,-21.943050,-48.954090,10,0,-50
2026-08-31 01:29:35,#11,145,317,0.03,15.00,0.00,1013.23,-0.0000,-0.0000,0.0000,0.0000,2.1485,24.5575,1.1222,0.03,1,0,0,0.03,-21.943050,-48.954090,10,0,-50
2026-08-31 01:29:36,#11,145,318,0.03,15.00,0.00,1013.23,-0.0000,-0.0000,0.0000,0.0000,2.1485,24.5575,1.1222,0.03,1,0,0,0.03,-21.943050,-48.954090,10,0,-50
2026-08-31 01:29:36,#11,145,319,0.03,15.00,0.00,1013.23,-0.0000,-0.0000,0.0000,0.0000,2.1485,24.5575,1.1222,0.03,1,0,0,0.03,-21.943050,-48.954090,10,0,-50
2026-08-31 01:29:37,#11,145,320,0.03,15.00,0.00,1013.23,-0.0000,-0.0000,0.0000,0.0000,2.1485,24.5575,1.1222,0.03,1,0,0,0.03,-21.943050,-48.954090,10,0,-50
2026-08-31 01:29:37,#11,146,321,0.03,15.00,0.00,1013.23,-0.0000,-0.0000,0.0000,0.0000,2.1557,24.6394,1.1440,0.03,1,0,0,0.03,-21.943050,-48.954090,10,0,-50
2026-08-31 01:29:38,#11,146,322,0.03,15.00,0.00,1013.23,-0.0000,-0.0000,0.0000,0.0000,2.1557,24.6394,1.1440,0.03,1,0,0,0.03,-21.943050,-48.954090,10,0,-50
2026-08-31 01:29:38,#11,146,323,0.03,15.00,0.00,1013.23,-0.0000,-0.0000,0.0000,0.0000,2.1557,24.6394,1.1440,0.03,1,0,0,0.03,-21.943050,-48.954090,10,0,-50
2026-08-31 01:29:39,#11,146,324,0.03,15.00,0.00,1013.23,-0.0000,-0.0000,0.0000,0.0000,2.1557,24.6394,1.1440,0.03,1,0,0,0.03,-21.943050,-48.954090,10,0,-50
2026-08-31 01:29:39,#11,164,325,0.06,15.00,0.00,1013.23,0.0000,0.0000,-0.0000,0.0000,2.2584,25.8140,1.5990,0.06,1,0,0,0.06,-21.943050,-48.954090,10,0,-50
2026-08-31 01:29:40,#11,164,326,0.06,15.00,0.00,1013.23,0.0000,0.0000,-0.0000,0.0000,2.2584,25.8140,1.5990,0.06,1,0,0,0.06,-21.943050,-48.954090,10,0,-50
2026-08-31 01:29:40,#11,164,327,0.06,15.00,0.00,1013.23,0.0000,0.0000,-0.0000,0.0000,2.2584,25.8140,1.5990,0.06,1,0,0,0.06,-21.943050,-48.954090,10,0,-50
2026-08-31 01:29:41,#11,164,328,0.06,15.00,0.00,1013.23,0.0000,0.0000,-0.0000,0.0000,2.2584,25.8140,1.5990,0.06,1,0,0,0.06,-21.943050,-48.954090,10,0,-50
2026-08-31 01:29:41,#11,174,329,0.07,15.00,0.00,1013.23,-0.0000,-0.0000,0.0000,0.0000,2.3042,26.3376,1.8652,0.07,1,0,0,0.07,-21.943050,-48.954090,10,0,-50
2026-08-31 01:29:42,#11,174,330,0.07,15.00,0.00,1013.23,-0.0000,-0.0000,0.0000,0.0000,2.3042,26.3376,1.8652,0.07,1,0,0,0.07,-21.943050,-48.954090,10,0,-50
2026-08-31 01:29:42,#11,174,331,0.07,15.00,0.00,1013.23,-0.0000,-0.0000,0.0000,0.0000,2.3042,26.3376,1.8652,0.07,1,0,0,0.07,-21.943050,-48.954090,10,0,-50
2026-08-31 01:29:43,#11,174,332,0.07,15.00,0.00,1013.23,-0.0000,-0.0000,0.0000,0.0000,2.3042,26.3376,1.8652,0.07,1,0,0,0.07,-21.943050,-48.954090,10,0,-50
2026-08-31 01:29:43,#11,174,333,0.07,15.00,0.00,1013.23,-0.0000,-0.0000,0.0000,0.0000,2.3042,26.3376,1.8652,0.07,1,0,0,0.07,-21.943050,-48.954090,10,0,-50
2026-08-31 01:29:44,#11,174,334,0.07,15.00,0.00,1013.23,-0.0000,-0.0000,0.0000,0.0000,2.3057,26.3548,1.8752,0.07,1,0,0,0.07,-21.943050,-48.954090,10,0,-50
2026-08-31 01:29:44,#11,174,335,0.07,15.00,0.00,1013.23,-0.0000,-0.0000,0.0000,0.0000,2.3057,26.3548,1.8752,0.07,1,0,0,0.07,-21.943050,-48.954090,10,0,-50
2026-08-31 01:29:45,#11,174,336,0.07,15.00,0.00,1013.23,-0.0000,-0.0000,0.0000,0.0000,2.3057,26.3548,1.8752,0.07,1,0,0,0.07,-21.943050,-48.954090,10,0,-50
2026-08-31 01:29:45,#11,174,337,0.07,15.00,0.00,1013.23,-0.0000,-0.0000,0.0000,0.0000,2.3057,26.3548,1.8752,0.07,1,0,0,0.07,-21.943050,-48.954090,10,0,-50
2026-08-31 01:29:46,#11,174,338,0.07,15.00,0.00,1013.23,-0.0000,-0.0000,0.0000,0.0000,2.3057,26.3548,1.8752,0.07,1,0,0,0.07,-21.943050,-48.954090,10,0,-50
2026-08-31 01:29:46,#11,177,339,0.08,15.00,0.00,1013.23,-0.0000,-0.0000,0.0000,0.0000,2.3184,26.4989,1.9586,0.08,1,0,0,0.08,-21.943050,-48.954090,10,0,-50
2026-08-31 01:29:47,#11,177,340,0.08,15.00,0.00,1013.23,-0.0000,-0.0000,0.0000,0.0000,2.3184,26.4989,1.9586,0.08,1,0,0,0.08,-21.943050,-48.954090,10,0,-50
2026-08-31 01:29:47,#11,177,341,0.08,15.00,0.00,1013.23,-0.0000,-0.0000,0.0000,0.0000,2.3184,26.4989,1.9586,0.08,1,0,0,0.08,-21.943050,-48.954090,10,0,-50
2026-08-31 01:29:48,#11,177,342,0.08,15.00,0.00,1013.23,-0.0000,-0.0000,0.0000,0.0000,2.3184,26.4989,1.9586,0.08,1,0,0,0.08,-21.943050,-48.954090,10,0,-50
2026-08-31 01:29:48,#11,177,343,0.08,15.00,0.00,1013.23,-0.0000,-0.0000,0.0000,0.0000,2.3184,26.4989,1.9586,0.08,1,0,0,0.08,-21.943050,-48.954090,10,0,-50
2026-08-31 01:29:49,#11,177,344,0.08,15.00,0.00,1013.23,-0.0000,-0.0000,0.0000,0.0000,2.3184,26.4989,1.9586,0.08,1,0,0,0.08,-21.943050,-48.954090,10,0,-50
2026-08-31 01:29:49,#11,177,345,0.08,15.00,0.00,1013.23,-0.0000,-0.0000,0.0000,0.0000,2.3184,26.4989,1.9586,0.08,1,0,0,0.08,-21.943050,-48.954090,10,0,-50
2026-08-31 01:29:50,#11,177,346,0.08,15.00,0.00,1013.23,-0.0000,-0.0000,0.0000,0.0000,2.3184,26.4989,1.9586,0.08,1,0,0,0.08,-21.943050,-48.954090,10,0,-50
2026-08-31 01:29:50,#11,184,347,0.09,15.00,0.00,1013.23,0.0000,0.0000,-0.0000,0.0000,2.3491,26.8506,2.1348,0.09,1,0,0,0.09,-21.943050,-48.954090,10,0,-50
2026-08-31 01:29:51,#11,212,348,0.17,15.00,0.00,1013.23,-0.0000,-0.0000,0.0000,0.0000,2.5627,29.2913,2.9222,0.17,1,0,0,0.17,-21.943050,-48.954090,10,0,-50
2026-08-31 01:29:51,#11,212,349,0.17,15.00,0.00,1013.23,-0.0000,-0.0000,0.0000,0.0000,2.5627,29.2913,2.9222,0.17,1,0,0,0.17,-21.943050,-48.954090,10,0,-50
2026-08-31 01:29:52,#11,212,350,0.17,15.00,0.00,1013.23,-0.0000,-0.0000,0.0000,0.0000,2.5627,29.2913,2.9222,0.17,1,0,0,0.17,-21.943050,-48.954090,10,0,-50
2026-08-31 01:29:52,#11,212,351,0.17,15.00,0.00,1013.23,-0.0000,-0.0000,0.0000,0.0000,2.5627,29.2913,2.9222,0.17,1,0,0,0.17,-21.943050,-48.954090,10,0,-50
2026-08-31 01:29:53,#11,212,352,0.17,15.00,0.00,1013.23,-0.0000,-0.0000,0.0000,0.0000,2.5627,29.2913,2.9222,0.17,1,0,0,0.17,-21.943050,-48.954090,10,0,-50
2026-08-31 01:29:53,#11,215,353,0.17,15.00,0.00,1013.22,-0.0000,-0.0000,0.0000,0.0000,2.5932,29.6407,3.0128,0.17,1,0,0,0.17,-21.943050,-48.954090,10,0,-50
2026-08-31 01:29:54,#11,252,354,0.31,15.00,0.00,1013.22,0.0000,0.0000,-0.0000,0.0000,3.0553,34.9223,4.1928,0.31,1,0,0,0.31,-21.943050,-48.954090,10,0,-50
2026-08-31 01:29:54,#11,252,355,0.31,15.00,0.00,1013.22,0.0000,0.0000,-0.0000,0.0000,3.0553,34.9223,4.1928,0.31,1,0,0,0.31,-21.943050,-48.954090,10,0,-50
2026-08-31 01:29:55,#11,252,356,0.31,15.00,0.00,1013.22,0.0000,0.0000,-0.0000,0.0000,3.0553,34.9223,4.1928,0.31,1,0,0,0.31,-21.943050,-48.954090,10,0,-50
2026-08-31 01:29:55,#11,252,357,0.31,15.00,0.00,1013.22,0.0000,0.0000,-0.0000,0.0000,3.0553,34.9223,4.1928,0.31,1,0,0,0.31,-21.943050,-48.954090,10,0,-50
2026-08-31 01:29:56,#11,266,358,0.37,15.00,0.00,1013.22,-0.0000,-0.0000,0.0000,0.0000,3.1726,36.2633,4.7168,0.37,1,0,0,0.37,-21.943050,-48.954090,10,0,-50
2026-08-31 01:29:56,#11,266,359,0.37,15.00,0.00,1013.22,-0.0000,-0.0000,0.0000,0.0000,3.1726,36.2633,4.7168,0.37,1,0,0,0.37,-21.943050,-48.954090,10,0,-50
2026-08-31 01:29:57,#11,266,360,0.37,15.00,0.00,1013.22,-0.0000,-0.0000,0.0000,0.0000,3.1726,36.2633,4.7168,0.37,1,0,0,0.37,-21.943050,-48.954090,10,0,-50
2026-08-31 01:29:57,#11,266,361,0.37,15.00,0.00,1013.22,-0.0000,-0.0000,0.0000,0.0000,3.1726,36.2633,4.7168,0.37,1,0,0,0.37,-21.943050,-48.954090,10,0,-50
2026-08-31 01:29:58,#11,281,362,0.44,15.00,0.00,1013.22,0.0000,0.0000,-0.0000,0.0000,3.2715,37.3936,5.2564,0.44,1,0,0,0.44,-21.943050,-48.954090,10,0,-50
2026-08-31 01:29:58,#11,281,363,0.44,15.00,0.00,1013.22,0.0000,0.0000,-0.0000,0.0000,3.2715,37.3936,5.2564,0.44,1,0,0,0.44,-21.943050,-48.954090,10,0,-50
2026-08-31 01:29:59,#11,493,364,2.62,15.00,0.00,1013.19,0.0000,0.0000,-0.0000,0.0037,4.5004,66.3873,16.2415,2.62,1,0,0,2.62,-21.943048,-48.954090,10,0,-50
2026-08-31 01:29:59,#11,493,365,2.62,15.00,0.00,1013.19,0.0000,0.0000,-0.0000,0.0037,4.5004,66.3873,16.2415,2.62,1,0,0,2.62,-21.943048,-48.954090,10,0,-50
2026-08-31 01:30:00,#11,493,366,2.62,15.00,0.00,1013.19,0.0000,0.0000,-0.0000,0.0037,4.5004,66.3873,16.2415,2.62,1,0,0,2.62,-21.943048,-48.954090,10,0,-50
2026-08-31 01:30:00,#11,493,367,2.62,15.00,0.00,1013.19,0.0000,0.0000,-0.0000,0.0037,4.5004,66.3873,16.2415,2.62,1,0,0,2.62,-21.943048,-48.954090,10,0,-50
2026-08-31 01:30:01,#11,534,368,3.34,15.00,0.00,1013.19,-0.0001,-0.0001,-0.0000,-0.0028,7.1840,72.3738,19.0728,3.34,1,0,0,3.34,-21.943047,-48.954090,10,0,-50
2026-08-31 01:30:01,#11,534,369,3.34,15.00,0.00,1013.19,-0.0001,-0.0001,-0.0000,-0.0028,7.1840,72.3738,19.0728,3.34,1,0,0,3.34,-21.943047,-48.954090,10,0,-50
2026-08-31 01:30:02,#11,534,370,3.34,15.00,0.00,1013.19,-0.0001,-0.0001,-0.0000,-0.0028,7.1840,72.3738,19.0728,3.34,1,0,0,3.34,-21.943047,-48.954090,10,0,-50
2026-08-31 01:30:02,#11,559,371,3.84,15.00,0.00,1013.18,-0.0002,-0.0002,-0.0000,-0.0030,7.4228,75.1357,20.9218,3.84,1,0,0,3.84,-21.943047,-48.954090,10,0,-50
2026-08-31 01:30:03,#11,559,372,3.84,15.00,0.00,1013.18,-0.0002,-0.0002,-0.0000,-0.0030,7.4228,75.1357,20.9218,3.84,1,0,0,3.84,-21.943047,-48.954090,10,0,-50
2026-08-31 01:30:03,#11,559,373,3.84,15.00,0.00,1013.18,-0.0002,-0.0002,-0.0000,-0.0030,7.4228,75.1357,20.9218,3.84,1,0,0,3.84,-21.943047,-48.954090,10,0,-50
2026-08-31 01:30:04,#11,560,374,3.86,15.00,0.00,1013.18,-0.0002,-0.0002,-0.0000,-0.0030,7.4310,75.2294,20.9652,3.86,1,0,0,3.86,-21.943047,-48.954090,10,0,-50
2026-08-31 01:30:04,#11,560,375,3.86,15.00,0.00,1013.18,-0.0002,-0.0002,-0.0000,-0.0030,7.4310,75.2294,20.9652,3.86,1,0,0,3.86,-21.943047,-48.954090,10,0,-50
2026-08-31 01:30:05,#11,560,376,3.86,15.00,0.00,1013.18,-0.0002,-0.0002,-0.0000,-0.0030,7.4310,75.2294,20.9652,3.86,1,0,0,3.86,-21.943047,-48.954090,10,0,-50
2026-08-31 01:30:05,#11,2109,377,148.66,14.99,0.00,1013.00,-0.0065,-0.0067,-0.0000,-0.0229,1.4701,4.9056,140.0893,148.66,1,0,0,148.66,-21.942916,-48.954090,10,0,-50
2026-08-31 01:30:06,#11,2109,378,148.66,14.99,0.00,1013.00,-0.0065,-0.0067,-0.0000,-0.0229,1.4701,4.9056,140.0893,148.66,1,0,0,148.66,-21.942916,-48.954090,10,0,-50
2026-08-31 01:30:06,#11,2109,379,148.66,14.99,0.00,1013.00,-0.0065,-0.0067,-0.0000,-0.0229,1.4701,4.9056,140.0893,148.66,1,0,0,148.66,-21.942916,-48.954090,10,0,-50
2026-08-31 01:30:07,#11,5260,380,531.89,14.97,0.00,1012.63,-0.0090,-0.0093,-0.0000,-0.0109,-0.5577,-13.7664,98.4480,531.89,1,0,0,531.89,-21.942511,-48.954092,10,0,-50
2026-08-31 01:30:07,#11,5260,381,531.89,14.97,0.00,1012.63,-0.0090,-0.0093,-0.0000,-0.0109,-0.5577,-13.7664,98.4480,531.89,1,0,0,531.89,-21.942511,-48.954092,10,0,-50
2026-08-31 01:30:08,#11,5260,382,531.89,14.97,0.00,1012.63,-0.0090,-0.0093,-0.0000,-0.0109,-0.5577,-13.7664,98.4480,531.89,1,0,0,531.89,-21.942511,-48.954092,10,0,-50
2026-08-31 01:30:08,#11,11211,383,903.56,14.93,0.00,1011.93,-0.0661,-0.0676,-0.0000,-0.0022,-0.2066,-10.1236,29.9654,903.56,1,0,0,903.56,-21.941861,-48.954097,10,0,-50
2026-08-31 01:30:09,#11,11593,384,914.28,14.92,0.00,1011.89,-0.0803,-0.0821,-0.0000,-0.0017,-0.2018,-10.0313,26.1102,914.28,1,0,0,914.28,-21.941823,-48.954098,10,0,-50
2026-08-31 01:30:09,#11,11593,385,914.28,14.92,0.00,1011.89,-0.0803,-0.0821,-0.0000,-0.0017,-0.2018,-10.0313,26.1102,914.28,1,0,0,914.28,-21.941823,-48.954098,10,0,-50
2026-08-31 01:30:10,#11,11593,386,914.28,14.92,0.00,1011.89,-0.0803,-0.0821,-0.0000,-0.0017,-0.2018,-10.0313,26.1102,914.28,1,0,0,914.28,-21.941823,-48.954098,10,0,-50
2026-08-31 01:30:10,#11,11593,387,914.28,14.92,0.00,1011.89,-0.0803,-0.0821,-0.0000,-0.0017,-0.2018,-10.0313,26.1102,914.28,1,0,0,914.28,-21.941823,-48.954098,10,0,-50
2026-08-31 01:30:11,#11,17481,388,922.72,14.89,0.00,1011.20,-0.7704,-0.7896,-0.0019,0.0137,-1.2592,-0.0660,-8.7958,922.72,5,0,0,922.72,-21.941362,-48.954103,10,1,-50
2026-08-31 01:30:11,#11,2,1,0.00,15.00,0.00,1013.25,0.0000,0.0000,-0.0000,0.0000,0.0000,0.0000,0.0000,0.00,0,0,0,0.00,-21.943050,-48.954090,10,0,-50
2026-08-31 01:30:12,#11,2,2,0.00,15.00,0.00,1013.25,0.0000,0.0000,-0.0000,0.0000,0.0000,0.0000,0.0000,0.00,0,0,0,0.00,-21.943050,-48.954090,10,0,-50
2026-08-31 01:30:12,#11,2,3,0.00,15.00,0.00,1013.25,0.0000,0.0000,-0.0000,0.0000,0.0000,0.0000,0.0000,0.00,0,0,0,0.00,-21.943050,-48.954090,10,0,-50
2026-08-31 01:30:13,#11,2,4,0.00,15.00,0.00,1013.25,0.0000,0.0000,-0.0000,0.0000,0.0000,0.0000,0.0000,0.00,0,0,0,0.00,-21.943050,-48.954090,10,0,-50
2026-08-31 01:30:13,#11,2,5,0.00,15.00,0.00,1013.25,0.0000,0.0000,-0.0000,0.0000,0.0000,0.0000,0.0000,0.00,0,0,0,0.00,-21.943050,-48.954090,10,0,-50
2026-08-31 01:30:14,#11,3,6,0.00,15.00,0.00,1013.25,0.0000,0.0000,0.0000,0.0000,0.0000,0.0000,0.0000,0.00,0,0,0,0.00,-21.943050,-48.954090,10,0,-50
2026-08-31 01:30:14,#11,3,7,0.00,15.00,0.00,1013.25,0.0000,0.0000,0.0000,0.0000,0.0000,0.0000,0.0000,0.00,0,0,0,0.00,-21.943050,-48.954090,10,0,-50
2026-08-31 01:30:15,#11,3,8,-0.00,15.00,0.00,1013.25,-0.0000,-0.0000,0.0000,-0.0000,-0.0000,-0.0000,-0.0000,0.00,0,0,0,-0.00,-21.943050,-48.954090,10,0,-50
2026-08-31 01:30:15,#11,3,9,-0.00,15.00,0.00,1013.25,-0.0000,-0.0000,0.0000,-0.0000,-0.0000,-0.0000,-0.0000,0.00,0,0,0,-0.00,-21.943050,-48.954090,10,0,-50
2026-08-31 01:30:16,#11,3,10,-0.00,15.00,0.00,1013.25,-0.0000,-0.0000,0.0000,-0.0000,-0.0000,-0.0000,-0.0000,0.00,0,0,0,-0.00,-21.943050,-48.954090,10,0,-50
2026-08-31 01:30:16,#11,3,11,-0.00,15.00,0.00,1013.25,-0.0000,-0.0000,0.0000,-0.0000,-0.0000,-0.0000,-0.0000,0.00,0,0,0,-0.00,-21.943050,-48.954090,10,0,-50
2026-08-31 01:30:17,#11,3,12,-0.00,15.00,0.00,1013.25,-0.0000,-0.0000,0.0000,-0.0000,-0.0000,-0.0000,-0.0000,0.00,0,0,0,-0.00,-21.943050,-48.954090,10,0,-50
2026-08-31 01:30:17,#11,3,13,-0.00,15.00,0.00,1013.25,-0.0000,-0.0000,0.0000,-0.0000,-0.0000,-0.0000,-0.0000,0.00,0,0,0,-0.00,-21.943050,-48.954090,10,0,-50
2026-08-31 01:30:18,#11,4,14,-0.00,15.00,0.00,1013.25,-0.0000,-0.0000,0.0000,-0.0000,-0.0000,-0.0000,-0.0000,0.00,0,0,0,-0.00,-21.943050,-48.954090,10,0,-50
2026-08-31 01:30:18,#11,4,15,-0.00,15.00,0.00,1013.25,-0.0000,-0.0000,0.0000,-0.0000,-0.0000,-0.0000,-0.0000,0.00,0,0,0,-0.00,-21.943050,-48.954090,10,0,-50
2026-08-31 01:30:19,#11,4,16,-0.00,15.00,0.00,1013.25,-0.0000,-0.0000,0.0000,-0.0000,-0.0000,-0.0000,-0.0000,0.00,0,0,0,-0.00,-21.943050,-48.954090,10,0,-50
2026-08-31 01:30:19,#11,4,17,-0.00,15.00,0.00,1013.25,-0.0000,-0.0000,0.0000,-0.0000,-0.0000,-0.0000,-0.0000,0.00,0,0,0,-0.00,-21.943050,-48.954090,10,0,-50
2026-08-31 01:30:20,#11,4,18,-0.00,15.00,0.00,1013.25,-0.0000,-0.0000,0.0000,-0.0000,-0.0000,-0.0000,-0.0000,0.00,0,0,0,-0.00,-21.943050,-48.954090,10,0,-50
2026-08-31 01:30:20,#11,4,19,-0.00,15.00,0.00,1013.25,-0.0000,-0.0000,0.0000,-0.0000,-0.0000,-0.0000,-0.0000,0.00,0,0,0,-0.00,-21.943050,-48.954090,10,0,-50
2026-08-31 01:30:21,#11,4,20,-0.00,15.00,0.00,1013.25,-0.0000,-0.0000,0.0000,-0.0000,-0.0000,-0.0000,-0.0000,0.00,0,0,0,-0.00,-21.943050,-48.954090,10,0,-50
2026-08-31 01:30:21,#11,4,21,-0.00,15.00,0.00,1013.25,-0.0000,-0.0000,0.0000,-0.0000,-0.0000,-0.0000,-0.0000,0.00,0,0,0,-0.00,-21.943050,-48.954090,10,0,-50
2026-08-31 01:30:22,#11,4,22,-0.00,15.00,0.00,1013.25,-0.0000,-0.0000,0.0000,-0.0000,-0.0000,-0.0000,-0.0000,0.00,0,0,0,-0.00,-21.943050,-48.954090,10,0,-50
2026-08-31 01:30:22,#11,5,23,-0.00,15.00,0.00,1013.25,-0.0000,-0.0000,0.0000,-0.0000,-0.0000,-0.0000,-0.0000,0.00,0,0,0,-0.00,-21.943050,-48.954090,10,0,-50
2026-08-31 01:30:23,#11,5,24,-0.00,15.00,0.00,1013.25,-0.0000,-0.0000,0.0000,-0.0000,-0.0000,-0.0000,-0.0000,0.00,0,0,0,-0.00,-21.943050,-48.954090,10,0,-50
2026-08-31 01:30:23,#11,5,25,-0.00,15.00,0.00,1013.25,-0.0000,-0.0000,0.0000,-0.0000,-0.0000,-0.0000,-0.0000,0.00,0,0,0,-0.00,-21.943050,-48.954090,10,0,-50
2026-08-31 01:30:24,#11,5,26,-0.00,15.00,0.00,1013.25,-0.0000,-0.0000,0.0000,-0.0000,-0.0000,-0.0000,-0.0000,0.00,0,0,0,-0.00,-21.943050,-48.954090,10,0,-50
2026-08-31 01:30:24,#11,5,27,-0.00,15.00,0.00,1013.25,-0.0000,-0.0000,0.0000,-0.0000,-0.0000,-0.0000,-0.0000,0.00,0,0,0,-0.00,-21.943050,-48.954090,10,0,-50
2026-08-31 01:30:25,#11,5,28,-0.00,15.00,0.00,1013.25,-0.0000,-0.0000,0.0000,-0.0000,-0.0000,-0.0000,-0.0000,0.00,0,0,0,-0.00,-21.943050,-48.954090,10,0,-50
2026-08-31 01:30:25,#11,5,29,-0.00,15.00,0.00,1013.25,-0.0000,-0.0000,0.0000,-0.0000,-0.0000,-0.0000,-0.0000,0.00,0,0,0,-0.00,-21.943050,-48.954090,10,0,-50
2026-08-31 01:30:26,#11,5,30,-0.00,15.00,0.00,1013.25,-0.0000,-0.0000,0.0000,-0.0000,-0.0000,-0.0000,-0.0000,0.00,0,0,0,-0.00,-21.943050,-48.954090,10,0,-50
2026-08-31 01:30:26,#11,5,31,-0.00,15.00,0.00,1013.25,-0.0000,-0.0000,0.0000,-0.0000,-0.0000,-0.0000,-0.0000,0.00,0,0,0,-0.00,-21.943050,-48.954090,10,0,-50
2026-08-31 01:30:27,#11,5,32,-0.00,15.00,0.00,1013.25,-0.0000,-0.0000,0.0000,-0.0000,-0.0000,-0.0000,-0.0000,0.00,0,0,0,-0.00,-21.943050,-48.954090,10,0,-50
2026-08-31 01:30:27,#11,5,33,-0.00,15.00,0.00,1013.25,-0.0000,-0.0000,0.0000,-0.0000,-0.0000,-0.0000,-0.0000,0.00,0,0,0,-0.00,-21.943050,-48.954090,10,0,-50
2026-08-31 01:30:28,#11,5,34,-0.00,15.00,0.00,1013.25,-0.0000,-0.0000,0.0000,-0.0000,-0.0000,-0.0000,-0.0000,0.00,0,0,0,-0.00,-21.943050,-48.954090,10,0,-50
2026-08-31 01:30:28,#11,5,35,-0.00,15.00,0.00,1013.25,-0.0000,-0.0000,0.0000,-0.0000,-0.0000,-0.0000,-0.0000,0.00,0,0,0,-0.00,-21.943050,-48.954090,10,0,-50
2026-08-31 01:30:29,#11,5,36,-0.00,15.00,0.00,1013.25,-0.0000,-0.0000,0.0000,-0.0000,-0.0000,-0.0000,-0.0000,0.00,0,0,0,-0.00,-21.943050,-48.954090,10,0,-50
2026-08-31 01:30:29,#11,5,37,-0.00,15.00,0.00,1013.25,-0.0000,-0.0000,0.0000,-0.0000,-0.0000,-0.0000,-0.0000,0.00,0,0,0,-0.00,-21.943050,-48.954090,10,0,-50
2026-08-31 01:30:30,#11,5,38,-0.00,15.00,0.00,1013.25,-0.0000,-0.0000,0.0000,-0.0000,-0.0000,-0.0000,-0.0000,0.00,0,0,0,-0.00,-21.943050,-48.954090,10,0,-50
2026-08-31 01:30:30,#11,6,39,-0.00,15.00,0.00,1013.25,-0.0000,-0.0000,0.0000,-0.0000,-0.0000,-0.0000,-0.0000,0.00,0,0,0,-0.00,-21.943050,-48.954090,10,0,-50
2026-08-31 01:30:31,#11,6,40,-0.00,15.00,0.00,1013.25,-0.0000,-0.0000,0.0000,-0.0000,-0.0000,-0.0000,-0.0000,0.00,0,0,0,-0.00,-21.943050,-48.954090,10,0,-50
2026-08-31 01:30:31,#11,6,41,-0.00,15.00,0.00,1013.25,-0.0000,-0.0000,0.0000,-0.0000,-0.0000,-0.0000,-0.0000,0.00,0,0,0,-0.00,-21.943050,-48.954090,10,0,-50
2026-08-31 01:30:32,#11,6,42,-0.00,15.00,0.00,1013.25,-0.0000,-0.0000,0.0000,-0.0000,-0.0000,-0.0000,-0.0000,0.00,0,0,0,-0.00,-21.943050,-48.954090,10,0,-50
2026-08-31 01:30:32,#11,6,43,0.00,15.00,0.00,1013.25,0.0000,-0.0000,0.0000,0.0000,0.0000,0.0000,0.0000,0.00,0,0,0,0.00,-21.943050,-48.954090,10,0,-50
2026-08-31 01:30:33,#11,6,44,0.00,15.00,0.00,1013.25,0.0000,0.0000,-0.0000,0.0000,0.0000,0.0000,0.0000,0.00,0,0,0,0.00,-21.943050,-48.954090,10,0,-50
2026-08-31 01:30:33,#11,6,45,0.00,15.00,0.00,1013.25,0.0000,0.0000,-0.0000,0.0000,0.0000,0.0000,0.0000,0.00,0,0,0,0.00,-21.943050,-48.954090,10,0,-50
2026-08-31 01:30:34,#11,6,46,0.00,15.00,0.00,1013.25,0.0000,0.0000,-0.0000,0.0000,0.0000,0.0000,0.0000,0.00,0,0,0,0.00,-21.943050,-48.954090,10,0,-50
2026-08-31 01:30:34,#11,6,47,0.00,15.00,0.00,1013.25,0.0000,0.0000,-0.0000,0.0000,0.0000,0.0000,0.0000,0.00,0,0,0,0.00,-21.943050,-48.954090,10,0,-50
2026-08-31 01:30:35,#11,6,48,0.00,15.00,0.00,1013.25,0.0000,0.0000,-0.0000,0.0000,0.0000,0.0000,0.0000,0.00,0,0,0,0.00,-21.943050,-48.954090,10,0,-50
2026-08-31 01:30:35,#11,6,49,0.00,15.00,0.00,1013.25,0.0000,0.0000,-0.0000,0.0000,0.0000,0.0000,0.0000,0.00,0,0,0,0.00,-21.943050,-48.954090,10,0,-50
2026-08-31 01:30:36,#11,6,50,0.00,15.00,0.00,1013.25,0.0000,0.0000,-0.0000,0.0000,0.0000,0.0000,0.0000,0.00,0,0,0,0.00,-21.943050,-48.954090,10,0,-50
2026-08-31 01:30:36,#11,7,51,0.00,15.00,0.00,1013.25,0.0000,0.0000,-0.0000,0.0000,0.0000,0.0000,0.0000,0.00,0,0,0,0.00,-21.943050,-48.954090,10,0,-50
2026-08-31 01:30:37,#11,7,52,0.00,15.00,0.00,1013.25,0.0000,0.0000,-0.0000,0.0000,0.0000,0.0000,0.0000,0.00,0,0,0,0.00,-21.943050,-48.954090,10,0,-50
2026-08-31 01:30:37,#11,7,53,0.00,15.00,0.00,1013.25,0.0000,0.0000,-0.0000,0.0000,0.0000,0.0000,0.0000,0.00,0,0,0,0.00,-21.943050,-48.954090,10,0,-50
2026-08-31 01:30:38,#11,7,54,0.00,15.00,0.00,1013.25,0.0000,0.0000,-0.0000,0.0000,0.0000,0.0000,0.0000,0.00,0,0,0,0.00,-21.943050,-48.954090,10,0,-50
2026-08-31 01:30:38,#11,7,55,0.00,15.00,0.00,1013.25,0.0000,0.0000,-0.0000,0.0000,0.0000,0.0000,0.0000,0.00,0,0,0,0.00,-21.943050,-48.954090,10,0,-50
2026-08-31 01:30:39,#11,7,56,0.00,15.00,0.00,1013.25,0.0000,0.0000,-0.0000,0.0000,0.0000,0.0000,0.0000,0.00,0,0,0,0.00,-21.943050,-48.954090,10,0,-50
2026-08-31 01:30:39,#11,7,57,0.00,15.00,0.00,1013.25,0.0000,0.0000,-0.0000,0.0000,0.0000,0.0000,0.0000,0.00,0,0,0,0.00,-21.943050,-48.954090,10,0,-50
2026-08-31 01:30:40,#11,7,58,0.00,15.00,0.00,1013.25,0.0000,0.0000,-0.0000,0.0000,0.0000,0.0000,0.0000,0.00,0,0,0,0.00,-21.943050,-48.954090,10,0,-50
2026-08-31 01:30:40,#11,7,59,0.00,15.00,0.00,1013.25,0.0000,0.0000,-0.0000,0.0000,0.0000,0.0000,0.0000,0.00,0,0,0,0.00,-21.943050,-48.954090,10,0,-50
2026-08-31 01:30:41,#11,8,60,0.00,15.00,0.00,1013.25,0.0000,0.0000,-0.0000,0.0000,0.0000,0.0000,0.0000,0.00,0,0,0,0.00,-21.943050,-48.954090,10,0,-50
2026-08-31 01:30:41,#11,8,61,0.00,15.00,0.00,1013.25,0.0000,0.0000,-0.0000,0.0000,0.0000,0.0000,0.0000,0.00,0,0,0,0.00,-21.943050,-48.954090,10,0,-50
2026-08-31 01:30:42,#11,8,62,0.00,15.00,0.00,1013.25,0.0000,0.0000,-0.0000,0.0000,0.0000,0.0000,0.0000,0.00,0,0,0,0.00,-21.943050,-48.954090,10,0,-50
2026-08-31 01:30:42,#11,9,63,0.00,15.00,0.00,1013.25,0.0000,0.0000,-0.0000,0.0000,0.0000,0.0000,0.0000,0.00,0,0,0,0.00,-21.943050,-48.954090,10,0,-50
2026-08-31 01:30:43,#11,9,64,0.00,15.00,0.00,1013.25,0.0000,0.0000,-0.0000,0.0000,0.0000,0.0000,0.0000,0.00,0,0,0,0.00,-21.943050,-48.954090,10,0,-50
2026-08-31 01:30:43,#11,9,65,0.00,15.00,0.00,1013.25,0.0000,0.0000,-0.0000,0.0000,0.0000,0.0000,0.0000,0.00,0,0,0,0.00,-21.943050,-48.954090,10,0,-50
2026-08-31 01:30:44,#11,9,66,0.00,15.00,0.00,1013.25,0.0000,0.0000,-0.0000,0.0000,0.0000,0.0000,0.0000,0.00,0,0,0,0.00,-21.943050,-48.954090,10,0,-50
2026-08-31 01:30:44,#11,9,67,0.00,15.00,0.00,1013.25,0.0000,0.0000,-0.0000,0.0000,0.0000,0.0000,0.0000,0.00,0,0,0,0.00,-21.943050,-48.954090,10,0,-50
2026-08-31 01:30:45,#11,9,68,0.00,15.00,0.00,1013.25,0.0000,0.0000,-0.0000,0.0000,0.0000,0.0000,0.0000,0.00,0,0,0,0.00,-21.943050,-48.954090,10,0,-50
2026-08-31 01:30:45,#11,9,69,0.00,15.00,0.00,1013.25,0.0000,0.0000,-0.0000,0.0000,0.0000,0.0000,0.0000,0.00,0,0,0,0.00,-21.943050,-48.954090,10,0,-50
2026-08-31 01:30:46,#11,9,70,0.00,15.00,0.00,1013.25,0.0000,0.0000,-0.0000,0.0000,0.0000,0.0000,0.0000,0.00,0,0,0,0.00,-21.943050,-48.954090,10,0,-50
2026-08-31 01:30:46,#11,9,71,0.00,15.00,0.00,1013.25,0.0000,0.0000,-0.0000,0.0000,0.0000,0.0000,0.0000,0.00,0,0,0,0.00,-21.943050,-48.954090,10,0,-50
2026-08-31 01:30:47,#11,9,72,0.00,15.00,0.00,1013.25,0.0000,0.0000,-0.0000,0.0000,0.0000,0.0000,0.0000,0.00,0,0,0,0.00,-21.943050,-48.954090,10,0,-50
2026-08-31 01:30:47,#11,9,73,0.00,15.00,0.00,1013.25,0.0000,0.0000,-0.0000,0.0000,0.0000,0.0000,0.0000,0.00,0,0,0,0.00,-21.943050,-48.954090,10,0,-50
2026-08-31 01:30:48,#11,9,74,0.00,15.00,0.00,1013.25,0.0000,0.0000,-0.0000,0.0000,0.0000,0.0000,0.0000,0.00,0,0,0,0.00,-21.943050,-48.954090,10,0,-50
2026-08-31 01:30:48,#11,9,75,0.00,15.00,0.00,1013.25,0.0000,0.0000,-0.0000,0.0000,0.0000,0.0000,0.0000,0.00,0,0,0,0.00,-21.943050,-48.954090,10,0,-50
2026-08-31 01:30:49,#11,9,76,0.00,15.00,0.00,1013.25,0.0000,0.0000,-0.0000,0.0000,0.0000,0.0000,0.0000,0.00,0,0,0,0.00,-21.943050,-48.954090,10,0,-50
2026-08-31 01:30:49,#11,9,77,0.00,15.00,0.00,1013.25,0.0000,0.0000,-0.0000,0.0000,0.0000,0.0000,0.0000,0.00,0,0,0,0.00,-21.943050,-48.954090,10,0,-50
2026-08-31 01:30:50,#11,9,78,0.00,15.00,0.00,1013.25,0.0000,0.0000,-0.0000,0.0000,0.0000,0.0000,0.0000,0.00,0,0,0,0.00,-21.943050,-48.954090,10,0,-50
2026-08-31 01:30:50,#11,9,79,0.00,15.00,0.00,1013.25,0.0000,0.0000,-0.0000,0.0000,0.0000,0.0000,0.0000,0.00,0,0,0,0.00,-21.943050,-48.954090,10,0,-50
2026-08-31 01:30:51,#11,10,80,0.00,15.00,0.00,1013.25,0.0000,0.0000,-0.0000,0.0000,0.0000,0.0000,0.0000,0.00,0,0,0,0.00,-21.943050,-48.954090,10,0,-50
2026-08-31 01:30:51,#11,10,81,0.00,15.00,0.00,1013.25,0.0000,0.0000,-0.0000,0.0000,0.0000,0.0000,0.0000,0.00,0,0,0,0.00,-21.943050,-48.954090,10,0,-50
2026-08-31 01:30:52,#11,10,82,0.00,15.00,0.00,1013.25,0.0000,0.0000,-0.0000,0.0000,0.0000,0.0000,0.0000,0.00,0,0,0,0.00,-21.943050,-48.954090,10,0,-50
2026-08-31 01:30:52,#11,10,83,0.00,15.00,0.00,1013.25,0.0000,0.0000,-0.0000,0.0000,0.0000,0.0000,0.0000,0.00,0,0,0,0.00,-21.943050,-48.954090,10,0,-50
2026-08-31 01:30:53,#11,10,84,0.00,15.00,0.00,1013.25,0.0000,0.0000,-0.0000,0.0000,0.0000,0.0000,0.0000,0.00,0,0,0,0.00,-21.943050,-48.954090,10,0,-50
2026-08-31 01:30:53,#11,10,85,0.00,15.00,0.00,1013.25,0.0000,0.0000,-0.0000,0.0000,0.0000,0.0000,0.0000,0.00,0,0,0,0.00,-21.943050,-48.954090,10,0,-50
2026-08-31 01:30:54,#11,11,86,0.00,15.00,0.00,1013.25,0.0000,0.0000,-0.0000,0.0000,0.0000,0.0000,0.0000,0.00,0,0,0,0.00,-21.943050,-48.954090,10,0,-50
2026-08-31 01:30:54,#11,11,87,0.00,15.00,0.00,1013.25,0.0000,0.0000,-0.0000,0.0000,0.0000,0.0000,0.0000,0.00,0,0,0,0.00,-21.943050,-48.954090,10,0,-50
2026-08-31 01:30:55,#11,11,88,0.00,15.00,0.00,1013.25,0.0000,0.0000,-0.0000,0.0000,0.0000,0.0000,0.0000,0.00,0,0,0,0.00,-21.943050,-48.954090,10,0,-50
2026-08-31 01:30:55,#11,11,89,0.00,15.00,0.00,1013.25,0.0000,0.0000,-0.0000,0.0000,0.0000,0.0000,0.0000,0.00,0,0,0,0.00,-21.943050,-48.954090,10,0,-50
2026-08-31 01:30:56,#11,11,90,0.00,15.00,0.00,1013.25,0.0000,0.0000,-0.0000,0.0000,0.0000,0.0000,0.0000,0.00,0,0,0,0.00,-21.943050,-48.954090,10,0,-50
2026-08-31 01:30:56,#11,11,91,0.00,15.00,0.00,1013.25,0.0000,0.0000,-0.0000,0.0000,0.0000,0.0000,0.0000,0.00,0,0,0,0.00,-21.943050,-48.954090,10,0,-50
2026-08-31 01:30:57,#11,11,92,0.00,15.00,0.00,1013.25,0.0000,0.0000,-0.0000,0.0000,0.0000,0.0000,0.0000,0.00,0,0,0,0.00,-21.943050,-48.954090,10,0,-50
2026-08-31 01:30:57,#11,11,93,0.00,15.00,0.00,1013.25,0.0000,0.0000,-0.0000,0.0000,0.0000,0.0000,0.0000,0.00,0,0,0,0.00,-21.943050,-48.954090,10,0,-50
2026-08-31 01:30:58,#11,11,94,0.00,15.00,0.00,1013.25,0.0000,0.0000,-0.0000,0.0000,0.0000,0.0000,0.0000,0.00,0,0,0,0.00,-21.943050,-48.954090,10,0,-50
2026-08-31 01:30:58,#11,11,95,0.00,15.00,0.00,1013.25,0.0000,0.0000,-0.0000,0.0000,0.0000,0.0000,0.0000,0.00,0,0,0,0.00,-21.943050,-48.954090,10,0,-50
2026-08-31 01:30:59,#11,11,96,0.00,15.00,0.00,1013.25,0.0000,0.0000,-0.0000,0.0000,0.0000,0.0000,0.0000,0.00,0,0,0,0.00,-21.943050,-48.954090,10,0,-50
2026-08-31 01:30:59,#11,11,97,0.00,15.00,0.00,1013.25,0.0000,0.0000,-0.0000,0.0000,0.0000,0.0000,0.0000,0.00,0,0,0,0.00,-21.943050,-48.954090,10,0,-50
2026-08-31 01:31:00,#11,12,98,-0.00,15.00,0.00,1013.25,-0.0000,-0.0000,0.0000,-0.0000,-0.0000,-0.0000,-0.0000,0.00,0,0,0,-0.00,-21.943050,-48.954090,10,0,-50
2026-08-31 01:31:00,#11,12,99,-0.00,15.00,0.00,1013.25,-0.0000,-0.0000,0.0000,-0.0000,-0.0000,-0.0000,-0.0000,0.00,0,0,0,-0.00,-21.943050,-48.954090,10,0,-50
2026-08-31 01:31:01,#11,12,100,-0.00,15.00,0.00,1013.25,-0.0000,-0.0000,0.0000,-0.0000,-0.0000,-0.0000,-0.0000,0.00,0,0,0,-0.00,-21.943050,-48.954090,10,0,-50
2026-08-31 01:31:01,#11,12,101,-0.00,15.00,0.00,1013.25,-0.0000,-0.0000,0.0000,-0.0000,-0.0000,-0.0000,-0.0000,0.00,0,0,0,-0.00,-21.943050,-48.954090,10,0,-50
2026-08-31 01:31:02,#11,12,102,-0.00,15.00,0.00,1013.25,-0.0000,-0.0000,0.0000,-0.0000,-0.0000,-0.0000,-0.0000,0.00,0,0,0,-0.00,-21.943050,-48.954090,10,0,-50
2026-08-31 01:31:02,#11,12,103,-0.00,15.00,0.00,1013.25,-0.0000,-0.0000,0.0000,-0.0000,-0.0000,-0.0000,-0.0000,0.00,0,0,0,-0.00,-21.943050,-48.954090,10,0,-50
2026-08-31 01:31:03,#11,12,104,-0.00,15.00,0.00,1013.25,-0.0000,-0.0000,0.0000,-0.0000,-0.0000,-0.0000,-0.0000,0.00,0,0,0,-0.00,-21.943050,-48.954090,10,0,-50
2026-08-31 01:31:03,#11,12,105,-0.00,15.00,0.00,1013.25,-0.0000,-0.0000,0.0000,-0.0000,-0.0000,-0.0000,-0.0000,0.00,0,0,0,-0.00,-21.943050,-48.954090,10,0,-50
2026-08-31 01:31:04,#11,12,106,-0.00,15.00,0.00,1013.25,-0.0000,-0.0000,0.0000,-0.0000,-0.0000,-0.0000,-0.0000,0.00,0,0,0,-0.00,-21.943050,-48.954090,10,0,-50
2026-08-31 01:31:04,#11,12,107,-0.00,15.00,0.00,1013.25,-0.0000,-0.0000,0.0000,-0.0000,-0.0000,-0.0000,-0.0000,0.00,0,0,0,-0.00,-21.943050,-48.954090,10,0,-50
2026-08-31 01:31:05,#11,12,108,-0.00,15.00,0.00,1013.25,-0.0000,-0.0000,0.0000,-0.0000,-0.0000,-0.0000,-0.0000,0.00,0,0,0,-0.00,-21.943050,-48.954090,10,0,-50
2026-08-31 01:31:05,#11,12,109,-0.00,15.00,0.00,1013.25,-0.0000,-0.0000,0.0000,-0.0000,-0.0000,-0.0000,-0.0000,0.00,0,0,0,-0.00,-21.943050,-48.954090,10,0,-50
2026-08-31 01:31:06,#11,13,110,-0.00,15.00,0.00,1013.25,-0.0000,-0.0000,0.0000,-0.0000,-0.0000,-0.0000,-0.0000,0.00,0,0,0,-0.00,-21.943050,-48.954090,10,0,-50
2026-08-31 01:31:06,#11,13,111,-0.00,15.00,0.00,1013.25,-0.0000,-0.0000,0.0000,-0.0000,-0.0000,-0.0000,-0.0000,0.00,0,0,0,-0.00,-21.943050,-48.954090,10,0,-50
2026-08-31 01:31:07,#11,13,112,-0.00,15.00,0.00,1013.25,-0.0000,-0.0000,0.0000,-0.0000,-0.0000,-0.0000,-0.0000,0.00,0,0,0,-0.00,-21.943050,-48.954090,10,0,-50
2026-08-31 01:31:07,#11,13,113,-0.00,15.00,0.00,1013.25,-0.0000,-0.0000,0.0000,-0.0000,-0.0000,-0.0000,-0.0000,0.00,0,0,0,-0.00,-21.943050,-48.954090,10,0,-50
2026-08-31 01:31:08,#11,13,114,-0.00,15.00,0.00,1013.25,-0.0000,-0.0000,0.0000,-0.0000,-0.0000,-0.0000,-0.0000,0.00,0,0,0,-0.00,-21.943050,-48.954090,10,0,-50
2026-08-31 01:31:08,#11,13,115,-0.00,15.00,0.00,1013.25,-0.0000,-0.0000,0.0000,-0.0000,-0.0000,-0.0000,-0.0000,0.00,0,0,0,-0.00,-21.943050,-48.954090,10,0,-50
2026-08-31 01:31:09,#11,13,116,-0.00,15.00,0.00,1013.25,-0.0000,-0.0000,0.0000,-0.0000,-0.0000,-0.0000,-0.0000,0.00,0,0,0,-0.00,-21.943050,-48.954090,10,0,-50
2026-08-31 01:31:09,#11,13,117,-0.00,15.00,0.00,1013.25,-0.0000,-0.0000,0.0000,-0.0000,-0.0000,-0.0000,-0.0000,0.00,0,0,0,-0.00,-21.943050,-48.954090,10,0,-50
2026-08-31 01:31:10,#11,13,118,-0.00,15.00,0.00,1013.25,-0.0000,-0.0000,0.0000,-0.0000,-0.0000,-0.0000,-0.0000,0.00,0,0,0,-0.00,-21.943050,-48.954090,10,0,-50
2026-08-31 01:31:10,#11,13,119,-0.00,15.00,0.00,1013.25,-0.0000,-0.0000,0.0000,-0.0000,-0.0000,-0.0000,-0.0000,0.00,0,0,0,-0.00,-21.943050,-48.954090,10,0,-50
2026-08-31 01:31:11,#11,13,120,-0.00,15.00,0.00,1013.25,-0.0000,-0.0000,0.0000,-0.0000,-0.0000,-0.0000,-0.0000,0.00,0,0,0,-0.00,-21.943050,-48.954090,10,0,-50
2026-08-31 01:31:11,#11,13,121,-0.00,15.00,0.00,1013.25,-0.0000,-0.0000,0.0000,-0.0000,-0.0000,-0.0000,-0.0000,0.00,0,0,0,-0.00,-21.943050,-48.954090,10,0,-50
2026-08-31 01:31:12,#11,13,122,-0.00,15.00,0.00,1013.25,-0.0000,-0.0000,0.0000,-0.0000,-0.0000,-0.0000,-0.0000,0.00,0,0,0,-0.00,-21.943050,-48.954090,10,0,-50
2026-08-31 01:31:12,#11,13,123,-0.00,15.00,0.00,1013.25,-0.0000,-0.0000,0.0000,-0.0000,-0.0000,-0.0000,-0.0000,0.00,0,0,0,-0.00,-21.943050,-48.954090,10,0,-50
2026-08-31 01:31:13,#11,13,124,-0.00,15.00,0.00,1013.25,-0.0000,-0.0000,0.0000,-0.0000,-0.0000,-0.0000,-0.0000,0.00,0,0,0,-0.00,-21.943050,-48.954090,10,0,-50
2026-08-31 01:31:13,#11,13,125,-0.00,15.00,0.00,1013.25,-0.0000,-0.0000,0.0000,-0.0000,-0.0000,-0.0000,-0.0000,0.00,0,0,0,-0.00,-21.943050,-48.954090,10,0,-50
2026-08-31 01:31:14,#11,13,126,-0.00,15.00,0.00,1013.25,-0.0000,-0.0000,0.0000,-0.0000,-0.0000,-0.0000,-0.0000,0.00,0,0,0,-0.00,-21.943050,-48.954090,10,0,-50
2026-08-31 01:31:14,#11,13,127,-0.00,15.00,0.00,1013.25,-0.0000,-0.0000,0.0000,-0.0000,-0.0000,-0.0000,-0.0000,0.00,0,0,0,-0.00,-21.943050,-48.954090,10,0,-50
2026-08-31 01:31:15,#11,13,128,-0.00,15.00,0.00,1013.25,-0.0000,-0.0000,0.0000,-0.0000,-0.0000,-0.0000,-0.0000,0.00,0,0,0,-0.00,-21.943050,-48.954090,10,0,-50
2026-08-31 01:31:15,#11,13,129,-0.00,15.00,0.00,1013.25,-0.0000,-0.0000,0.0000,-0.0000,-0.0000,-0.0000,-0.0000,0.00,0,0,0,-0.00,-21.943050,-48.954090,10,0,-50
2026-08-31 01:31:16,#11,13,130,-0.00,15.00,0.00,1013.25,-0.0000,-0.0000,0.0000,-0.0000,-0.0000,-0.0000,-0.0000,0.00,0,0,0,-0.00,-21.943050,-48.954090,10,0,-50
2026-08-31 01:31:16,#11,15,131,-0.00,15.00,0.00,1013.25,-0.0000,-0.0000,0.0000,-0.0000,-0.0000,-0.0000,-0.0000,0.00,0,0,0,-0.00,-21.943050,-48.954090,10,0,-50
2026-08-31 01:31:17,#11,15,132,-0.00,15.00,0.00,1013.25,-0.0000,-0.0000,0.0000,-0.0000,-0.0000,-0.0000,-0.0000,0.00,0,0,0,-0.00,-21.943050,-48.954090,10,0,-50
2026-08-31 01:31:17,#11,15,133,-0.00,15.00,0.00,1013.25,-0.0000,-0.0000,0.0000,-0.0000,-0.0000,-0.0000,-0.0000,0.00,0,0,0,-0.00,-21.943050,-48.954090,10,0,-50
2026-08-31 01:31:18,#11,15,134,-0.00,15.00,0.00,1013.25,-0.0000,-0.0000,0.0000,-0.0000,-0.0000,-0.0000,-0.0000,0.00,0,0,0,-0.00,-21.943050,-48.954090,10,0,-50
2026-08-31 01:31:18,#11,15,135,-0.00,15.00,0.00,1013.25,-0.0000,-0.0000,0.0000,-0.0000,-0.0000,-0.0000,-0.0000,0.00,0,0,0,-0.00,-21.943050,-48.954090,10,0,-50
2026-08-31 01:31:19,#11,15,136,-0.00,15.00,0.00,1013.25,-0.0000,-0.0000,0.0000,-0.0000,-0.0000,-0.0000,-0.0000,0.00,0,0,0,-0.00,-21.943050,-48.954090,10,0,-50
2026-08-31 01:31:19,#11,15,137,-0.00,15.00,0.00,1013.25,-0.0000,-0.0000,0.0000,-0.0000,-0.0000,-0.0000,-0.0000,0.00,0,0,0,-0.00,-21.943050,-48.954090,10,0,-50
2026-08-31 01:31:20,#11,15,138,-0.00,15.00,0.00,1013.25,-0.0000,-0.0000,0.0000,-0.0000,-0.0000,-0.0000,-0.0000,0.00,0,0,0,-0.00,-21.943050,-48.954090,10,0,-50
2026-08-31 01:31:20,#11,16,139,-0.00,15.00,0.00,1013.25,-0.0000,-0.0000,0.0000,-0.0000,-0.0000,-0.0000,-0.0000,0.00,0,0,0,-0.00,-21.943050,-48.954090,10,0,-50
2026-08-31 01:31:21,#11,16,140,-0.00,15.00,0.00,1013.25,-0.0000,-0.0000,0.0000,-0.0000,-0.0000,-0.0000,-0.0000,0.00,0,0,0,-0.00,-21.943050,-48.954090,10,0,-50
2026-08-31 01:31:21,#11,16,141,-0.00,15.00,0.00,1013.25,-0.0000,-0.0000,0.0000,-0.0000,-0.0000,-0.0000,-0.0000,0.00,0,0,0,-0.00,-21.943050,-48.954090,10,0,-50
2026-08-31 01:31:22,#11,17,142,-0.00,15.00,0.00,1013.25,-0.0000,-0.0000,0.0000,-0.0000,-0.0000,-0.0000,-0.0000,0.00,0,0,0,-0.00,-21.943050,-48.954090,10,0,-50
2026-08-31 01:31:22,#11,17,143,-0.00,15.00,0.00,1013.25,-0.0000,-0.0000,0.0000,-0.0000,-0.0000,-0.0000,-0.0000,0.00,0,0,0,-0.00,-21.943050,-48.954090,10,0,-50
2026-08-31 01:31:23,#11,17,144,-0.00,15.00,0.00,1013.25,-0.0000,-0.0000,0.0000,-0.0000,-0.0000,-0.0000,-0.0000,0.00,0,0,0,-0.00,-21.943050,-48.954090,10,0,-50
2026-08-31 01:31:23,#11,17,145,-0.00,15.00,0.00,1013.25,-0.0000,-0.0000,0.0000,-0.0000,-0.0000,-0.0000,-0.0000,0.00,0,0,0,-0.00,-21.943050,-48.954090,10,0,-50
2026-08-31 01:31:24,#11,18,146,0.00,15.00,0.00,1013.25,0.0000,0.0000,-0.0000,0.0000,0.0000,0.0000,0.0000,0.00,0,0,0,0.00,-21.943050,-48.954090,10,0,-50
2026-08-31 01:31:24,#11,18,147,0.00,15.00,0.00,1013.25,0.0000,0.0000,-0.0000,0.0000,0.0000,0.0000,0.0000,0.00,0,0,0,0.00,-21.943050,-48.954090,10,0,-50
2026-08-31 01:31:25,#11,18,148,0.00,15.00,0.00,1013.25,0.0000,0.0000,-0.0000,0.0000,0.0000,0.0000,0.0000,0.00,0,0,0,0.00,-21.943050,-48.954090,10,0,-50
2026-08-31 01:31:25,#11,18,149,0.00,15.00,0.00,1013.25,0.0000,0.0000,-0.0000,0.0000,0.0000,0.0000,0.0000,0.00,0,0,0,0.00,-21.943050,-48.954090,10,0,-50
2026-08-31 01:31:26,#11,18,150,0.00,15.00,0.00,1013.25,0.0000,0.0000,-0.0000,0.0000,0.0000,0.0000,0.0000,0.00,0,0,0,0.00,-21.943050,-48.954090,10,0,-50
2026-08-31 01:31:26,#11,18,151,0.00,15.00,0.00,1013.25,0.0000,0.0000,-0.0000,0.0000,0.0000,0.0000,0.0000,0.00,0,0,0,0.00,-21.943050,-48.954090,10,0,-50
2026-08-31 01:31:27,#11,18,152,0.00,15.00,0.00,1013.25,0.0000,0.0000,-0.0000,0.0000,0.0000,0.0000,0.0000,0.00,0,0,0,0.00,-21.943050,-48.954090,10,0,-50
2026-08-31 01:31:27,#11,18,153,0.00,15.00,0.00,1013.25,0.0000,0.0000,-0.0000,0.0000,0.0000,0.0000,0.0000,0.00,0,0,0,0.00,-21.943050,-48.954090,10,0,-50
2026-08-31 01:31:28,#11,19,154,0.00,15.00,0.00,1013.25,0.0000,0.0000,-0.0000,0.0000,0.0000,0.0000,0.0000,0.00,0,0,0,0.00,-21.943050,-48.954090,10,0,-50
2026-08-31 01:31:28,#11,19,155,0.00,15.00,0.00,1013.25,0.0000,0.0000,-0.0000,0.0000,0.0000,0.0000,0.0000,0.00,0,0,0,0.00,-21.943050,-48.954090,10,0,-50
2026-08-31 01:31:29,#11,19,156,0.00,15.00,0.00,1013.25,0.0000,0.0000,-0.0000,0.0000,0.0000,0.0000,0.0000,0.00,0,0,0,0.00,-21.943050,-48.954090,10,0,-50
2026-08-31 01:31:29,#11,19,157,0.00,15.00,0.00,1013.25,0.0000,0.0000,-0.0000,0.0000,0.0000,0.0000,0.0000,0.00,0,0,0,0.00,-21.943050,-48.954090,10,0,-50
2026-08-31 01:31:30,#11,19,158,0.00,15.00,0.00,1013.25,0.0000,0.0000,-0.0000,0.0000,0.0000,0.0000,0.0000,0.00,0,0,0,0.00,-21.943050,-48.954090,10,0,-50
2026-08-31 01:31:30,#11,19,159,0.00,15.00,0.00,1013.25,0.0000,0.0000,-0.0000,0.0000,0.0000,0.0000,0.0000,0.00,0,0,0,0.00,-21.943050,-48.954090,10,0,-50
2026-08-31 01:31:31,#11,19,160,0.00,15.00,0.00,1013.25,0.0000,0.0000,-0.0000,0.0000,0.0000,0.0000,0.0000,0.00,0,0,0,0.00,-21.943050,-48.954090,10,0,-50
2026-08-31 01:31:31,#11,19,161,0.00,15.00,0.00,1013.25,0.0000,0.0000,-0.0000,0.0000,0.0000,0.0000,0.0000,0.00,0,0,0,0.00,-21.943050,-48.954090,10,0,-50
2026-08-31 01:31:32,#11,20,162,0.00,15.00,0.00,1013.25,0.0000,0.0000,-0.0000,0.0000,0.0000,0.0000,0.0000,0.00,0,0,0,0.00,-21.943050,-48.954090,10,0,-50
2026-08-31 01:31:32,#11,20,163,0.00,15.00,0.00,1013.25,0.0000,0.0000,-0.0000,0.0000,0.0000,0.0000,0.0000,0.00,0,0,0,0.00,-21.943050,-48.954090,10,0,-50
2026-08-31 01:31:33,#11,20,164,0.00,15.00,0.00,1013.25,0.0000,0.0000,-0.0000,0.0000,0.0000,0.0000,0.0000,0.00,0,0,0,0.00,-21.943050,-48.954090,10,0,-50
2026-08-31 01:31:33,#11,20,165,0.00,15.00,0.00,1013.25,0.0000,0.0000,-0.0000,0.0000,0.0000,0.0000,0.0000,0.00,0,0,0,0.00,-21.943050,-48.954090,10,0,-50
2026-08-31 01:31:34,#11,20,166,0.00,15.00,0.00,1013.25,0.0000,0.0000,-0.0000,0.0000,0.0000,0.0000,0.0000,0.00,0,0,0,0.00,-21.943050,-48.954090,10,0,-50
2026-08-31 01:31:34,#11,21,167,0.00,15.00,0.00,1013.25,0.0000,0.0000,-0.0000,0.0000,0.0000,0.0000,0.0000,0.00,0,0,0,0.00,-21.943050,-48.954090,10,0,-50
2026-08-31 01:31:35,#11,21,168,0.00,15.00,0.00,1013.25,0.0000,0.0000,-0.0000,0.0000,0.0000,0.0000,0.0000,0.00,0,0,0,0.00,-21.943050,-48.954090,10,0,-50
2026-08-31 01:31:35,#11,21,169,0.00,15.00,0.00,1013.25,0.0000,0.0000,-0.0000,0.0000,0.0000,0.0000,0.0000,0.00,0,0,0,0.00,-21.943050,-48.954090,10,0,-50
2026-08-31 01:31:36,#11,21,170,0.00,15.00,0.00,1013.25,0.0000,0.0000,-0.0000,0.0000,0.0000,0.0000,0.0000,0.00,0,0,0,0.00,-21.943050,-48.954090,10,0,-50
2026-08-31 01:31:36,#11,21,171,0.00,15.00,0.00,1013.25,0.0000,0.0000,-0.0000,0.0000,0.0000,0.0000,0.0000,0.00,0,0,0,0.00,-21.943050,-48.954090,10,0,-50
2026-08-31 01:31:37,#11,21,172,0.00,15.00,0.00,1013.25,0.0000,0.0000,-0.0000,0.0000,0.0000,0.0000,0.0000,0.00,0,0,0,0.00,-21.943050,-48.954090,10,0,-50
2026-08-31 01:31:37,#11,23,173,0.00,15.00,0.00,1013.25,0.0000,0.0000,-0.0000,0.0000,0.0000,0.0000,0.0000,0.00,0,0,0,0.00,-21.943050,-48.954090,10,0,-50
2026-08-31 01:31:38,#11,23,174,0.00,15.00,0.00,1013.25,0.0000,0.0000,-0.0000,0.0000,0.0000,0.0000,0.0000,0.00,0,0,0,0.00,-21.943050,-48.954090,10,0,-50
2026-08-31 01:31:38,#11,23,175,0.00,15.00,0.00,1013.25,0.0000,0.0000,-0.0000,0.0000,0.0000,0.0000,0.0000,0.00,0,0,0,0.00,-21.943050,-48.954090,10,0,-50
2026-08-31 01:31:39,#11,23,176,0.00,15.00,0.00,1013.25,0.0000,0.0000,-0.0000,0.0000,0.0000,0.0000,0.0000,0.00,0,0,0,0.00,-21.943050,-48.954090,10,0,-50
2026-08-31 01:31:39,#11,23,177,0.00,15.00,0.00,1013.25,0.0000,0.0000,-0.0000,0.0000,0.0000,0.0000,0.0000,0.00,0,0,0,0.00,-21.943050,-48.954090,10,0,-50
2026-08-31 01:31:40,#11,23,178,0.00,15.00,0.00,1013.25,0.0000,0.0000,-0.0000,0.0000,0.0000,0.0000,0.0000,0.00,0,0,0,0.00,-21.943050,-48.954090,10,0,-50
2026-08-31 01:31:40,#11,23,179,0.00,15.00,0.00,1013.25,0.0000,0.0000,-0.0000,0.0000,0.0000,0.0000,0.0000,0.00,0,0,0,0.00,-21.943050,-48.954090,10,0,-50
2026-08-31 01:31:41,#11,23,180,0.00,15.00,0.00,1013.25,0.0000,0.0000,-0.0000,0.0000,0.0000,0.0000,0.0000,0.00,0,0,0,0.00,-21.943050,-48.954090,10,0,-50
2026-08-31 01:31:41,#11,23,181,0.00,15.00,0.00,1013.25,0.0000,0.0000,-0.0000,0.0000,0.0000,0.0000,0.0000,0.00,0,0,0,0.00,-21.943050,-48.954090,10,0,-50
2026-08-31 01:31:42,#11,24,182,-0.00,15.00,0.00,1013.25,-0.0000,-0.0000,0.0000,-0.0000,-0.0000,-0.0000,-0.0000,0.00,0,0,0,-0.00,-21.943050,-48.954090,10,0,-50
2026-08-31 01:31:42,#11,24,183,-0.00,15.00,0.00,1013.25,-0.0000,-0.0000,0.0000,-0.0000,-0.0000,-0.0000,-0.0000,0.00,0,0,0,-0.00,-21.943050,-48.954090,10,0,-50
2026-08-31 01:31:43,#11,25,184,-0.00,15.00,0.00,1013.25,-0.0000,-0.0000,0.0000,-0.0000,-0.0000,-0.0000,-0.0000,0.00,0,0,0,-0.00,-21.943050,-48.954090,10,0,-50
2026-08-31 01:31:43,#11,25,185,-0.00,15.00,0.00,1013.25,-0.0000,-0.0000,0.0000,-0.0000,-0.0000,-0.0000,-0.0000,0.00,0,0,0,-0.00,-21.943050,-48.954090,10,0,-50
2026-08-31 01:31:44,#11,25,186,-0.00,15.00,0.00,1013.25,-0.0000,-0.0000,0.0000,-0.0000,-0.0000,-0.0000,-0.0000,0.00,0,0,0,-0.00,-21.943050,-48.954090,10,0,-50
2026-08-31 01:31:44,#11,25,187,-0.00,15.00,0.00,1013.25,-0.0000,-0.0000,0.0000,-0.0000,-0.0000,-0.0000,-0.0000,0.00,0,0,0,-0.00,-21.943050,-48.954090,10,0,-50
2026-08-31 01:31:45,#11,25,188,-0.00,15.00,0.00,1013.25,-0.0000,-0.0000,0.0000,-0.0000,-0.0000,-0.0000,-0.0000,0.00,0,0,0,-0.00,-21.943050,-48.954090,10,0,-50
2026-08-31 01:31:45,#11,25,189,-0.00,15.00,0.00,1013.25,-0.0000,-0.0000,0.0000,-0.0000,-0.0000,-0.0000,-0.0000,0.00,0,0,0,-0.00,-21.943050,-48.954090,10,0,-50
2026-08-31 01:31:46,#11,27,190,-0.00,15.00,0.00,1013.25,-0.0000,-0.0000,0.0000,-0.0000,-0.0000,-0.0000,-0.0000,0.00,0,0,0,-0.00,-21.943050,-48.954090,10,0,-50
2026-08-31 01:31:46,#11,27,191,-0.00,15.00,0.00,1013.25,-0.0000,-0.0000,0.0000,-0.0000,-0.0000,-0.0000,-0.0000,0.00,0,0,0,-0.00,-21.943050,-48.954090,10,0,-50
2026-08-31 01:31:47,#11,27,192,-0.00,15.00,0.00,1013.25,-0.0000,-0.0000,0.0000,-0.0000,-0.0000,-0.0000,-0.0000,0.00,0,0,0,-0.00,-21.943050,-48.954090,10,0,-50
2026-08-31 01:31:47,#11,27,193,-0.00,15.00,0.00,1013.25,-0.0000,-0.0000,0.0000,-0.0000,-0.0000,-0.0000,-0.0000,0.00,0,0,0,-0.00,-21.943050,-48.954090,10,0,-50
2026-08-31 01:31:48,#11,27,194,0.00,15.00,0.00,1013.25,0.0000,0.0000,-0.0000,0.0000,0.0000,0.0000,0.0000,0.00,0,0,0,0.00,-21.943050,-48.954090,10,0,-50
2026-08-31 01:31:48,#11,27,195,0.00,15.00,0.00,1013.25,0.0000,0.0000,-0.0000,0.0000,0.0000,0.0000,0.0000,0.00,0,0,0,0.00,-21.943050,-48.954090,10,0,-50
2026-08-31 01:31:49,#11,27,196,0.00,15.00,0.00,1013.25,0.0000,0.0000,-0.0000,0.0000,0.0000,0.0000,0.0000,0.00,0,0,0,0.00,-21.943050,-48.954090,10,0,-50
2026-08-31 01:31:49,#11,28,197,0.00,15.00,0.00,1013.25,0.0000,0.0000,-0.0000,0.0000,0.0000,0.0000,0.0000,0.00,0,0,0,0.00,-21.943050,-48.954090,10,0,-50
2026-08-31 01:31:50,#11,28,198,0.00,15.00,0.00,1013.25,0.0000,0.0000,-0.0000,0.0000,0.0000,0.0000,0.0000,0.00,0,0,0,0.00,-21.943050,-48.954090,10,0,-50
2026-08-31 01:31:50,#11,28,199,0.00,15.00,0.00,1013.25,0.0000,0.0000,-0.0000,0.0000,0.0000,0.0000,0.0000,0.00,0,0,0,0.00,-21.943050,-48.954090,10,0,-50
2026-08-31 01:31:51,#11,29,200,0.00,15.00,0.00,1013.25,0.0000,0.0000,-0.0000,0.0000,0.0000,0.0000,0.0000,0.00,0,0,0,0.00,-21.943050,-48.954090,10,0,-50
2026-08-31 01:31:51,#11,29,201,0.00,15.00,0.00,1013.25,0.0000,0.0000,-0.0000,0.0000,0.0000,0.0000,0.0000,0.00,0,0,0,0.00,-21.943050,-48.954090,10,0,-50
2026-08-31 01:31:52,#11,30,202,0.00,15.00,0.00,1013.25,0.0000,0.0000,-0.0000,0.0000,0.0000,0.0000,0.0000,0.00,0,0,0,0.00,-21.943050,-48.954090,10,0,-50
2026-08-31 01:31:52,#11,30,203,0.00,15.00,0.00,1013.25,0.0000,0.0000,-0.0000,0.0000,0.0000,0.0000,0.0000,0.00,0,0,0,0.00,-21.943050,-48.954090,10,0,-50
2026-08-31 01:31:53,#11,30,204,0.00,15.00,0.00,1013.25,0.0000,0.0000,-0.0000,0.0000,0.0000,0.0000,0.0000,0.00,0,0,0,0.00,-21.943050,-48.954090,10,0,-50
2026-08-31 01:31:53,#11,30,205,0.00,15.00,0.00,1013.25,0.0000,0.0000,-0.0000,0.0000,0.0000,0.0000,0.0000,0.00,0,0,0,0.00,-21.943050,-48.954090,10,0,-50
2026-08-31 01:31:54,#11,30,206,0.00,15.00,0.00,1013.25,0.0000,0.0000,-0.0000,0.0000,0.0000,0.0000,0.0000,0.00,0,0,0,0.00,-21.943050,-48.954090,10,0,-50
2026-08-31 01:31:54,#11,30,207,0.00,15.00,0.00,1013.25,0.0000,0.0000,-0.0000,0.0000,0.0000,0.0000,0.0000,0.00,0,0,0,0.00,-21.943050,-48.954090,10,0,-50
2026-08-31 01:31:55,#11,30,208,0.00,15.00,0.00,1013.25,0.0000,0.0000,-0.0000,0.0000,0.0000,0.0000,0.0000,0.00,0,0,0,0.00,-21.943050,-48.954090,10,0,-50
2026-08-31 01:31:55,#11,30,209,0.00,15.00,0.00,1013.25,0.0000,0.0000,-0.0000,0.0000,0.0000,0.0000,0.0000,0.00,0,0,0,0.00,-21.943050,-48.954090,10,0,-50
2026-08-31 01:31:56,#11,30,210,0.00,15.00,0.00,1013.25,0.0000,0.0000,-0.0000,0.0000,0.0000,0.0000,0.0000,0.00,0,0,0,0.00,-21.943050,-48.954090,10,0,-50
2026-08-31 01:31:56,#11,31,211,-0.00,15.00,0.00,1013.25,-0.0000,-0.0000,0.0000,-0.0000,-0.0000,-0.0000,-0.0000,0.00,0,0,0,-0.00,-21.943050,-48.954090,10,0,-50
2026-08-31 01:31:57,#11,32,212,-0.00,15.00,0.00,1013.25,-0.0000,-0.0000,0.0000,-0.0000,-0.0000,-0.0000,-0.0000,0.00,0,0,0,-0.00,-21.943050,-48.954090,10,0,-50
2026-08-31 01:31:57,#11,32,213,-0.00,15.00,0.00,1013.25,-0.0000,-0.0000,0.0000,-0.0000,-0.0000,-0.0000,-0.0000,0.00,0,0,0,-0.00,-21.943050,-48.954090,10,0,-50
2026-08-31 01:31:58,#11,32,214,-0.00,15.00,0.00,1013.25,-0.0000,-0.0000,0.0000,-0.0000,-0.0000,-0.0000,-0.0000,0.00,0,0,0,-0.00,-21.943050,-48.954090,10,0,-50
2026-08-31 01:31:58,#11,32,215,-0.00,15.00,0.00,1013.25,-0.0000,-0.0000,0.0000,-0.0000,-0.0000,-0.0000,-0.0000,0.00,0,0,0,-0.00,-21.943050,-48.954090,10,0,-50
2026-08-31 01:31:59,#11,32,216,-0.00,15.00,0.00,1013.25,-0.0000,-0.0000,0.0000,-0.0000,-0.0000,-0.0000,-0.0000,0.00,0,0,0,-0.00,-21.943050,-48.954090,10,0,-50
2026-08-31 01:31:59,#11,32,217,-0.00,15.00,0.00,1013.25,-0.0000,-0.0000,0.0000,-0.0000,-0.0000,-0.0000,-0.0000,0.00,0,0,0,-0.00,-21.943050,-48.954090,10,0,-50
2026-08-31 01:32:00,#11,35,218,-0.00,15.00,0.00,1013.25,-0.0000,-0.0000,0.0000,-0.0000,-0.0000,-0.0000,-0.0000,0.00,0,0,0,-0.00,-21.943050,-48.954090,10,0,-50
2026-08-31 01:32:00,#11,37,219,-0.00,15.00,0.00,1013.25,-0.0000,-0.0000,0.0000,-0.0000,-0.0000,-0.0000,-0.0000,0.00,0,0,0,-0.00,-21.943050,-48.954090,10,0,-50
2026-08-31 01:32:01,#11,37,220,-0.00,15.00,0.00,1013.25,-0.0000,-0.0000,0.0000,-0.0000,-0.0000,-0.0000,-0.0000,0.00,0,0,0,-0.00,-21.943050,-48.954090,10,0,-50
2026-08-31 01:32:01,#11,37,221,-0.00,15.00,0.00,1013.25,-0.0000,-0.0000,0.0000,-0.0000,-0.0000,-0.0000,-0.0000,0.00,0,0,0,-0.00,-21.943050,-48.954090,10,0,-50
2026-08-31 01:32:02,#11,37,222,-0.00,15.00,0.00,1013.25,-0.0000,-0.0000,0.0000,-0.0000,-0.0000,-0.0000,-0.0000,0.00,0,0,0,-0.00,-21.943050,-48.954090,10,0,-50
2026-08-31 01:32:02,#11,39,223,0.00,15.00,0.00,1013.25,0.0000,0.0000,-0.0000,0.0000,0.0000,0.0000,0.0000,0.00,0,0,0,0.00,-21.943050,-48.954090,10,0,-50
2026-08-31 01:32:03,#11,40,224,0.00,15.00,0.00,1013.25,0.0000,0.0000,-0.0000,0.0000,0.0000,0.0001,0.0000,0.00,0,0,0,0.00,-21.943050,-48.954090,10,0,-50
2026-08-31 01:32:03,#11,40,225,0.00,15.00,0.00,1013.25,0.0000,0.0000,-0.0000,0.0000,0.0000,0.0001,0.0000,0.00,0,0,0,0.00,-21.943050,-48.954090,10,0,-50
2026-08-31 01:32:04,#11,40,226,0.00,15.00,0.00,1013.25,0.0000,0.0000,-0.0000,0.0000,0.0000,0.0001,0.0000,0.00,0,0,0,0.00,-21.943050,-48.954090,10,0,-50
2026-08-31 01:32:04,#11,40,227,0.00,15.00,0.00,1013.25,0.0000,0.0000,-0.0000,0.0000,0.0000,0.0001,0.0000,0.00,0,0,0,0.00,-21.943050,-48.954090,10,0,-50
2026-08-31 01:32:05,#11,43,228,0.00,15.00,0.00,1013.24,0.0000,0.0000,-0.0000,0.0000,0.0000,0.0002,0.0000,0.00,0,0,0,0.00,-21.943050,-48.954090,10,0,-50
2026-08-31 01:32:05,#11,43,229,0.00,15.00,0.00,1013.24,0.0000,0.0000,-0.0000,0.0000,0.0000,0.0002,0.0000,0.00,0,0,0,0.00,-21.943050,-48.954090,10,0,-50
2026-08-31 01:32:06,#11,43,230,0.00,15.00,0.00,1013.24,0.0000,0.0000,-0.0000,0.0000,0.0000,0.0002,0.0000,0.00,0,0,0,0.00,-21.943050,-48.954090,10,0,-50
2026-08-31 01:32:06,#11,43,231,0.00,15.00,0.00,1013.24,0.0000,0.0000,-0.0000,0.0000,0.0000,0.0002,0.0000,0.00,0,0,0,0.00,-21.943050,-48.954090,10,0,-50
2026-08-31 01:32:07,#11,43,232,0.00,15.00,0.00,1013.24,0.0000,0.0000,-0.0000,0.0000,0.0000,0.0002,0.0000,0.00,0,0,0,0.00,-21.943050,-48.954090,10,0,-50
2026-08-31 01:32:07,#11,43,233,0.00,15.00,0.00,1013.24,0.0000,0.0000,-0.0000,0.0000,0.0000,0.0002,0.0000,0.00,0,0,0,0.00,-21.943050,-48.954090,10,0,-50
2026-08-31 01:32:08,#11,48,234,-0.00,15.00,0.00,1013.24,-0.0000,-0.0000,0.0000,-0.0000,-0.0000,-0.0004,-0.0000,0.00,0,0,0,-0.00,-21.943050,-48.954090,10,0,-50
2026-08-31 01:32:08,#11,48,235,-0.00,15.00,0.00,1013.24,-0.0000,-0.0000,0.0000,-0.0000,-0.0000,-0.0004,-0.0000,0.00,0,0,0,-0.00,-21.943050,-48.954090,10,0,-50
2026-08-31 01:32:09,#11,48,236,-0.00,15.00,0.00,1013.24,-0.0000,-0.0000,0.0000,-0.0000,-0.0000,-0.0004,-0.0000,0.00,0,0,0,-0.00,-21.943050,-48.954090,10,0,-50
2026-08-31 01:32:09,#11,48,237,-0.00,15.00,0.00,1013.24,-0.0000,-0.0000,0.0000,-0.0000,-0.0000,-0.0004,-0.0000,0.00,0,0,0,-0.00,-21.943050,-48.954090,10,0,-50
2026-08-31 01:32:10,#11,55,238,0.00,15.00,0.00,1013.24,0.0000,0.0000,-0.0000,0.0000,0.0000,0.0004,0.0000,0.00,0,0,0,0.00,-21.943050,-48.954090,10,0,-50
2026-08-31 01:32:10,#11,55,239,0.00,15.00,0.00,1013.24,0.0000,0.0000,-0.0000,0.0000,0.0000,0.0004,0.0000,0.00,0,0,0,0.00,-21.943050,-48.954090,10,0,-50
2026-08-31 01:32:11,#11,55,240,0.00,15.00,0.00,1013.24,0.0000,0.0000,-0.0000,0.0000,0.0000,0.0004,0.0000,0.00,0,0,0,0.00,-21.943050,-48.954090,10,0,-50
2026-08-31 01:32:11,#11,56,241,-0.00,15.00,0.00,1013.24,-0.0000,-0.0000,0.0000,-0.0000,-0.0001,-0.0009,-0.0000,0.00,0,0,0,-0.00,-21.943050,-48.954090,10,0,-50
2026-08-31 01:32:12,#11,56,242,-0.00,15.00,0.00,1013.24,-0.0000,-0.0000,0.0000,-0.0000,-0.0001,-0.0009,-0.0000,0.00,0,0,0,-0.00,-21.943050,-48.954090,10,0,-50
2026-08-31 01:32:12,#11,56,243,-0.00,15.00,0.00,1013.24,-0.0000,-0.0000,0.0000,-0.0000,-0.0001,-0.0009,-0.0000,0.00,0,0,0,-0.00,-21.943050,-48.954090,10,0,-50
2026-08-31 01:32:13,#11,56,244,-0.00,15.00,0.00,1013.24,-0.0000,-0.0000,0.0000,-0.0000,-0.0001,-0.0009,-0.0000,0.00,0,0,0,-0.00,-21.943050,-48.954090,10,0,-50
2026-08-31 01:32:13,#11,57,245,-0.00,15.00,0.00,1013.24,-0.0000,-0.0000,0.0000,-0.0000,-0.0001,-0.0017,-0.0000,0.00,0,0,0,-0.00,-21.943050,-48.954090,10,0,-50
2026-08-31 01:32:14,#11,57,246,-0.00,15.00,0.00,1013.24,-0.0000,-0.0000,0.0000,-0.0000,-0.0001,-0.0017,-0.0000,0.00,0,0,0,-0.00,-21.943050,-48.954090,10,0,-50
2026-08-31 01:32:14,#11,57,247,-0.00,15.00,0.00,1013.24,-0.0000,-0.0000,0.0000,-0.0000,-0.0001,-0.0017,-0.0000,0.00,0,0,0,-0.00,-21.943050,-48.954090,10,0,-50
2026-08-31 01:32:15,#11,57,248,-0.00,15.00,0.00,1013.24,-0.0000,-0.0000,0.0000,-0.0000,-0.0001,-0.0017,-0.0000,0.00,0,0,0,-0.00,-21.943050,-48.954090,10,0,-50
2026-08-31 01:32:15,#11,57,249,-0.00,15.00,0.00,1013.24,-0.0000,-0.0000,0.0000,-0.0000,-0.0001,-0.0017,-0.0000,0.00,0,0,0,-0.00,-21.943050,-48.954090,10,0,-50
2026-08-31 01:32:16,#11,57,250,-0.00,15.00,0.00,1013.24,-0.0000,-0.0000,0.0000,-0.0000,-0.0001,-0.0017,-0.0000,0.00,0,0,0,-0.00,-21.943050,-48.954090,10,0,-50
2026-08-31 01:32:16,#11,57,251,-0.00,15.00,0.00,1013.24,-0.0000,-0.0000,0.0000,-0.0000,-0.0001,-0.0017,-0.0000,0.00,0,0,0,-0.00,-21.943050,-48.954090,10,0,-50
2026-08-31 01:32:17,#11,57,252,-0.00,15.00,0.00,1013.24,-0.0000,-0.0000,0.0000,-0.0000,-0.0001,-0.0017,-0.0000,0.00,0,0,0,-0.00,-21.943050,-48.954090,10,0,-50
2026-08-31 01:32:17,#11,60,253,0.00,15.00,0.00,1013.24,0.0000,0.0000,-0.0000,0.0000,0.0015,0.0174,0.0000,0.00,0,0,0,0.00,-21.943050,-48.954090,10,0,-50
2026-08-31 01:32:18,#11,60,254,0.00,15.00,0.00,1013.24,0.0000,0.0000,-0.0000,0.0000,0.0016,0.0179,0.0000,0.00,0,0,0,0.00,-21.943050,-48.954090,10,0,-50
2026-08-31 01:32:18,#11,60,255,0.00,15.00,0.00,1013.24,0.0000,0.0000,-0.0000,0.0000,0.0016,0.0179,0.0000,0.00,0,0,0,0.00,-21.943050,-48.954090,10,0,-50
2026-08-31 01:32:19,#11,60,256,0.00,15.00,0.00,1013.24,0.0000,0.0000,-0.0000,0.0000,0.0016,0.0179,0.0000,0.00,0,0,0,0.00,-21.943050,-48.954090,10,0,-50
2026-08-31 01:32:19,#11,60,257,0.00,15.00,0.00,1013.24,0.0000,0.0000,-0.0000,0.0000,0.0016,0.0179,0.0000,0.00,0,0,0,0.00,-21.943050,-48.954090,10,0,-50
2026-08-31 01:32:20,#11,60,258,0.00,15.00,0.00,1013.24,0.0000,0.0000,-0.0000,0.0000,0.0016,0.0179,0.0000,0.00,0,0,0,0.00,-21.943050,-48.954090,10,0,-50
2026-08-31 01:32:20,#11,64,259,-0.00,15.00,0.00,1013.24,-0.0000,-0.0000,0.0000,-0.0000,-0.0048,-0.0547,-0.0001,0.00,0,0,0,-0.00,-21.943050,-48.954090,10,0,-50
2026-08-31 01:32:21,#11,64,260,-0.00,15.00,0.00,1013.24,-0.0000,-0.0000,0.0000,-0.0000,-0.0048,-0.0547,-0.0001,0.00,0,0,0,-0.00,-21.943050,-48.954090,10,0,-50
2026-08-31 01:32:21,#11,64,261,-0.00,15.00,0.00,1013.24,-0.0000,-0.0000,0.0000,-0.0000,-0.0048,-0.0547,-0.0001,0.00,0,0,0,-0.00,-21.943050,-48.954090,10,0,-50
2026-08-31 01:32:22,#11,64,262,-0.00,15.00,0.00,1013.24,-0.0000,-0.0000,0.0000,-0.0000,-0.0048,-0.0547,-0.0001,0.00,0,0,0,-0.00,-21.943050,-48.954090,10,0,-50
2026-08-31 01:32:22,#11,64,263,-0.00,15.00,0.00,1013.24,-0.0000,-0.0000,0.0000,-0.0000,-0.0048,-0.0547,-0.0001,0.00,0,0,0,-0.00,-21.943050,-48.954090,10,0,-50
2026-08-31 01:32:23,#11,68,264,0.00,15.00,0.00,1013.24,0.0000,0.0000,-0.0000,0.0000,0.0235,0.2685,0.0004,0.00,0,0,0,0.00,-21.943050,-48.954090,10,0,-50
2026-08-31 01:32:23,#11,68,265,0.00,15.00,0.00,1013.24,0.0000,0.0000,-0.0000,0.0000,0.0235,0.2685,0.0004,0.00,0,0,0,0.00,-21.943050,-48.954090,10,0,-50
2026-08-31 01:32:24,#11,68,266,0.00,15.00,0.00,1013.24,0.0000,0.0000,-0.0000,0.0000,0.0235,0.2685,0.0004,0.00,0,0,0,0.00,-21.943050,-48.954090,10,0,-50
2026-08-31 01:32:24,#11,68,267,0.00,15.00,0.00,1013.24,0.0000,0.0000,-0.0000,0.0000,0.0235,0.2685,0.0004,0.00,0,0,0,0.00,-21.943050,-48.954090,10,0,-50
2026-08-31 01:32:25,#11,68,268,0.00,15.00,0.00,1013.24,0.0000,0.0000,-0.0000,0.0000,0.0235,0.2685,0.0004,0.00,0,0,0,0.00,-21.943050,-48.954090,10,0,-50
2026-08-31 01:32:25,#11,72,269,0.00,15.00,0.00,1013.24,-0.0000,-0.0000,0.0000,0.0000,0.1223,1.3974,0.0034,0.00,0,0,0,0.00,-21.943050,-48.954090,10,0,-50
2026-08-31 01:32:26,#11,72,270,0.00,15.00,0.00,1013.24,-0.0000,-0.0000,0.0000,0.0000,0.1320,1.5085,0.0038,0.00,0,0,0,0.00,-21.943050,-48.954090,10,0,-50
2026-08-31 01:32:26,#11,77,271,0.00,15.00,0.00,1013.24,0.0000,0.0000,-0.0000,0.0000,0.3426,3.9163,0.0180,0.00,0,0,0,0.00,-21.943050,-48.954090,10,0,-50
2026-08-31 01:32:27,#11,77,272,0.00,15.00,0.00,1013.24,0.0000,0.0000,-0.0000,0.0000,0.3426,3.9163,0.0180,0.00,0,0,0,0.00,-21.943050,-48.954090,10,0,-50
2026-08-31 01:32:27,#11,77,273,0.00,15.00,0.00,1013.24,0.0000,0.0000,-0.0000,0.0000,0.3426,3.9163,0.0180,0.00,0,0,0,0.00,-21.943050,-48.954090,10,0,-50
2026-08-31 01:32:28,#11,77,274,0.00,15.00,0.00,1013.24,0.0000,0.0000,-0.0000,0.0000,0.3426,3.9163,0.0180,0.00,0,0,0,0.00,-21.943050,-48.954090,10,0,-50
2026-08-31 01:32:28,#11,77,275,0.00,15.00,0.00,1013.24,0.0000,0.0000,-0.0000,0.0000,0.3426,3.9163,0.0180,0.00,0,0,0,0.00,-21.943050,-48.954090,10,0,-50
2026-08-31 01:32:29,#11,85,276,0.00,15.00,0.00,1013.24,-0.0000,-0.0000,0.0000,0.0000,0.6240,7.1323,0.0613,0.00,0,0,0,0.00,-21.943050,-48.954090,10,0,-50
2026-08-31 01:32:29,#11,91,277,0.00,15.00,0.00,1013.24,0.0000,0.0000,-0.0000,0.0000,0.8318,9.5076,0.1121,0.00,0,0,0,0.00,-21.943050,-48.954090,10,0,-50
2026-08-31 01:32:30,#11,91,278,0.00,15.00,0.00,1013.24,0.0000,0.0000,-0.0000,0.0000,0.8318,9.5076,0.1121,0.00,0,0,0,0.00,-21.943050,-48.954090,10,0,-50
2026-08-31 01:32:30,#11,91,279,0.00,15.00,0.00,1013.24,0.0000,0.0000,-0.0000,0.0000,0.8318,9.5076,0.1121,0.00,0,0,0,0.00,-21.943050,-48.954090,10,0,-50
2026-08-31 01:32:31,#11,97,280,0.00,15.00,0.00,1013.24,-0.0000,-0.0000,0.0000,0.0000,1.0471,11.9684,0.1788,0.00,0,0,0,0.00,-21.943050,-48.954090,10,0,-50
2026-08-31 01:32:31,#11,97,281,0.00,15.00,0.00,1013.24,-0.0000,-0.0000,0.0000,0.0000,1.0471,11.9684,0.1788,0.00,0,0,0,0.00,-21.943050,-48.954090,10,0,-50
2026-08-31 01:32:32,#11,97,282,0.00,15.00,0.00,1013.24,-0.0000,-0.0000,0.0000,0.0000,1.0471,11.9684,0.1788,0.00,0,0,0,0.00,-21.943050,-48.954090,10,0,-50
2026-08-31 01:32:32,#11,97,283,0.00,15.00,0.00,1013.24,-0.0000,-0.0000,0.0000,0.0000,1.0471,11.9684,0.1788,0.00,0,0,0,0.00,-21.943050,-48.954090,10,0,-50
2026-08-31 01:32:33,#11,98,284,0.00,15.00,0.00,1013.24,-0.0000,-0.0000,0.0000,0.0000,1.0821,12.3686,0.1909,0.00,0,0,0,0.00,-21.943050,-48.954090,10,0,-50
2026-08-31 01:32:33,#11,98,285,0.00,15.00,0.00,1013.24,-0.0000,-0.0000,0.0000,0.0000,1.0821,12.3686,0.1909,0.00,0,0,0,0.00,-21.943050,-48.954090,10,0,-50
2026-08-31 01:32:34,#11,98,286,0.00,15.00,0.00,1013.24,-0.0000,-0.0000,0.0000,0.0000,1.0821,12.3686,0.1909,0.00,0,0,0,0.00,-21.943050,-48.954090,10,0,-50
2026-08-31 01:32:34,#11,98,287,0.00,15.00,0.00,1013.24,-0.0000,-0.0000,0.0000,0.0000,1.0821,12.3686,0.1909,0.00,0,0,0,0.00,-21.943050,-48.954090,10,0,-50
2026-08-31 01:32:35,#11,98,288,0.00,15.00,0.00,1013.24,-0.0000,-0.0000,0.0000,0.0000,1.0821,12.3686,0.1909,0.00,0,0,0,0.00,-21.943050,-48.954090,10,0,-50
2026-08-31 01:32:35,#11,101,289,0.00,15.00,0.00,1013.24,-0.0000,-0.0000,0.0000,0.0000,1.1733,13.4106,0.2244,0.00,0,0,0,0.00,-21.943050,-48.954090,10,0,-50
2026-08-31 01:32:36,#11,101,290,0.00,15.00,0.00,1013.24,-0.0000,-0.0000,0.0000,0.0000,1.1733,13.4106,0.2244,0.00,0,0,0,0.00,-21.943050,-48.954090,10,0,-50
2026-08-31 01:32:36,#11,101,291,0.00,15.00,0.00,1013.24,-0.0000,-0.0000,0.0000,0.0000,1.1733,13.4106,0.2244,0.00,0,0,0,0.00,-21.943050,-48.954090,10,0,-50
2026-08-31 01:32:37,#11,101,292,0.00,15.00,0.00,1013.24,-0.0000,-0.0000,0.0000,0.0000,1.1733,13.4106,0.2244,0.00,0,0,0,0.00,-21.943050,-48.954090,10,0,-50
2026-08-31 01:32:37,#11,105,293,0.00,15.00,0.00,1013.24,0.0000,0.0000,-0.0000,0.0000,1.3264,15.1605,0.2859,0.00,0,0,0,0.00,-21.943050,-48.954090,10,0,-50
2026-08-31 01:32:38,#11,105,294,0.00,15.00,0.00,1013.24,0.0000,0.0000,-0.0000,0.0000,1.3264,15.1605,0.2859,0.00,0,0,0,0.00,-21.943050,-48.954090,10,0,-50
2026-08-31 01:32:38,#11,105,295,0.00,15.00,0.00,1013.24,0.0000,0.0000,-0.0000,0.0000,1.3264,15.1605,0.2859,0.00,0,0,0,0.00,-21.943050,-48.954090,10,0,-50
2026-08-31 01:32:39,#11,105,296,0.00,15.00,0.00,1013.24,0.0000,0.0000,-0.0000,0.0000,1.3264,15.1605,0.2859,0.00,0,0,0,0.00,-21.943050,-48.954090,10,0,-50
2026-08-31 01:32:39,#11,105,297,0.00,15.00,0.00,1013.24,0.0000,0.0000,-0.0000,0.0000,1.3264,15.1605,0.2859,0.00,0,0,0,0.00,-21.943050,-48.954090,10,0,-50
2026-08-31 01:32:40,#11,105,298,0.00,15.00,0.00,1013.24,0.0000,0.0000,-0.0000,0.0000,1.3264,15.1605,0.2859,0.00,0,0,0,0.00,-21.943050,-48.954090,10,0,-50
2026-08-31 01:32:40,#11,105,299,0.00,15.00,0.00,1013.24,0.0000,0.0000,-0.0000,0.0000,1.3264,15.1605,0.2859,0.00,0,0,0,0.00,-21.943050,-48.954090,10,0,-50
2026-08-31 01:32:41,#11,105,300,0.00,15.00,0.00,1013.24,0.0000,0.0000,-0.0000,0.0000,1.3264,15.1605,0.2859,0.00,0,0,0,0.00,-21.943050,-48.954090,10,0,-50
2026-08-31 01:32:41,#11,109,301,0.00,15.00,0.00,1013.24,0.0000,0.0000,-0.0000,0.0000,1.4612,16.7011,0.3459,0.00,0,0,0,0.00,-21.943050,-48.954090,10,0,-50
2026-08-31 01:32:42,#11,109,302,0.00,15.00,0.00,1013.24,0.0000,0.0000,-0.0000,0.0000,1.4612,16.7011,0.3459,0.00,0,0,0,0.00,-21.943050,-48.954090,10,0,-50
2026-08-31 01:32:42,#11,109,303,0.00,15.00,0.00,1013.24,0.0000,0.0000,-0.0000,0.0000,1.4612,16.7011,0.3459,0.00,0,0,0,0.00,-21.943050,-48.954090,10,0,-50
2026-08-31 01:32:43,#11,109,304,0.00,15.00,0.00,1013.24,0.0000,0.0000,-0.0000,0.0000,1.4612,16.7011,0.3459,0.00,0,0,0,0.00,-21.943050,-48.954090,10,0,-50
2026-08-31 01:32:43,#11,109,305,0.00,15.00,0.00,1013.24,0.0000,0.0000,-0.0000,0.0000,1.4612,16.7011,0.3459,0.00,0,0,0,0.00,-21.943050,-48.954090,10,0,-50
2026-08-31 01:32:44,#11,109,306,0.00,15.00,0.00,1013.24,0.0000,0.0000,-0.0000,0.0000,1.4612,16.7011,0.3459,0.00,0,0,0,0.00,-21.943050,-48.954090,10,0,-50
2026-08-31 01:32:44,#11,118,307,0.01,15.00,0.00,1013.24,-0.0000,-0.0000,0.0000,0.0000,1.7744,20.2814,0.5177,0.01,1,0,0,0.01,-21.943050,-48.954090,10,0,-50
2026-08-31 01:32:45,#11,118,308,0.01,15.00,0.00,1013.24,-0.0000,-0.0000,0.0000,0.0000,1.7744,20.2814,0.5177,0.01,1,0,0,0.01,-21.943050,-48.954090,10,0,-50
2026-08-31 01:32:45,#11,118,309,0.01,15.00,0.00,1013.24,-0.0000,-0.0000,0.0000,0.0000,1.7744,20.2814,0.5177,0.01,1,0,0,0.01,-21.943050,-48.954090,10,0,-50
2026-08-31 01:32:46,#11,118,310,0.01,15.00,0.00,1013.24,-0.0000,-0.0000,0.0000,0.0000,1.7744,20.2814,0.5177,0.01,1,0,0,0.01,-21.943050,-48.954090,10,0,-50
2026-08-31 01:32:46,#11,118,311,0.01,15.00,0.00,1013.24,-0.0000,-0.0000,0.0000,0.0000,1.7744,20.2814,0.5177,0.01,1,0,0,0.01,-21.943050,-48.954090,10,0,-50
2026-08-31 01:32:47,#11,118,312,0.01,15.00,0.00,1013.24,-0.0000,-0.0000,0.0000,0.0000,1.7744,20.2814,0.5177,0.01,1,0,0,0.01,-21.943050,-48.954090,10,0,-50
2026-08-31 01:32:47,#11,139,313,0.02,15.00,0.00,1013.23,0.0000,0.0000,-0.0000,0.0000,2.0943,23.9384,0.9910,0.02,1,0,0,0.02,-21.943050,-48.954090,10,0,-50
2026-08-31 01:32:48,#11,145,314,0.03,15.00,0.00,1013.23,-0.0000,-0.0000,0.0000,0.0000,2.1483,24.5553,1.1216,0.03,1,0,0,0.03,-21.943050,-48.954090,10,0,-50
2026-08-31 01:32:48,#11,145,315,0.03,15.00,0.00,1013.23,-0.0000,-0.0000,0.0000,0.0000,2.1483,24.5553,1.1216,0.03,1,0,0,0.03,-21.943050,-48.954090,10,0,-50
2026-08-31 01:32:49,#11,145,316,0.03,15.00,0.00,1013.23,-0.0000,-0.0000,0.0000,0.0000,2.1483,24.5553,1.1216,0.03,1,0,0,0.03,-21.943050,-48.954090,10,0,-50
2026-08-31 01:32:49,#11,145,317,0.03,15.00,0.00,1013.23,-0.0000,-0.0000,0.0000,0.0000,2.1485,24.5575,1.1222,0.03,1,0,0,0.03,-21.943050,-48.954090,10,0,-50
2026-08-31 01:32:50,#11,145,318,0.03,15.00,0.00,1013.23,-0.0000,-0.0000,0.0000,0.0000,2.1485,24.5575,1.1222,0.03,1,0,0,0.03,-21.943050,-48.954090,10,0,-50
2026-08-31 01:32:50,#11,145,319,0.03,15.00,0.00,1013.23,-0.0000,-0.0000,0.0000,0.0000,2.1485,24.5575,1.1222,0.03,1,0,0,0.03,-21.943050,-48.954090,10,0,-50
2026-08-31 01:32:51,#11,145,320,0.03,15.00,0.00,1013.23,-0.0000,-0.0000,0.0000,0.0000,2.1485,24.5575,1.1222,0.03,1,0,0,0.03,-21.943050,-48.954090,10,0,-50
2026-08-31 01:32:51,#11,146,321,0.03,15.00,0.00,1013.23,-0.0000,-0.0000,0.0000,0.0000,2.1557,24.6394,1.1440,0.03,1,0,0,0.03,-21.943050,-48.954090,10,0,-50
2026-08-31 01:32:52,#11,146,322,0.03,15.00,0.00,1013.23,-0.0000,-0.0000,0.0000,0.0000,2.1557,24.6394,1.1440,0.03,1,0,0,0.03,-21.943050,-48.954090,10,0,-50
2026-08-31 01:32:52,#11,146,323,0.03,15.00,0.00,1013.23,-0.0000,-0.0000,0.0000,0.0000,2.1557,24.6394,1.1440,0.03,1,0,0,0.03,-21.943050,-48.954090,10,0,-50
2026-08-31 01:32:53,#11,146,324,0.03,15.00,0.00,1013.23,-0.0000,-0.0000,0.0000,0.0000,2.1557,24.6394,1.1440,0.03,1,0,0,0.03,-21.943050,-48.954090,10,0,-50
2026-08-31 01:32:53,#11,164,325,0.06,15.00,0.00,1013.23,0.0000,0.0000,-0.0000,0.0000,2.2584,25.8140,1.5990,0.06,1,0,0,0.06,-21.943050,-48.954090,10,0,-50
2026-08-31 01:32:54,#11,164,326,0.06,15.00,0.00,1013.23,0.0000,0.0000,-0.0000,0.0000,2.2584,25.8140,1.5990,0.06,1,0,0,0.06,-21.943050,-48.954090,10,0,-50
2026-08-31 01:32:54,#11,164,327,0.06,15.00,0.00,1013.23,0.0000,0.0000,-0.0000,0.0000,2.2584,25.8140,1.5990,0.06,1,0,0,0.06,-21.943050,-48.954090,10,0,-50
2026-08-31 01:32:55,#11,164,328,0.06,15.00,0.00,1013.23,0.0000,0.0000,-0.0000,0.0000,2.2584,25.8140,1.5990,0.06,1,0,0,0.06,-21.943050,-48.954090,10,0,-50
2026-08-31 01:32:55,#11,174,329,0.07,15.00,0.00,1013.23,-0.0000,-0.0000,0.0000,0.0000,2.3042,26.3376,1.8652,0.07,1,0,0,0.07,-21.943050,-48.954090,10,0,-50
2026-08-31 01:32:56,#11,174,330,0.07,15.00,0.00,1013.23,-0.0000,-0.0000,0.0000,0.0000,2.3042,26.3376,1.8652,0.07,1,0,0,0.07,-21.943050,-48.954090,10,0,-50
2026-08-31 01:32:56,#11,174,331,0.07,15.00,0.00,1013.23,-0.0000,-0.0000,0.0000,0.0000,2.3042,26.3376,1.8652,0.07,1,0,0,0.07,-21.943050,-48.954090,10,0,-50
2026-08-31 01:32:57,#11,174,332,0.07,15.00,0.00,1013.23,-0.0000,-0.0000,0.0000,0.0000,2.3042,26.3376,1.8652,0.07,1,0,0,0.07,-21.943050,-48.954090,10,0,-50
2026-08-31 01:32:57,#11,174,333,0.07,15.00,0.00,1013.23,-0.0000,-0.0000,0.0000,0.0000,2.3042,26.3376,1.8652,0.07,1,0,0,0.07,-21.943050,-48.954090,10,0,-50
2026-08-31 01:32:58,#11,174,334,0.07,15.00,0.00,1013.23,-0.0000,-0.0000,0.0000,0.0000,2.3057,26.3548,1.8752,0.07,1,0,0,0.07,-21.943050,-48.954090,10,0,-50
2026-08-31 01:32:58,#11,174,335,0.07,15.00,0.00,1013.23,-0.0000,-0.0000,0.0000,0.0000,2.3057,26.3548,1.8752,0.07,1,0,0,0.07,-21.943050,-48.954090,10,0,-50
2026-08-31 01:32:59,#11,174,336,0.07,15.00,0.00,1013.23,-0.0000,-0.0000,0.0000,0.0000,2.3057,26.3548,1.8752,0.07,1,0,0,0.07,-21.943050,-48.954090,10,0,-50
2026-08-31 01:32:59,#11,174,337,0.07,15.00,0.00,1013.23,-0.0000,-0.0000,0.0000,0.0000,2.3057,26.3548,1.8752,0.07,1,0,0,0.07,-21.943050,-48.954090,10,0,-50
2026-08-31 01:33:00,#11,174,338,0.07,15.00,0.00,1013.23,-0.0000,-0.0000,0.0000,0.0000,2.3057,26.3548,1.8752,0.07,1,0,0,0.07,-21.943050,-48.954090,10,0,-50
2026-08-31 01:33:00,#11,177,339,0.08,15.00,0.00,1013.23,-0.0000,-0.0000,0.0000,0.0000,2.3184,26.4989,1.9586,0.08,1,0,0,0.08,-21.943050,-48.954090,10,0,-50
2026-08-31 01:33:01,#11,177,340,0.08,15.00,0.00,1013.23,-0.0000,-0.0000,0.0000,0.0000,2.3184,26.4989,1.9586,0.08,1,0,0,0.08,-21.943050,-48.954090,10,0,-50
2026-08-31 01:33:01,#11,177,341,0.08,15.00,0.00,1013.23,-0.0000,-0.0000,0.0000,0.0000,2.3184,26.4989,1.9586,0.08,1,0,0,0.08,-21.943050,-48.954090,10,0,-50
2026-08-31 01:33:02,#11,177,342,0.08,15.00,0.00,1013.23,-0.0000,-0.0000,0.0000,0.0000,2.3184,26.4989,1.9586,0.08,1,0,0,0.08,-21.943050,-48.954090,10,0,-50
2026-08-31 01:33:02,#11,177,343,0.08,15.00,0.00,1013.23,-0.0000,-0.0000,0.0000,0.0000,2.3184,26.4989,1.9586,0.08,1,0,0,0.08,-21.943050,-48.954090,10,0,-50
2026-08-31 01:33:03,#11,177,344,0.08,15.00,0.00,1013.23,-0.0000,-0.0000,0.0000,0.0000,2.3184,26.4989,1.9586,0.08,1,0,0,0.08,-21.943050,-48.954090,10,0,-50
2026-08-31 01:33:03,#11,177,345,0.08,15.00,0.00,1013.23,-0.0000,-0.0000,0.0000,0.0000,2.3184,26.4989,1.9586,0.08,1,0,0,0.08,-21.943050,-48.954090,10,0,-50
2026-08-31 01:33:04,#11,177,346,0.08,15.00,0.00,1013.23,-0.0000,-0.0000,0.0000,0.0000,2.3184,26.4989,1.9586,0.08,1,0,0,0.08,-21.943050,-48.954090,10,0,-50
2026-08-31 01:33:04,#11,184,347,0.09,15.00,0.00,1013.23,0.0000,0.0000,-0.0000,0.0000,2.3491,26.8506,2.1348,0.09,1,0,0,0.09,-21.943050,-48.954090,10,0,-50
2026-08-31 01:33:05,#11,212,348,0.17,15.00,0.00,1013.23,-0.0000,-0.0000,0.0000,0.0000,2.5627,29.2913,2.9222,0.17,1,0,0,0.17,-21.943050,-48.954090,10,0,-50
2026-08-31 01:33:05,#11,212,349,0.17,15.00,0.00,1013.23,-0.0000,-0.0000,0.0000,0.0000,2.5627,29.2913,2.9222,0.17,1,0,0,0.17,-21.943050,-48.954090,10,0,-50
2026-08-31 01:33:06,#11,212,350,0.17,15.00,0.00,1013.23,-0.0000,-0.0000,0.0000,0.0000,2.5627,29.2913,2.9222,0.17,1,0,0,0.17,-21.943050,-48.954090,10,0,-50
2026-08-31 01:33:06,#11,212,351,0.17,15.00,0.00,1013.23,-0.0000,-0.0000,0.0000,0.0000,2.5627,29.2913,2.9222,0.17,1,0,0,0.17,-21.943050,-48.954090,10,0,-50
2026-08-31 01:33:07,#11,212,352,0.17,15.00,0.00,1013.23,-0.0000,-0.0000,0.0000,0.0000,2.5627,29.2913,2.9222,0.17,1,0,0,0.17,-21.943050,-48.954090,10,0,-50
2026-08-31 01:33:07,#11,215,353,0.17,15.00,0.00,1013.22,-0.0000,-0.0000,0.0000,0.0000,2.5932,29.6407,3.0128,0.17,1,0,0,0.17,-21.943050,-48.954090,10,0,-50
2026-08-31 01:33:08,#11,252,354,0.31,15.00,0.00,1013.22,0.0000,0.0000,-0.0000,0.0000,3.0553,34.9223,4.1928,0.31,1,0,0,0.31,-21.943050,-48.954090,10,0,-50
2026-08-31 01:33:08,#11,252,355,0.31,15.00,0.00,1013.22,0.0000,0.0000,-0.0000,0.0000,3.0553,34.9223,4.1928,0.31,1,0,0,0.31,-21.943050,-48.954090,10,0,-50
2026-08-31 01:33:09,#11,252,356,0.31,15.00,0.00,1013.22,0.0000,0.0000,-0.0000,0.0000,3.0553,34.9223,4.1928,0.31,1,0,0,0.31,-21.943050,-48.954090,10,0,-50
2026-08-31 01:33:09,#11,252,357,0.31,15.00,0.00,1013.22,0.0000,0.0000,-0.0000,0.0000,3.0553,34.9223,4.1928,0.31,1,0,0,0.31,-21.943050,-48.954090,10,0,-50
2026-08-31 01:33:10,#11,266,358,0.37,15.00,0.00,1013.22,-0.0000,-0.0000,0.0000,0.0000,3.1726,36.2633,4.7168,0.37,1,0,0,0.37,-21.943050,-48.954090,10,0,-50
2026-08-31 01:33:10,#11,266,359,0.37,15.00,0.00,1013.22,-0.0000,-0.0000,0.0000,0.0000,3.1726,36.2633,4.7168,0.37,1,0,0,0.37,-21.943050,-48.954090,10,0,-50
2026-08-31 01:33:11,#11,266,360,0.37,15.00,0.00,1013.22,-0.0000,-0.0000,0.0000,0.0000,3.1726,36.2633,4.7168,0.37,1,0,0,0.37,-21.943050,-48.954090,10,0,-50
2026-08-31 01:33:11,#11,266,361,0.37,15.00,0.00,1013.22,-0.0000,-0.0000,0.0000,0.0000,3.1726,36.2633,4.7168,0.37,1,0,0,0.37,-21.943050,-48.954090,10,0,-50
2026-08-31 01:33:12,#11,281,362,0.44,15.00,0.00,1013.22,0.0000,0.0000,-0.0000,0.0000,3.2715,37.3936,5.2564,0.44,1,0,0,0.44,-21.943050,-48.954090,10,0,-50
2026-08-31 01:33:12,#11,281,363,0.44,15.00,0.00,1013.22,0.0000,0.0000,-0.0000,0.0000,3.2715,37.3936,5.2564,0.44,1,0,0,0.44,-21.943050,-48.954090,10,0,-50
2026-08-31 01:33:13,#11,493,364,2.62,15.00,0.00,1013.19,0.0000,0.0000,-0.0000,0.0037,4.5004,66.3873,16.2415,2.62,1,0,0,2.62,-21.943048,-48.954090,10,0,-50
2026-08-31 01:33:13,#11,493,365,2.62,15.00,0.00,1013.19,0.0000,0.0000,-0.0000,0.0037,4.5004,66.3873,16.2415,2.62,1,0,0,2.62,-21.943048,-48.954090,10,0,-50
2026-08-31 01:33:14,#11,493,366,2.62,15.00,0.00,1013.19,0.0000,0.0000,-0.0000,0.0037,4.5004,66.3873,16.2415,2.62,1,0,0,2.62,-21.943048,-48.954090,10,0,-50
2026-08-31 01:33:14,#11,493,367,2.62,15.00,0.00,1013.19,0.0000,0.0000,-0.0000,0.0037,4.5004,66.3873,16.2415,2.62,1,0,0,2.62,-21.943048,-48.954090,10,0,-50
2026-08-31 01:33:15,#11,534,368,3.34,15.00,0.00,1013.19,-0.0001,-0.0001,-0.0000,-0.0028,7.1840,72.3738,19.0728,3.34,1,0,0,3.34,-21.943047,-48.954090,10,0,-50
2026-08-31 01:33:15,#11,534,369,3.34,15.00,0.00,1013.19,-0.0001,-0.0001,-0.0000,-0.0028,7.1840,72.3738,19.0728,3.34,1,0,0,3.34,-21.943047,-48.954090,10,0,-50
2026-08-31 01:33:16,#11,534,370,3.34,15.00,0.00,1013.19,-0.0001,-0.0001,-0.0000,-0.0028,7.1840,72.3738,19.0728,3.34,1,0,0,3.34,-21.943047,-48.954090,10,0,-50
2026-08-31 01:33:16,#11,559,371,3.84,15.00,0.00,1013.18,-0.0002,-0.0002,-0.0000,-0.0030,7.4228,75.1357,20.9218,3.84,1,0,0,3.84,-21.943047,-48.954090,10,0,-50
2026-08-31 01:33:17,#11,559,372,3.84,15.00,0.00,1013.18,-0.0002,-0.0002,-0.0000,-0.0030,7.4228,75.1357,20.9218,3.84,1,0,0,3.84,-21.943047,-48.954090,10,0,-50
2026-08-31 01:33:17,#11,559,373,3.84,15.00,0.00,1013.18,-0.0002,-0.0002,-0.0000,-0.0030,7.4228,75.1357,20.9218,3.84,1,0,0,3.84,-21.943047,-48.954090,10,0,-50
2026-08-31 01:33:18,#11,560,374,3.86,15.00,0.00,1013.18,-0.0002,-0.0002,-0.0000,-0.0030,7.4310,75.2294,20.9652,3.86,1,0,0,3.86,-21.943047,-48.954090,10,0,-50
2026-08-31 01:33:18,#11,560,375,3.86,15.00,0.00,1013.18,-0.0002,-0.0002,-0.0000,-0.0030,7.4310,75.2294,20.9652,3.86,1,0,0,3.86,-21.943047,-48.954090,10,0,-50
2026-08-31 01:33:19,#11,560,376,3.86,15.00,0.00,1013.18,-0.0002,-0.0002,-0.0000,-0.0030,7.4310,75.2294,20.9652,3.86,1,0,0,3.86,-21.943047,-48.954090,10,0,-50
2026-08-31 01:33:19,#11,2109,377,148.66,14.99,0.00,1013.00,-0.0065,-0.0067,-0.0000,-0.0229,1.4701,4.9056,140.0893,148.66,1,0,0,148.66,-21.942916,-48.954090,10,0,-50
2026-08-31 01:33:20,#11,2109,378,148.66,14.99,0.00,1013.00,-0.0065,-0.0067,-0.0000,-0.0229,1.4701,4.9056,140.0893,148.66,1,0,0,148.66,-21.942916,-48.954090,10,0,-50
2026-08-31 01:33:20,#11,2109,379,148.66,14.99,0.00,1013.00,-0.0065,-0.0067,-0.0000,-0.0229,1.4701,4.9056,140.0893,148.66,1,0,0,148.66,-21.942916,-48.954090,10,0,-50
2026-08-31 01:33:21,#11,5260,380,531.89,14.97,0.00,1012.63,-0.0090,-0.0093,-0.0000,-0.0109,-0.5577,-13.7664,98.4480,531.89,1,0,0,531.89,-21.942511,-48.954092,10,0,-50
2026-08-31 01:33:21,#11,5260,381,531.89,14.97,0.00,1012.63,-0.0090,-0.0093,-0.0000,-0.0109,-0.5577,-13.7664,98.4480,531.89,1,0,0,531.89,-21.942511,-48.954092,10,0,-50
2026-08-31 01:33:22,#11,5260,382,531.89,14.97,0.00,1012.63,-0.0090,-0.0093,-0.0000,-0.0109,-0.5577,-13.7664,98.4480,531.89,1,0,0,531.89,-21.942511,-48.954092,10,0,-50
2026-08-31 01:33:22,#11,11211,383,903.56,14.93,0.00,1011.93,-0.0661,-0.0676,-0.0000,-0.0022,-0.2066,-10.1236,29.9654,903.56,1,0,0,903.56,-21.941861,-48.954097,10,0,-50
2026-08-31 01:33:23,#11,11593,384,914.28,14.92,0.00,1011.89,-0.0803,-0.0821,-0.0000,-0.0017,-0.2018,-10.0313,26.1102,914.28,1,0,0,914.28,-21.941823,-48.954098,10,0,-50
2026-08-31 01:33:23,#11,11593,385,914.28,14.92,0.00,1011.89,-0.0803,-0.0821,-0.0000,-0.0017,-0.2018,-10.0313,26.1102,914.28,1,0,0,914.28,-21.941823,-48.954098,10,0,-50
2026-08-31 01:33:24,#11,11593,386,914.28,14.92,0.00,1011.89,-0.0803,-0.0821,-0.0000,-0.0017,-0.2018,-10.0313,26.1102,914.28,1,0,0,914.28,-21.941823,-48.954098,10,0,-50
2026-08-31 01:33:24,#11,11593,387,914.28,14.92,0.00,1011.89,-0.0803,-0.0821,-0.0000,-0.0017,-0.2018,-10.0313,26.1102,914.28,1,0,0,914.28,-21.941823,-48.954098,10,0,-50
2026-08-31 01:33:25,#11,17481,388,922.72,14.89,0.00,1011.20,-0.7704,-0.7896,-0.0019,0.0137,-1.2592,-0.0660,-8.7958,922.72,5,0,0,922.72,-21.941362,-48.954103,10,1,-50
2026-08-31 01:33:25,#11,2,1,0.00,15.00,0.00,1013.25,0.0000,0.0000,-0.0000,0.0000,0.0000,0.0000,0.0000,0.00,0,0,0,0.00,-21.943050,-48.954090,10,0,-50
2026-08-31 01:33:26,#11,2,2,0.00,15.00,0.00,1013.25,0.0000,0.0000,-0.0000,0.0000,0.0000,0.0000,0.0000,0.00,0,0,0,0.00,-21.943050,-48.954090,10,0,-50
2026-08-31 01:33:26,#11,2,3,0.00,15.00,0.00,1013.25,0.0000,0.0000,-0.0000,0.0000,0.0000,0.0000,0.0000,0.00,0,0,0,0.00,-21.943050,-48.954090,10,0,-50
2026-08-31 01:33:27,#11,2,4,0.00,15.00,0.00,1013.25,0.0000,0.0000,-0.0000,0.0000,0.0000,0.0000,0.0000,0.00,0,0,0,0.00,-21.943050,-48.954090,10,0,-50
2026-08-31 01:33:27,#11,2,5,0.00,15.00,0.00,1013.25,0.0000,0.0000,-0.0000,0.0000,0.0000,0.0000,0.0000,0.00,0,0,0,0.00,-21.943050,-48.954090,10,0,-50
2026-08-31 01:33:28,#11,3,6,0.00,15.00,0.00,1013.25,0.0000,0.0000,0.0000,0.0000,0.0000,0.0000,0.0000,0.00,0,0,0,0.00,-21.943050,-48.954090,10,0,-50
2026-08-31 01:33:28,#11,3,7,0.00,15.00,0.00,1013.25,0.0000,0.0000,0.0000,0.0000,0.0000,0.0000,0.0000,0.00,0,0,0,0.00,-21.943050,-48.954090,10,0,-50
2026-08-31 01:33:29,#11,3,8,-0.00,15.00,0.00,1013.25,-0.0000,-0.0000,0.0000,-0.0000,-0.0000,-0.0000,-0.0000,0.00,0,0,0,-0.00,-21.943050,-48.954090,10,0,-50
2026-08-31 01:33:29,#11,3,9,-0.00,15.00,0.00,1013.25,-0.0000,-0.0000,0.0000,-0.0000,-0.0000,-0.0000,-0.0000,0.00,0,0,0,-0.00,-21.943050,-48.954090,10,0,-50
2026-08-31 01:33:30,#11,3,10,-0.00,15.00,0.00,1013.25,-0.0000,-0.0000,0.0000,-0.0000,-0.0000,-0.0000,-0.0000,0.00,0,0,0,-0.00,-21.943050,-48.954090,10,0,-50
2026-08-31 01:33:30,#11,3,11,-0.00,15.00,0.00,1013.25,-0.0000,-0.0000,0.0000,-0.0000,-0.0000,-0.0000,-0.0000,0.00,0,0,0,-0.00,-21.943050,-48.954090,10,0,-50
2026-08-31 01:33:31,#11,3,12,-0.00,15.00,0.00,1013.25,-0.0000,-0.0000,0.0000,-0.0000,-0.0000,-0.0000,-0.0000,0.00,0,0,0,-0.00,-21.943050,-48.954090,10,0,-50
2026-08-31 01:33:31,#11,3,13,-0.00,15.00,0.00,1013.25,-0.0000,-0.0000,0.0000,-0.0000,-0.0000,-0.0000,-0.0000,0.00,0,0,0,-0.00,-21.943050,-48.954090,10,0,-50
2026-08-31 01:33:32,#11,4,14,-0.00,15.00,0.00,1013.25,-0.0000,-0.0000,0.0000,-0.0000,-0.0000,-0.0000,-0.0000,0.00,0,0,0,-0.00,-21.943050,-48.954090,10,0,-50
2026-08-31 01:33:32,#11,4,15,-0.00,15.00,0.00,1013.25,-0.0000,-0.0000,0.0000,-0.0000,-0.0000,-0.0000,-0.0000,0.00,0,0,0,-0.00,-21.943050,-48.954090,10,0,-50
2026-08-31 01:33:33,#11,4,16,-0.00,15.00,0.00,1013.25,-0.0000,-0.0000,0.0000,-0.0000,-0.0000,-0.0000,-0.0000,0.00,0,0,0,-0.00,-21.943050,-48.954090,10,0,-50
2026-08-31 01:33:33,#11,4,17,-0.00,15.00,0.00,1013.25,-0.0000,-0.0000,0.0000,-0.0000,-0.0000,-0.0000,-0.0000,0.00,0,0,0,-0.00,-21.943050,-48.954090,10,0,-50
2026-08-31 01:33:34,#11,4,18,-0.00,15.00,0.00,1013.25,-0.0000,-0.0000,0.0000,-0.0000,-0.0000,-0.0000,-0.0000,0.00,0,0,0,-0.00,-21.943050,-48.954090,10,0,-50
2026-08-31 01:33:34,#11,4,19,-0.00,15.00,0.00,1013.25,-0.0000,-0.0000,0.0000,-0.0000,-0.0000,-0.0000,-0.0000,0.00,0,0,0,-0.00,-21.943050,-48.954090,10,0,-50
2026-08-31 01:33:35,#11,4,20,-0.00,15.00,0.00,1013.25,-0.0000,-0.0000,0.0000,-0.0000,-0.0000,-0.0000,-0.0000,0.00,0,0,0,-0.00,-21.943050,-48.954090,10,0,-50
2026-08-31 01:33:35,#11,4,21,-0.00,15.00,0.00,1013.25,-0.0000,-0.0000,0.0000,-0.0000,-0.0000,-0.0000,-0.0000,0.00,0,0,0,-0.00,-21.943050,-48.954090,10,0,-50
2026-08-31 01:33:36,#11,4,22,-0.00,15.00,0.00,1013.25,-0.0000,-0.0000,0.0000,-0.0000,-0.0000,-0.0000,-0.0000,0.00,0,0,0,-0.00,-21.943050,-48.954090,10,0,-50
2026-08-31 01:33:36,#11,5,23,-0.00,15.00,0.00,1013.25,-0.0000,-0.0000,0.0000,-0.0000,-0.0000,-0.0000,-0.0000,0.00,0,0,0,-0.00,-21.943050,-48.954090,10,0,-50
2026-08-31 01:33:37,#11,5,24,-0.00,15.00,0.00,1013.25,-0.0000,-0.0000,0.0000,-0.0000,-0.0000,-0.0000,-0.0000,0.00,0,0,0,-0.00,-21.943050,-48.954090,10,0,-50
2026-08-31 01:33:37,#11,5,25,-0.00,15.00,0.00,1013.25,-0.0000,-0.0000,0.0000,-0.0000,-0.0000,-0.0000,-0.0000,0.00,0,0,0,-0.00,-21.943050,-48.954090,10,0,-50
2026-08-31 01:33:38,#11,5,26,-0.00,15.00,0.00,1013.25,-0.0000,-0.0000,0.0000,-0.0000,-0.0000,-0.0000,-0.0000,0.00,0,0,0,-0.00,-21.943050,-48.954090,10,0,-50
2026-08-31 01:33:38,#11,5,27,-0.00,15.00,0.00,1013.25,-0.0000,-0.0000,0.0000,-0.0000,-0.0000,-0.0000,-0.0000,0.00,0,0,0,-0.00,-21.943050,-48.954090,10,0,-50
2026-08-31 01:33:39,#11,5,28,-0.00,15.00,0.00,1013.25,-0.0000,-0.0000,0.0000,-0.0000,-0.0000,-0.0000,-0.0000,0.00,0,0,0,-0.00,-21.943050,-48.954090,10,0,-50
2026-08-31 01:33:39,#11,5,29,-0.00,15.00,0.00,1013.25,-0.0000,-0.0000,0.0000,-0.0000,-0.0000,-0.0000,-0.0000,0.00,0,0,0,-0.00,-21.943050,-48.954090,10,0,-50
2026-08-31 01:33:40,#11,5,30,-0.00,15.00,0.00,1013.25,-0.0000,-0.0000,0.0000,-0.0000,-0.0000,-0.0000,-0.0000,0.00,0,0,0,-0.00,-21.943050,-48.954090,10,0,-50
2026-08-31 01:33:40,#11,5,31,-0.00,15.00,0.00,1013.25,-0.0000,-0.0000,0.0000,-0.0000,-0.0000,-0.0000,-0.0000,0.00,0,0,0,-0.00,-21.943050,-48.954090,10,0,-50
2026-08-31 01:33:41,#11,5,32,-0.00,15.00,0.00,1013.25,-0.0000,-0.0000,0.0000,-0.0000,-0.0000,-0.0000,-0.0000,0.00,0,0,0,-0.00,-21.943050,-48.954090,10,0,-50
2026-08-31 01:33:41,#11,5,33,-0.00,15.00,0.00,1013.25,-0.0000,-0.0000,0.0000,-0.0000,-0.0000,-0.0000,-0.0000,0.00,0,0,0,-0.00,-21.943050,-48.954090,10,0,-50
2026-08-31 01:33:42,#11,5,34,-0.00,15.00,0.00,1013.25,-0.0000,-0.0000,0.0000,-0.0000,-0.0000,-0.0000,-0.0000,0.00,0,0,0,-0.00,-21.943050,-48.954090,10,0,-50
2026-08-31 01:33:42,#11,5,35,-0.00,15.00,0.00,1013.25,-0.0000,-0.0000,0.0000,-0.0000,-0.0000,-0.0000,-0.0000,0.00,0,0,0,-0.00,-21.943050,-48.954090,10,0,-50
2026-08-31 01:33:43,#11,5,36,-0.00,15.00,0.00,1013.25,-0.0000,-0.0000,0.0000,-0.0000,-0.0000,-0.0000,-0.0000,0.00,0,0,0,-0.00,-21.943050,-48.954090,10,0,-50
